H,N,first_t,last_t,b_re,b_dd,b_dp,sum,kappa,dpbar
1,1117,1927-12-31,2020-12-31,0.069206,0.139592,0.791859,1.000658,0.964228,-3.294162
2,1105,1927-12-31,2019-12-31,0.151507,0.210736,0.638361,1.000605,0.964228,-3.294162
3,1093,1927-12-31,2018-12-31,0.210828,0.231312,0.558096,1.000237,0.964228,-3.294162
4,1081,1927-12-31,2017-12-31,0.277717,0.236857,0.485328,0.999902,0.964228,-3.294162
5,1069,1927-12-31,2016-12-31,0.357744,0.233295,0.408258,0.999298,0.964228,-3.294162
6,1057,1927-12-31,2015-12-31,0.398850,0.234747,0.365184,0.998780,0.964228,-3.294162
7,1045,1927-12-31,2014-12-31,0.443777,0.229220,0.325377,0.998374,0.964228,-3.294162
8,1033,1927-12-31,2013-12-31,0.513931,0.238978,0.245336,0.998245,0.964228,-3.294162
9,1021,1927-12-31,2012-12-31,0.577413,0.225394,0.195612,0.998419,0.964228,-3.294162
10,1009,1927-12-31,2011-12-31,0.619352,0.208591,0.171027,0.998970,0.964228,-3.294162
11,997,1927-12-31,2010-12-31,0.680735,0.214310,0.104139,0.999184,0.964228,-3.294162
12,985,1927-12-31,2009-12-31,0.741937,0.237660,0.019694,0.999291,0.964228,-3.294162
13,973,1927-12-31,2008-12-31,0.767377,0.257341,-0.025557,0.999162,0.964228,-3.294162
14,961,1927-12-31,2007-12-31,0.777093,0.269941,-0.048017,0.999017,0.964228,-3.294162
15,949,1927-12-31,2006-12-31,0.772027,0.280687,-0.053900,0.998814,0.964228,-3.294162
