H,b_re,b_dd,b_dp,sum,N
1,0.071272,0.134360,0.794929,1.000562,1117
2,0.147970,0.203024,0.649233,1.000227,1117
3,0.205234,0.250530,0.544175,0.999940,1117
4,0.251799,0.291358,0.456578,0.999735,1117
5,0.290984,0.326097,0.382485,0.999566,1117
6,0.323885,0.355198,0.320341,0.999424,1117
7,0.351442,0.379549,0.268314,0.999304,1117
8,0.374520,0.399943,0.224741,0.999204,1117
9,0.393850,0.417027,0.188244,0.999120,1117
10,0.410041,0.431336,0.157674,0.999050,1117
11,0.423602,0.443321,0.132068,0.998991,1117
12,0.434962,0.453360,0.110621,0.998942,1117
13,0.444476,0.461769,0.092656,0.998901,1117
14,0.452446,0.468812,0.077609,0.998866,1117
15,0.459121,0.474711,0.065005,0.998837,1117
