H,n_obs,first_t,last_t,b,r2,r2_adj
1,1117,1927-12-31,2020-12-31,2.803803,0.046517,0.045662
2,1105,1927-12-31,2019-12-31,2.685770,0.091688,0.090864
3,1093,1927-12-31,2018-12-31,2.390331,0.120244,0.119437
4,1081,1927-12-31,2017-12-31,2.417256,0.179621,0.178861
5,1069,1927-12-31,2016-12-31,2.400605,0.254858,0.254159
6,1057,1927-12-31,2015-12-31,2.122872,0.282027,0.281346
7,1045,1927-12-31,2014-12-31,1.977577,0.311542,0.310882
8,1033,1927-12-31,2013-12-31,1.959687,0.349521,0.348890
9,1021,1927-12-31,2012-12-31,1.910924,0.358949,0.358320
10,1009,1927-12-31,2011-12-31,1.838110,0.362126,0.361493
11,997,1927-12-31,2010-12-31,1.861765,0.387513,0.386898
12,985,1927-12-31,2009-12-31,1.882308,0.419421,0.418831
13,973,1927-12-31,2008-12-31,1.840638,0.434631,0.434049
14,961,1927-12-31,2007-12-31,1.771026,0.443804,0.443225
15,949,1927-12-31,2006-12-31,1.644733,0.421902,0.421292
