target,origin,n_est,xR,xRbar,E_IS,E_OS,a_t,b_t
1940-12-31,1939-12-31,133,-0.071807,0.065946,0.095360,0.015389,-0.257944,6.045333
1941-01-31,1940-01-31,134,-0.085717,0.065927,0.099052,0.024052,-0.256374,6.026677
1941-02-28,1940-02-29,135,-0.111781,0.065755,0.100450,0.027590,-0.255130,6.011571
1941-03-31,1940-03-31,136,-0.122231,0.066699,0.098507,0.024981,-0.252393,5.986096
1941-04-30,1940-04-30,137,-0.167381,0.067653,0.099753,0.029176,-0.249705,5.961466
1941-05-31,1940-05-31,138,0.074329,0.066522,0.144502,0.123796,-0.251251,5.977732
1941-06-30,1940-06-30,139,0.062005,0.066122,0.135207,0.103925,-0.251362,5.978665
1941-07-31,1940-07-31,140,0.084760,0.065303,0.130987,0.094646,-0.252164,5.987676
1941-08-31,1940-08-31,141,0.060340,0.065062,0.132770,0.098525,-0.252032,5.986617
1941-09-30,1940-09-30,142,0.028694,0.063986,0.130511,0.093260,-0.253466,6.003836
1941-10-31,1940-10-31,143,-0.044647,0.063123,0.127312,0.086127,-0.254343,6.014315
1941-11-30,1940-11-30,144,-0.046487,0.062398,0.132172,0.096162,-0.255096,6.020544
1941-12-31,1940-12-31,145,-0.092211,0.061543,0.132477,0.096271,-0.256085,6.028120
1942-01-31,1941-01-31,146,-0.049850,0.060611,0.140086,0.111951,-0.257162,6.034638
1942-02-28,1941-02-28,147,-0.057219,0.059527,0.144646,0.120914,-0.258441,6.041441
1942-03-31,1941-03-31,148,-0.114839,0.058391,0.146406,0.123860,-0.259855,6.050377
1942-04-30,1941-04-30,149,-0.103537,0.056989,0.155912,0.143268,-0.261636,6.060512
1942-05-31,1941-05-31,150,-0.072283,0.057096,0.156126,0.143242,-0.261372,6.049251
1942-06-30,1941-06-30,151,-0.100641,0.057126,0.150042,0.129775,-0.261273,6.042445
1942-07-31,1941-07-31,152,-0.120050,0.057295,0.141323,0.110950,-0.261268,6.041820
1942-08-31,1941-08-31,153,-0.107221,0.057313,0.143705,0.115805,-0.261208,6.036378
1942-09-30,1941-09-30,154,-0.082228,0.057141,0.146821,0.122008,-0.261143,6.027433
1942-10-31,1941-10-31,155,0.020028,0.056531,0.158457,0.145929,-0.261142,6.011287
1942-11-30,1941-11-30,156,0.040269,0.055918,0.167890,0.164818,-0.260917,5.989309
1942-12-31,1941-12-31,157,0.139433,0.055041,0.184016,0.197318,-0.260600,5.959861
1943-01-31,1942-01-31,158,0.204690,0.054424,0.182282,0.191804,-0.259937,5.927174
1943-02-28,1942-02-28,159,0.304932,0.053771,0.187135,0.199860,-0.258952,5.886269
1943-03-31,1942-03-31,160,0.469471,0.052791,0.204573,0.233086,-0.257496,5.828756
1943-04-30,1942-04-30,161,0.543548,0.051888,0.216398,0.253410,-0.255264,5.755336
1943-05-31,1942-05-31,162,0.544469,0.051174,0.198710,0.213875,-0.253356,5.692779
1943-06-30,1942-06-30,163,0.534568,0.050306,0.192798,0.198859,-0.251779,5.635352
1943-07-31,1942-07-31,164,0.426268,0.049338,0.185057,0.180803,-0.250845,5.590927
1943-08-31,1942-08-31,165,0.426467,0.048454,0.177051,0.162520,-0.249799,5.545669
1943-09-30,1942-09-30,166,0.422214,0.047720,0.172233,0.150910,-0.248673,5.501519
1943-10-31,1942-10-31,167,0.325005,0.047565,0.157560,0.120960,-0.247646,5.469085
1943-11-30,1942-11-30,168,0.254894,0.047525,0.151395,0.107803,-0.246348,5.431820
1943-12-31,1942-12-31,169,0.269465,0.048032,0.140425,0.086213,-0.245782,5.417091
1944-01-31,1943-01-31,170,0.206155,0.048893,0.128801,0.064077,-0.246423,5.433925
1944-02-29,1943-02-28,171,0.142385,0.050292,0.119358,0.046665,-0.248763,5.493978
1944-03-31,1943-03-31,172,0.106178,0.052570,0.111022,0.031702,-0.254747,5.638769
1944-04-30,1943-04-30,173,0.080381,0.055224,0.109655,0.030406,-0.262665,5.825037
1944-05-31,1943-05-31,174,0.071782,0.057855,0.103154,0.018130,-0.269381,5.990606
1944-06-30,1943-06-30,175,0.107797,0.060404,0.101840,0.016490,-0.275306,6.139823
1944-07-31,1943-07-31,176,0.145203,0.062350,0.108268,0.031629,-0.278857,6.232467
1944-08-31,1943-08-31,177,0.147152,0.064277,0.106966,0.029839,-0.282000,6.318509
1944-09-30,1943-09-30,178,0.122210,0.066160,0.106140,0.029080,-0.284794,6.397934
1944-10-31,1943-10-31,179,0.136921,0.067516,0.107027,0.031964,-0.286027,6.440318
1944-11-30,1943-11-30,180,0.228915,0.068492,0.118762,0.059613,-0.286632,6.464571
1944-12-31,1943-12-31,181,0.200522,0.069533,0.110536,0.041484,-0.286902,6.486454
1945-01-31,1944-01-31,182,0.202917,0.070237,0.108704,0.037895,-0.286683,6.495041
1945-02-28,1944-02-29,183,0.270080,0.070607,0.110223,0.041846,-0.286315,6.496336
1945-03-31,1944-03-31,184,0.195365,0.070789,0.107852,0.036699,-0.285873,6.494391
1945-04-30,1944-04-30,185,0.306815,0.070837,0.110207,0.042371,-0.285579,6.492862
1945-05-31,1944-05-31,186,0.265011,0.070842,0.106180,0.033304,-0.285151,6.489415
1945-06-30,1944-06-30,187,0.204537,0.071028,0.100589,0.020855,-0.284332,6.482455
1945-07-31,1944-07-31,188,0.198854,0.071399,0.102680,0.026280,-0.283510,6.477606
1945-08-31,1944-08-31,189,0.250955,0.071775,0.104018,0.029983,-0.282615,6.471768
1945-09-30,1944-09-30,190,0.308424,0.072025,0.102783,0.027616,-0.281894,6.466791
1945-10-31,1944-10-31,191,0.355101,0.072345,0.103475,0.029755,-0.281102,6.461649
1945-11-30,1944-11-30,192,0.404431,0.073112,0.105818,0.036001,-0.280378,6.464116
1945-12-31,1944-12-31,193,0.368197,0.073734,0.099917,0.023221,-0.279327,6.459259
1946-01-31,1945-01-31,194,0.421831,0.074361,0.097602,0.018751,-0.278154,6.452592
1946-02-28,1945-02-28,195,0.267737,0.075306,0.090860,0.004443,-0.276628,6.445258
1946-03-31,1945-03-31,196,0.389822,0.075884,0.096571,0.018395,-0.275484,6.438235
1946-04-30,1945-04-30,197,0.341433,0.076989,0.087653,-0.000694,-0.273738,6.429834
1946-05-31,1945-05-31,198,0.370369,0.077884,0.089186,0.004067,-0.271962,6.417492
1946-06-30,1945-06-30,199,0.316076,0.078484,0.086972,0.000031,-0.270293,6.402388
1946-07-31,1945-07-31,200,0.293494,0.079052,0.089775,0.007358,-0.268842,6.390276
1946-08-31,1945-08-31,201,0.149496,0.079859,0.083328,-0.006123,-0.267056,6.376262
1946-09-30,1945-09-30,202,0.003755,0.080927,0.078675,-0.015106,-0.264683,6.356529
1946-10-31,1945-10-31,203,-0.040857,0.082202,0.074821,-0.021984,-0.262006,6.334953
1946-11-30,1945-11-30,204,-0.082158,0.083694,0.070413,-0.029881,-0.259229,6.315307
1946-12-31,1945-12-31,205,-0.055083,0.085005,0.068364,-0.032387,-0.256080,6.286074
1947-01-31,1946-01-31,206,-0.092914,0.086550,0.063189,-0.041373,-0.252144,6.246920
1947-02-28,1946-02-28,207,-0.054320,0.087378,0.069928,-0.024611,-0.249160,6.212740
1947-03-31,1946-03-31,208,-0.109618,0.088752,0.064829,-0.033530,-0.245497,6.175353
1947-04-30,1946-04-30,209,-0.172346,0.089896,0.061586,-0.038161,-0.241320,6.125125
1947-05-31,1946-05-31,210,-0.205643,0.091159,0.057690,-0.043983,-0.237025,6.074581
1947-06-30,1946-06-30,211,-0.147445,0.092168,0.062075,-0.032203,-0.233196,6.028117
1947-07-31,1946-07-31,212,-0.104489,0.093066,0.066019,-0.021823,-0.230000,5.990854
1947-08-31,1946-08-31,213,-0.064809,0.093317,0.074014,-0.003770,-0.228145,5.967328
1947-09-30,1946-09-30,214,0.024872,0.092921,0.087752,0.025455,-0.228181,5.967807
1947-10-31,1946-10-31,215,0.061357,0.092332,0.091271,0.032694,-0.228804,5.976328
1947-11-30,1946-11-30,216,0.044585,0.091566,0.090732,0.031078,-0.230014,5.993382
1947-12-31,1946-12-31,217,0.025042,0.090926,0.092229,0.034026,-0.230690,6.003024
1948-01-31,1947-01-31,218,-0.021267,0.090127,0.091542,0.032119,-0.231916,6.020994
1948-02-29,1947-02-28,219,-0.049473,0.089501,0.097028,0.043660,-0.232591,6.030532
1948-03-31,1947-03-31,220,0.033536,0.088643,0.100587,0.050835,-0.234115,6.052707
1948-04-30,1947-04-30,221,0.116243,0.087523,0.108729,0.067726,-0.236739,6.091475
1948-05-31,1947-05-31,222,0.199980,0.086270,0.114733,0.080075,-0.239950,6.139736
1948-06-30,1947-06-30,223,0.142828,0.085276,0.109977,0.069131,-0.242011,6.170118
1948-07-31,1947-07-31,224,0.051432,0.084471,0.105273,0.058388,-0.243329,6.189139
1948-08-31,1947-08-31,225,0.071975,0.083842,0.110544,0.069778,-0.244132,6.200145
1948-09-30,1947-09-30,226,0.050431,0.083594,0.114430,0.078394,-0.244072,6.199437
1948-10-31,1947-10-31,227,0.081505,0.083501,0.111666,0.072434,-0.243730,6.195693
1948-11-30,1947-11-30,228,0.009939,0.083339,0.123602,0.098881,-0.243544,6.193634
1948-12-31,1947-12-31,229,0.010838,0.083097,0.121884,0.095068,-0.243588,6.194103
1949-01-31,1948-01-31,230,0.054400,0.082666,0.128899,0.110383,-0.244070,6.199351
1949-02-28,1948-02-29,231,0.072698,0.082122,0.138272,0.130787,-0.244807,6.206224
1949-03-31,1948-03-31,232,0.030281,0.081923,0.129750,0.111869,-0.244907,6.207023
1949-04-30,1948-04-30,233,-0.023216,0.082063,0.125182,0.101970,-0.244652,6.206294
1949-05-31,1948-05-31,234,-0.116896,0.082542,0.114388,0.078597,-0.244242,6.208419
1949-06-30,1948-06-30,235,-0.116402,0.082786,0.118365,0.087719,-0.243898,6.207848
1949-07-31,1948-07-31,236,-0.019764,0.082660,0.125428,0.103326,-0.243941,6.208085
1949-08-31,1948-08-31,237,0.002583,0.082617,0.129620,0.112615,-0.243934,6.208078
1949-09-30,1948-09-30,238,0.065595,0.082488,0.137609,0.130178,-0.244031,6.207620
1949-10-31,1948-10-31,239,0.034512,0.082484,0.130955,0.115484,-0.243995,6.207632
1949-11-30,1948-11-30,240,0.165038,0.082196,0.153075,0.164000,-0.244073,6.201870
1949-12-31,1948-12-31,241,0.185299,0.081914,0.150679,0.158286,-0.244186,6.197227
1950-01-31,1949-01-31,242,0.202335,0.081806,0.150737,0.158113,-0.244155,6.192097
1950-02-28,1949-02-28,243,0.256957,0.081770,0.161282,0.181017,-0.243976,6.183932
1950-03-31,1949-03-31,244,0.222336,0.081569,0.156182,0.169315,-0.243913,6.176188
1950-04-30,1949-04-30,245,0.294772,0.081161,0.161184,0.179671,-0.243971,6.167387
1950-05-31,1949-05-31,246,0.389623,0.080394,0.169949,0.198108,-0.244624,6.164759
1950-06-30,1949-06-30,247,0.311839,0.079634,0.171929,0.201499,-0.245083,6.157819
1950-07-31,1949-07-31,248,0.253374,0.079251,0.160947,0.176751,-0.245127,6.149286
1950-08-31,1949-08-31,249,0.278279,0.078958,0.159733,0.173497,-0.245047,6.139434
1950-09-30,1949-09-30,250,0.297341,0.078907,0.152545,0.157405,-0.244874,6.131407
1950-10-31,1949-10-31,251,0.252207,0.078738,0.144148,0.138654,-0.244791,6.123889
1950-11-30,1949-11-30,252,0.265198,0.079065,0.152557,0.157068,-0.244839,6.125368
1950-12-31,1949-12-31,253,0.262582,0.079466,0.144022,0.138624,-0.245045,6.131859
1951-01-31,1950-01-31,254,0.300805,0.079928,0.141671,0.133775,-0.245354,6.141650
1951-02-28,1950-02-28,255,0.297664,0.080591,0.141813,0.134611,-0.246083,6.161935
1951-03-31,1950-03-31,256,0.259428,0.081120,0.140602,0.132293,-0.246513,6.174544
1951-04-30,1950-04-30,257,0.267200,0.081914,0.133435,0.117176,-0.247559,6.203662
1951-05-31,1950-05-31,258,0.194187,0.083053,0.132139,0.115425,-0.249697,6.259445
1951-06-30,1950-06-30,259,0.237650,0.083898,0.142571,0.139460,-0.250941,6.291528
1951-07-31,1950-07-31,260,0.301295,0.084521,0.141112,0.136636,-0.251566,6.308981
1951-08-31,1950-08-31,261,0.297083,0.085230,0.145490,0.147132,-0.252384,6.332139
1951-09-30,1950-09-30,262,0.248100,0.086005,0.140720,0.137119,-0.253227,6.358247
1951-10-31,1950-10-31,263,0.223072,0.086609,0.142000,0.140589,-0.253661,6.374465
1951-11-30,1950-11-30,264,0.200434,0.087256,0.154431,0.169509,-0.254287,6.393818
1951-12-31,1950-12-31,265,0.177052,0.087889,0.146817,0.152787,-0.254749,6.411172
1952-01-31,1951-01-31,266,0.133087,0.088655,0.138485,0.134520,-0.255280,6.432908
1952-02-29,1951-02-28,267,0.092906,0.089404,0.140350,0.139576,-0.255800,6.454067
1952-03-31,1951-03-31,268,0.164720,0.090011,0.146187,0.153630,-0.256160,6.469494
1952-04-30,1951-04-30,269,0.058626,0.090642,0.137967,0.135305,-0.256322,6.482795
1952-05-31,1951-05-31,270,0.117651,0.091009,0.147618,0.157960,-0.256379,6.489030
1952-06-30,1951-06-30,271,0.189193,0.091527,0.153299,0.171616,-0.256699,6.501610
1952-07-31,1951-07-31,272,0.121207,0.092266,0.141441,0.144893,-0.257190,6.522104
1952-08-31,1951-08-31,273,0.068775,0.092984,0.134994,0.130571,-0.257793,6.543637
1952-09-30,1951-09-30,274,0.041762,0.093527,0.133764,0.128165,-0.258102,6.556806
1952-10-31,1951-10-31,275,0.062257,0.093978,0.139548,0.142054,-0.258350,6.566803
1952-11-30,1951-11-30,276,0.117728,0.094348,0.128377,0.115995,-0.258503,6.571337
1952-12-31,1951-12-31,277,0.112775,0.094634,0.121615,0.100219,-0.258583,6.574087
1953-01-31,1952-01-31,278,0.093630,0.094767,0.118903,0.093833,-0.258567,6.573336
1953-02-28,1952-02-29,279,0.121050,0.094760,0.127327,0.113375,-0.258425,6.567136
1953-03-31,1952-03-31,280,0.058500,0.095000,0.120316,0.096982,-0.258456,6.568206
1953-04-30,1952-04-30,281,0.084567,0.094876,0.129176,0.117412,-0.258286,6.559590
1953-05-31,1952-05-31,282,0.056214,0.094953,0.125475,0.108578,-0.258089,6.552946
1953-06-30,1952-06-30,283,-0.001246,0.095273,0.120029,0.095910,-0.258183,6.555778
1953-07-31,1952-07-31,284,0.012351,0.095360,0.119586,0.094783,-0.258110,6.552733
1953-08-31,1952-08-31,285,-0.024041,0.095271,0.120079,0.095711,-0.258030,6.547092
1953-09-30,1952-09-30,286,-0.001652,0.095091,0.124461,0.105622,-0.257947,6.539826
1953-10-31,1952-10-31,287,0.049015,0.094981,0.125373,0.107447,-0.257755,6.530996
1953-11-30,1952-11-30,288,0.016783,0.095057,0.116945,0.087828,-0.257753,6.531185
1953-12-31,1952-12-31,289,-0.012256,0.095116,0.112902,0.078457,-0.257723,6.531527
1954-01-31,1953-01-31,290,0.039610,0.095111,0.112189,0.076802,-0.257719,6.531541
1954-02-28,1953-02-28,291,0.059347,0.095197,0.114809,0.082935,-0.257713,6.532009
1954-03-31,1953-03-31,292,0.112791,0.095076,0.117507,0.089093,-0.257806,6.531348
1954-04-30,1953-04-30,293,0.192798,0.095042,0.121198,0.097579,-0.257812,6.529419
1954-05-31,1953-05-31,294,0.223227,0.094915,0.121415,0.097907,-0.257871,6.527233
1954-06-30,1953-06-30,295,0.261434,0.094601,0.125387,0.106823,-0.258116,6.525706
1954-07-31,1953-07-31,296,0.291020,0.094334,0.121547,0.097612,-0.258330,6.524597
1954-08-31,1953-08-31,297,0.325449,0.093951,0.130026,0.116934,-0.258628,6.522698
1954-09-30,1953-09-30,298,0.406949,0.093643,0.130546,0.117772,-0.258774,6.518753
1954-10-31,1953-10-31,299,0.324394,0.093499,0.122438,0.098725,-0.258839,6.516390
1954-11-30,1953-11-30,300,0.407044,0.093253,0.121162,0.095530,-0.259068,6.516357
1954-12-31,1953-12-31,301,0.485361,0.092916,0.123602,0.100909,-0.259452,6.518060
1955-01-31,1954-01-31,302,0.420768,0.092747,0.116260,0.083727,-0.259609,6.518847
1955-02-28,1954-02-28,303,0.441300,0.092641,0.114629,0.079865,-0.259689,6.519053
1955-03-31,1954-03-31,304,0.389464,0.092704,0.110354,0.070012,-0.259607,6.519142
1955-04-30,1954-04-30,305,0.371295,0.093020,0.104653,0.057066,-0.259398,6.521224
1955-05-31,1954-05-31,306,0.345535,0.093430,0.101820,0.050879,-0.259132,6.524064
1955-06-30,1954-06-30,307,0.417664,0.093956,0.101605,0.050849,-0.258968,6.530542
1955-07-31,1954-07-31,308,0.373587,0.094572,0.095217,0.036567,-0.258572,6.534951
1955-08-31,1954-08-31,309,0.412806,0.095291,0.101189,0.051083,-0.258602,6.548239
1955-09-30,1954-09-30,310,0.321214,0.096259,0.093126,0.033016,-0.258683,6.567278
1955-10-31,1954-10-31,311,0.309745,0.096965,0.095998,0.040414,-0.258281,6.573199
1955-11-30,1954-11-30,312,0.280912,0.097923,0.089579,0.026291,-0.257625,6.579442
1955-12-31,1954-12-31,313,0.232342,0.099115,0.082941,0.011779,-0.257058,6.591615
1956-01-31,1955-01-31,314,0.189139,0.100101,0.082211,0.011129,-0.255939,6.590381
1956-02-29,1955-02-28,315,0.197570,0.101145,0.080333,0.007893,-0.254597,6.586255
1956-03-31,1955-03-31,316,0.277962,0.102024,0.081861,0.012593,-0.253079,6.576170
1956-04-30,1955-04-30,317,0.241798,0.102842,0.078464,0.005840,-0.251146,6.557840
1956-05-31,1955-05-31,318,0.168491,0.103578,0.079872,0.010307,-0.249140,6.536856
1956-06-30,1955-06-30,319,0.132527,0.104527,0.073258,-0.003582,-0.246618,6.510319
1956-07-31,1955-07-31,320,0.162820,0.105337,0.071240,-0.006691,-0.243786,6.476027
1956-08-31,1955-08-31,321,0.126090,0.106260,0.073829,0.000787,-0.241293,6.449485
1956-09-30,1955-09-30,322,0.074449,0.106904,0.074768,0.004276,-0.238765,6.417859
1956-10-31,1955-10-31,323,0.109263,0.107509,0.077495,0.011673,-0.236611,6.392118
1956-11-30,1955-11-30,324,0.040509,0.108025,0.076121,0.009741,-0.234196,6.360493
1956-12-31,1955-12-31,325,0.056130,0.108394,0.075402,0.009239,-0.231787,6.326883
1957-01-31,1956-01-31,326,0.051734,0.108633,0.080416,0.021407,-0.229852,6.299741
1957-02-28,1956-02-29,327,-0.006227,0.108896,0.077598,0.016035,-0.227705,6.269210
1957-03-31,1956-03-31,328,-0.048702,0.109393,0.071011,0.002745,-0.224746,6.227585
1957-04-30,1956-04-30,329,-0.013118,0.109781,0.071038,0.004124,-0.221961,6.187471
1957-05-31,1956-05-31,330,0.074944,0.109953,0.079922,0.024490,-0.220208,6.162465
1957-06-30,1956-06-30,331,0.032059,0.110019,0.076699,0.018123,-0.218530,6.137551
1957-07-31,1956-07-31,332,-0.009124,0.110172,0.073012,0.011029,-0.216322,6.104441
1957-08-31,1956-08-31,333,-0.026740,0.110218,0.077142,0.020667,-0.214807,6.082028
1957-09-30,1956-09-30,334,-0.033172,0.110115,0.083629,0.035043,-0.214038,6.070696
1957-10-31,1956-10-31,335,-0.078207,0.110112,0.085089,0.038632,-0.212960,6.055087
1957-11-30,1956-11-30,336,-0.061603,0.109912,0.080762,0.029400,-0.212693,6.051181
1957-12-31,1956-12-31,337,-0.124938,0.109758,0.078249,0.024183,-0.212206,6.044049
1958-01-31,1957-01-31,338,-0.051901,0.109592,0.082631,0.033739,-0.211946,6.040347
1958-02-28,1957-02-28,339,-0.046296,0.109263,0.086936,0.042878,-0.212296,6.045418
1958-03-31,1957-03-31,340,-0.036782,0.108814,0.085391,0.039255,-0.213072,6.057078
1958-04-30,1957-04-30,341,-0.048635,0.108468,0.081470,0.030672,-0.213360,6.061402
1958-05-31,1957-05-31,342,-0.060139,0.108374,0.077631,0.022612,-0.212823,6.053771
1958-06-30,1957-06-30,343,-0.026823,0.108159,0.079070,0.025777,-0.212686,6.051774
1958-07-31,1957-07-31,344,0.007375,0.107829,0.079085,0.025694,-0.212965,6.055927
1958-08-31,1957-08-31,345,0.081351,0.107452,0.085169,0.038611,-0.213532,6.064142
1958-09-30,1957-09-30,346,0.201595,0.107059,0.093342,0.056019,-0.214226,6.073712
1958-10-31,1957-10-31,347,0.286220,0.106543,0.098669,0.067140,-0.215360,6.089130
1958-11-30,1957-11-30,348,0.295450,0.106076,0.094818,0.058426,-0.216325,6.102760
1958-12-31,1957-12-31,349,0.417304,0.105436,0.100574,0.070419,-0.217985,6.126682
1959-01-31,1958-01-31,350,0.365206,0.105002,0.093748,0.055183,-0.218832,6.138461
1959-02-28,1958-02-28,351,0.403098,0.104585,0.096919,0.061816,-0.219623,6.148985
1959-03-31,1958-03-31,352,0.366327,0.104197,0.093424,0.053875,-0.220317,6.158376
1959-04-30,1958-04-30,353,0.373317,0.103778,0.090001,0.046048,-0.221105,6.169456
1959-05-31,1958-05-31,354,0.367035,0.103330,0.086374,0.037722,-0.221988,6.182247
1959-06-30,1958-06-30,355,0.325047,0.102975,0.083986,0.032242,-0.222511,6.189741
1959-07-31,1958-07-31,356,0.309301,0.102716,0.079086,0.021358,-0.222662,6.191903
1959-08-31,1958-08-31,357,0.267734,0.102658,0.075919,0.014572,-0.222230,6.186042
1959-09-30,1958-09-30,358,0.153980,0.102925,0.072055,0.006655,-0.221136,6.172869
1959-10-31,1958-10-31,359,0.139149,0.103419,0.069254,0.001326,-0.219788,6.158636
1959-11-30,1958-11-30,360,0.124146,0.103935,0.065666,-0.005568,-0.218128,6.139237
1959-12-31,1958-12-31,361,0.094121,0.104775,0.060405,-0.015769,-0.216181,6.120047
1960-01-31,1959-01-31,362,0.012286,0.105472,0.059747,-0.015852,-0.213969,6.093578
1960-02-29,1959-02-28,363,0.014148,0.106265,0.058706,-0.016719,-0.211796,6.069445
1960-03-31,1959-03-31,364,-0.004938,0.106957,0.058561,-0.015670,-0.209576,6.042713
1960-04-30,1959-04-30,365,-0.056631,0.107664,0.054986,-0.021822,-0.207015,6.009990
1960-05-31,1959-05-31,366,-0.044677,0.108350,0.054270,-0.021691,-0.204192,5.972130
1960-06-30,1959-06-30,367,-0.022768,0.108922,0.054888,-0.018857,-0.201558,5.935864
1960-07-31,1959-07-31,368,-0.075534,0.109449,0.051617,-0.024134,-0.198686,5.894528
1960-08-31,1959-08-31,369,-0.034590,0.109864,0.054228,-0.017180,-0.196026,5.855361
1960-09-30,1959-09-30,370,-0.045051,0.109980,0.058733,-0.006954,-0.194436,5.831388
1960-10-31,1959-10-31,371,-0.063797,0.110056,0.057077,-0.009599,-0.192890,5.807735
1960-11-30,1959-11-30,372,-0.036322,0.110093,0.057887,-0.007150,-0.191363,5.783952
1960-12-31,1959-12-31,373,-0.016238,0.110051,0.056446,-0.009434,-0.189992,5.762157
1961-01-31,1960-01-31,374,0.121960,0.109798,0.062956,0.004043,-0.189778,5.758749
1961-02-28,1960-02-29,375,0.148627,0.109551,0.062921,0.004098,-0.189506,5.754396
1961-03-31,1960-03-31,376,0.201048,0.109256,0.064822,0.007998,-0.189507,5.754416
1961-04-30,1960-04-30,377,0.226394,0.108829,0.066491,0.011132,-0.190176,5.765253
1961-05-31,1960-05-31,378,0.217846,0.108436,0.064739,0.007324,-0.190639,5.772771
1961-06-30,1960-06-30,379,0.157857,0.108100,0.062808,0.003283,-0.190785,5.775131
1961-07-31,1960-07-31,380,0.217962,0.107632,0.064717,0.006836,-0.191646,5.789218
1961-08-31,1960-08-31,381,0.213768,0.107270,0.064267,0.005776,-0.191938,5.793956
1961-09-30,1960-09-30,382,0.264297,0.106883,0.069433,0.016222,-0.192478,5.802585
1961-10-31,1960-10-31,383,0.307640,0.106451,0.070174,0.017438,-0.193238,5.814810
1961-11-30,1960-11-30,384,0.304888,0.106091,0.066913,0.010506,-0.193626,5.821020
1961-12-31,1960-12-31,385,0.244082,0.105782,0.060937,-0.001933,-0.193696,5.822144
1962-01-31,1961-01-31,386,0.126339,0.105823,0.055966,-0.011495,-0.192204,5.798712
1962-02-28,1961-02-28,387,0.106564,0.105930,0.053077,-0.016518,-0.190397,5.770329
1962-03-31,1961-03-31,388,0.068179,0.106168,0.050511,-0.020541,-0.188090,5.734391
1962-04-30,1961-04-30,389,-0.003737,0.106468,0.049833,-0.020564,-0.185621,5.696259
1962-05-31,1961-05-31,390,-0.109919,0.106745,0.048891,-0.021116,-0.183161,5.657926
1962-06-30,1961-06-30,391,-0.157653,0.106872,0.051057,-0.015760,-0.181327,5.629102
1962-07-31,1961-07-31,392,-0.131861,0.107147,0.048529,-0.019494,-0.178915,5.591515
1962-08-31,1961-08-31,393,-0.136589,0.107410,0.048809,-0.017627,-0.176549,5.554565
1962-09-30,1961-09-30,394,-0.162740,0.107796,0.048950,-0.015902,-0.173991,5.515708
1962-10-31,1961-10-31,395,-0.184749,0.108287,0.047633,-0.016809,-0.171056,5.471346
1962-11-30,1961-11-30,396,-0.137822,0.108769,0.047137,-0.015998,-0.167926,5.423110
1962-12-31,1961-12-31,397,-0.127919,0.109100,0.045956,-0.016688,-0.165088,5.378097
1963-01-31,1962-01-31,398,-0.048569,0.109142,0.050074,-0.007930,-0.163469,5.351901
1963-02-28,1962-02-28,399,-0.088227,0.109136,0.050421,-0.006496,-0.161994,5.327797
1963-03-31,1962-03-31,400,-0.054024,0.109037,0.049120,-0.008420,-0.160953,5.310645
1963-04-30,1962-04-30,401,0.058471,0.108763,0.054839,0.002434,-0.160906,5.309875
1963-05-31,1962-05-31,402,0.181204,0.108235,0.065855,0.022692,-0.162330,5.333449
1963-06-30,1962-06-30,403,0.266243,0.107595,0.072874,0.035241,-0.164394,5.367403
1963-07-31,1962-07-31,404,0.186453,0.107019,0.067682,0.024606,-0.166076,5.395274
1963-08-31,1962-08-31,405,0.220379,0.106435,0.065293,0.019271,-0.167799,5.423813
1963-09-30,1962-09-30,406,0.270106,0.105791,0.070870,0.029244,-0.169855,5.457855
1963-10-31,1962-10-31,407,0.302016,0.105097,0.071604,0.029764,-0.172188,5.496627
1963-11-30,1962-11-30,408,0.164543,0.104519,0.062796,0.011769,-0.173840,5.524133
1963-12-31,1962-12-31,409,0.173103,0.103967,0.062532,0.010595,-0.175324,5.548919
1964-01-31,1963-01-31,410,0.142024,0.103605,0.057597,0.000614,-0.175775,5.556357
1964-02-29,1963-02-28,411,0.189020,0.103152,0.060571,0.006063,-0.176739,5.572235
1964-03-31,1963-03-31,412,0.170006,0.102781,0.058019,0.000761,-0.177227,5.580306
1964-04-30,1963-04-30,413,0.120037,0.102677,0.054545,-0.005768,-0.176463,5.567913
1964-05-31,1963-05-31,414,0.116434,0.102861,0.054576,-0.004849,-0.174840,5.542986
1964-06-30,1963-06-30,415,0.154133,0.103244,0.056257,-0.000435,-0.172835,5.513673
1964-07-31,1963-07-31,416,0.178831,0.103438,0.057188,0.002203,-0.171281,5.490072
1964-08-31,1963-08-31,417,0.106115,0.103711,0.052921,-0.005085,-0.169291,5.459374
1964-09-30,1963-09-30,418,0.153610,0.104098,0.056405,0.002828,-0.167180,5.428029
1964-10-31,1963-10-31,419,0.131850,0.104557,0.054619,0.000641,-0.164855,5.393704
1964-11-30,1963-11-30,420,0.142310,0.104696,0.057318,0.006594,-0.163348,5.370126
1964-12-31,1963-12-31,421,0.122475,0.104854,0.056057,0.004992,-0.161756,5.345187
1965-01-31,1964-01-31,422,0.136086,0.104940,0.053653,0.001166,-0.160282,5.321508
1965-02-28,1964-02-29,423,0.124043,0.105133,0.053634,0.002075,-0.158462,5.292711
1965-03-31,1964-03-31,424,0.093253,0.105282,0.053034,0.001837,-0.156736,5.265050
1965-04-30,1964-04-30,425,0.125286,0.105315,0.053096,0.002620,-0.155425,5.243718
1965-05-31,1964-05-31,426,0.101534,0.105341,0.052434,0.002027,-0.154171,5.223314
1965-06-30,1964-06-30,427,0.028469,0.105452,0.052083,0.002196,-0.152585,5.197700
1965-07-31,1964-07-31,428,0.024958,0.105619,0.050141,-0.000449,-0.150793,5.168882
1965-08-31,1964-08-31,429,0.068335,0.105620,0.052643,0.004751,-0.149636,5.149941
1965-09-30,1964-09-30,430,0.069581,0.105728,0.049679,0.000120,-0.148112,5.125349
1965-10-31,1964-10-31,431,0.090185,0.105787,0.048455,-0.001394,-0.146764,5.103426
1965-11-30,1964-11-30,432,0.091005,0.105870,0.049659,0.001513,-0.145430,5.081975
1965-12-31,1964-12-31,433,0.101403,0.105907,0.050161,0.003038,-0.144268,5.063193
1966-01-31,1965-01-31,434,0.070748,0.105975,0.047322,-0.001336,-0.142876,5.040469
1966-02-28,1965-02-28,435,0.053229,0.106015,0.047971,0.000499,-0.141631,5.020130
1966-03-31,1965-03-31,436,0.041444,0.105987,0.049574,0.003853,-0.140714,5.005109
1966-04-30,1965-04-30,437,0.030809,0.106030,0.047066,0.000056,-0.139460,4.984582
1966-05-31,1965-05-31,438,-0.018664,0.106020,0.049087,0.004181,-0.138454,4.968071
1966-06-30,1965-06-30,439,0.024351,0.105848,0.054249,0.013431,-0.138246,4.964658
1966-07-31,1965-07-31,440,-0.006438,0.105669,0.052646,0.010698,-0.138036,4.961170
1966-08-31,1965-08-31,441,-0.107681,0.105586,0.052019,0.009905,-0.137417,4.951034
1966-09-30,1965-09-30,442,-0.141976,0.105507,0.049752,0.006272,-0.136706,4.939228
1966-10-31,1965-10-31,443,-0.132641,0.105473,0.047500,0.002822,-0.135733,4.923012
1966-11-30,1965-11-30,444,-0.121379,0.105442,0.049947,0.007600,-0.134803,4.907574
1966-12-31,1965-12-31,445,-0.129833,0.105433,0.048766,0.006068,-0.133786,4.890739
1967-01-31,1966-01-31,446,-0.067695,0.105357,0.048083,0.005276,-0.133028,4.878055
1967-02-28,1966-02-28,447,-0.049487,0.105243,0.050280,0.009372,-0.132493,4.869125
1967-03-31,1966-03-31,448,0.013684,0.105105,0.052826,0.013973,-0.132134,4.863164
1967-04-30,1966-04-30,449,0.030274,0.104944,0.051181,0.011271,-0.131836,4.858165
1967-05-31,1966-05-31,450,0.046912,0.104676,0.057368,0.021859,-0.132118,4.862862
1967-06-30,1966-06-30,451,0.087793,0.104503,0.058466,0.023800,-0.132041,4.861594
1967-07-31,1966-07-31,452,0.155833,0.104263,0.060049,0.026450,-0.132243,4.864918
1967-08-31,1966-08-31,453,0.247119,0.103808,0.069853,0.042966,-0.133459,4.884893
1967-09-30,1966-09-30,454,0.298457,0.103280,0.070549,0.043560,-0.135021,4.910798
1967-10-31,1966-10-31,455,0.212893,0.102775,0.066420,0.035723,-0.136476,4.935143
1967-11-30,1966-11-30,456,0.201112,0.102296,0.065512,0.033562,-0.137791,4.956951
1967-12-31,1966-12-31,457,0.234788,0.101801,0.065237,0.032483,-0.139183,4.980121
1968-01-31,1967-01-31,458,0.095910,0.101440,0.058906,0.020901,-0.139911,4.992282
1968-02-29,1967-02-28,459,0.048154,0.101120,0.058418,0.019772,-0.140464,5.001438
1968-03-31,1967-03-31,460,0.009967,0.100935,0.054524,0.012845,-0.140427,5.000827
1968-04-30,1967-04-30,461,0.057190,0.100785,0.051372,0.007341,-0.140197,4.997041
1968-05-31,1967-05-31,462,0.129970,0.100672,0.056423,0.016472,-0.139942,4.992964
1968-06-30,1967-06-30,463,0.110680,0.100645,0.054029,0.012509,-0.139358,4.983689
1968-07-31,1967-07-31,464,0.034186,0.100761,0.050205,0.006311,-0.138251,4.966265
1968-08-31,1967-08-31,465,0.057608,0.101067,0.051762,0.009871,-0.136842,4.945777
1968-09-30,1967-09-30,466,0.066096,0.101480,0.049297,0.006525,-0.135128,4.921023
1968-10-31,1967-10-31,467,0.104405,0.101713,0.052533,0.012915,-0.133839,4.901664
1968-11-30,1967-11-30,468,0.159602,0.101920,0.051489,0.011767,-0.132610,4.883074
1968-12-31,1967-12-31,469,0.082397,0.102196,0.048932,0.008152,-0.131130,4.860618
1969-01-31,1968-01-31,470,0.114687,0.102183,0.053025,0.015555,-0.130541,4.851278
1969-02-28,1968-02-29,471,0.092519,0.102071,0.057180,0.022841,-0.130345,4.848171
1969-03-31,1968-03-31,472,0.118171,0.101881,0.055933,0.020648,-0.130419,4.849374
1969-04-30,1968-04-30,473,0.040172,0.101789,0.049537,0.009803,-0.130003,4.842506
1969-05-31,1968-05-31,474,0.016569,0.101847,0.047072,0.006057,-0.129075,4.827567
1969-06-30,1968-06-30,475,-0.060821,0.101865,0.046638,0.005759,-0.128251,4.814142
1969-07-31,1968-07-31,476,-0.100618,0.101726,0.049601,0.010955,-0.128041,4.810658
1969-08-31,1968-08-31,477,-0.072498,0.101636,0.048501,0.009276,-0.127649,4.804190
1969-09-30,1968-09-30,478,-0.134512,0.101564,0.044942,0.003465,-0.127125,4.795452
1969-10-31,1968-10-31,479,-0.096541,0.101569,0.045671,0.005143,-0.126338,4.782543
1969-11-30,1968-11-30,480,-0.175031,0.101687,0.041278,-0.001601,-0.125030,4.760958
1969-12-31,1968-12-31,481,-0.163411,0.101648,0.045280,0.005555,-0.124365,4.749844
1970-01-31,1969-01-31,482,-0.219474,0.101675,0.044934,0.005435,-0.123525,4.736098
1970-02-28,1969-02-28,483,-0.130817,0.101656,0.050606,0.015302,-0.122987,4.727481
1970-03-31,1969-03-31,484,-0.163132,0.101689,0.048730,0.012557,-0.122212,4.714987
1970-04-30,1969-04-30,485,-0.263227,0.101566,0.047070,0.009893,-0.121972,4.710993
1970-05-31,1969-05-31,486,-0.313531,0.101395,0.048655,0.012589,-0.121909,4.709932
1970-06-30,1969-06-30,487,-0.302270,0.101070,0.055006,0.022939,-0.122571,4.721097
1970-07-31,1969-07-31,488,-0.199530,0.100666,0.060998,0.032565,-0.123599,4.738227
1970-08-31,1969-08-31,489,-0.204418,0.100321,0.057037,0.025511,-0.124363,4.751011
1970-09-30,1969-09-30,490,-0.146071,0.099853,0.060035,0.029997,-0.125696,4.773657
1970-10-31,1969-10-31,491,-0.205632,0.099463,0.055581,0.021957,-0.126656,4.789917
1970-11-30,1969-11-30,492,-0.137613,0.098918,0.057888,0.025123,-0.128376,4.819534
1970-12-31,1969-12-31,493,-0.064743,0.098399,0.059335,0.026905,-0.129937,4.846025
1971-01-31,1970-01-31,494,0.065686,0.097770,0.067050,0.039405,-0.132010,4.881241
1971-02-28,1970-02-28,495,0.027862,0.097319,0.061573,0.029325,-0.133219,4.901256
1971-03-31,1970-03-31,496,0.080691,0.096807,0.063085,0.031316,-0.134707,4.926128
1971-04-30,1970-04-30,497,0.252773,0.096099,0.073381,0.048524,-0.137089,4.966232
1971-05-31,1970-05-31,498,0.294204,0.095296,0.078998,0.057527,-0.139853,5.012430
1971-06-30,1970-06-30,499,0.371569,0.094518,0.085660,0.068635,-0.142321,5.052299
1971-07-31,1970-07-31,500,0.227940,0.093944,0.078770,0.055612,-0.143875,5.076391
1971-08-31,1970-08-31,501,0.219049,0.093362,0.072416,0.043435,-0.145520,5.102643
1971-09-30,1970-09-30,502,0.161493,0.092896,0.068071,0.035003,-0.146694,5.120964
1971-10-31,1970-10-31,503,0.138001,0.092317,0.070510,0.038772,-0.148349,5.147626
1971-11-30,1970-11-30,504,0.083945,0.091871,0.064802,0.027785,-0.149462,5.165274
1971-12-31,1970-12-31,505,0.112008,0.091568,0.058816,0.016470,-0.150042,5.174389
1972-01-31,1971-01-31,506,0.086221,0.091518,0.054845,0.009254,-0.149839,5.171408
1972-02-29,1971-02-28,507,0.101306,0.091396,0.053907,0.007546,-0.149797,5.170767
1972-03-31,1971-03-31,508,0.064260,0.091375,0.051170,0.002699,-0.149433,5.165222
1972-04-30,1971-04-30,509,0.034547,0.091685,0.049110,-0.000443,-0.148369,5.150930
1972-05-31,1971-05-31,510,0.091635,0.092073,0.052950,0.007277,-0.147331,5.138514
1972-06-30,1971-06-30,511,0.066999,0.092607,0.052841,0.007825,-0.146287,5.128698
1972-07-31,1971-07-31,512,0.108599,0.092865,0.055885,0.013862,-0.145538,5.119672
1972-08-31,1971-08-31,513,0.102451,0.093106,0.054116,0.011161,-0.144632,5.107309
1972-09-30,1971-09-30,514,0.099487,0.093236,0.054386,0.012051,-0.143915,5.096928
1972-10-31,1971-10-31,515,0.156129,0.093321,0.057373,0.017772,-0.143393,5.089603
1972-11-30,1971-11-30,516,0.213945,0.093303,0.057978,0.019039,-0.143070,5.084748
1972-12-31,1971-12-31,517,0.124180,0.093338,0.050899,0.006539,-0.142438,5.074760
1973-01-31,1972-01-31,518,0.061702,0.093325,0.048538,0.002555,-0.141900,5.066033
1973-02-28,1972-02-29,519,-0.016450,0.093340,0.046012,-0.001642,-0.141232,5.055118
1973-03-31,1972-03-31,520,-0.035087,0.093285,0.044360,-0.004376,-0.140788,5.047760
1973-04-30,1972-04-30,521,-0.090559,0.093175,0.043021,-0.006651,-0.140543,5.043649
1973-05-31,1972-05-31,522,-0.127398,0.093172,0.042671,-0.006936,-0.139937,5.033691
1973-06-30,1972-06-30,523,-0.119296,0.093123,0.044193,-0.003971,-0.139518,5.026806
1973-07-31,1972-07-31,524,-0.070201,0.093152,0.044292,-0.003427,-0.138867,5.016317
1973-08-31,1972-08-31,525,-0.131398,0.093170,0.041773,-0.007562,-0.138222,5.005797
1973-09-30,1972-09-30,526,-0.082647,0.093181,0.042702,-0.005555,-0.137609,4.995828
1973-10-31,1972-10-31,527,-0.094539,0.093298,0.041566,-0.007037,-0.136683,4.981051
1973-11-30,1972-11-30,528,-0.239123,0.093521,0.040267,-0.008578,-0.135391,4.960537
1973-12-31,1972-12-31,529,-0.239507,0.093578,0.039516,-0.009404,-0.134523,4.946108
1974-01-31,1973-01-31,530,-0.214934,0.093519,0.041958,-0.004851,-0.134088,4.938779
1974-02-28,1973-02-28,531,-0.179713,0.093317,0.045058,0.000527,-0.134241,4.941391
1974-03-31,1973-03-31,532,-0.190722,0.093081,0.046056,0.002134,-0.134528,4.946321
1974-04-30,1973-04-30,533,-0.185957,0.092744,0.051514,0.011401,-0.135269,4.959117
1974-05-31,1973-05-31,534,-0.198704,0.092341,0.052679,0.012958,-0.136315,4.977197
1974-06-30,1973-06-30,535,-0.208036,0.091954,0.053983,0.014812,-0.137282,4.993826
1974-07-31,1973-07-31,536,-0.299503,0.091658,0.050936,0.009109,-0.137839,5.003379
1974-08-31,1973-08-31,537,-0.337981,0.091252,0.053803,0.013728,-0.138892,5.021673
1974-09-30,1973-09-30,538,-0.431138,0.090935,0.049285,0.005316,-0.139530,5.032696
1974-10-31,1973-10-31,539,-0.345010,0.090599,0.050473,0.007092,-0.140255,5.045302
1974-11-30,1973-11-30,540,-0.286442,0.090001,0.063737,0.030164,-0.142205,5.079359
1974-12-31,1973-12-31,541,-0.312754,0.089406,0.063907,0.029686,-0.144148,5.113413
1975-01-31,1974-01-31,542,-0.229605,0.088856,0.064411,0.029917,-0.145840,5.142760
1975-02-28,1974-02-28,543,-0.188585,0.088372,0.066446,0.033099,-0.147208,5.166156
1975-03-31,1974-03-31,544,-0.147250,0.087870,0.069267,0.037739,-0.148642,5.190571
1975-04-30,1974-04-30,545,-0.067679,0.087379,0.075597,0.048963,-0.149979,5.212657
1975-05-31,1974-05-31,546,0.023804,0.086866,0.081717,0.059866,-0.151382,5.235657
1975-06-30,1974-06-30,547,0.100596,0.086338,0.085912,0.067240,-0.152821,5.259050
1975-07-31,1974-07-31,548,0.120012,0.085649,0.094859,0.083486,-0.154931,5.294018
1975-08-31,1974-08-31,549,0.202799,0.084894,0.111697,0.114892,-0.157213,5.331152
1975-09-30,1974-09-30,550,0.306937,0.083976,0.132710,0.154785,-0.160271,5.382340
1975-10-31,1974-10-31,551,0.186127,0.083214,0.110305,0.111394,-0.162659,5.422052
1975-11-30,1974-11-30,552,0.274467,0.082559,0.118381,0.126672,-0.164314,5.446697
1975-12-31,1974-12-31,553,0.300806,0.081859,0.125671,0.140538,-0.166096,5.473187
1976-01-31,1975-01-31,554,0.278746,0.081309,0.105427,0.100653,-0.167415,5.492691
1976-02-29,1975-02-28,555,0.218403,0.080833,0.102190,0.093976,-0.168482,5.508055
1976-03-31,1975-03-31,556,0.214382,0.080431,0.100215,0.089807,-0.169305,5.519428
1976-04-30,1975-04-30,557,0.149315,0.080171,0.094958,0.079267,-0.169730,5.524582
1976-05-31,1975-05-31,558,0.079620,0.080072,0.089277,0.068018,-0.169822,5.525485
1976-06-30,1975-06-30,559,0.070261,0.080108,0.087824,0.065227,-0.169718,5.524724
1976-07-31,1975-07-31,560,0.134321,0.080178,0.097499,0.084364,-0.169654,5.524915
1976-08-31,1975-08-31,561,0.161680,0.080392,0.099865,0.089198,-0.169693,5.529427
1976-09-30,1975-09-30,562,0.237690,0.080786,0.105221,0.100102,-0.170142,5.545653
1976-10-31,1975-10-31,563,0.148646,0.080970,0.098607,0.087163,-0.170162,5.549132
1976-11-30,1975-11-30,564,0.124454,0.081306,0.091725,0.073800,-0.170343,5.559106
1976-12-31,1975-12-31,565,0.205114,0.081686,0.093113,0.076831,-0.170676,5.572944
1977-01-31,1976-01-31,566,0.033162,0.082027,0.079572,0.050203,-0.170618,5.578675
1977-02-28,1976-02-29,567,0.010942,0.082262,0.078347,0.047968,-0.170530,5.581579
1977-03-31,1976-03-31,568,-0.024457,0.082490,0.076262,0.044019,-0.170413,5.583820
1977-04-30,1976-04-30,569,-0.008713,0.082605,0.076384,0.044381,-0.170306,5.584102
1977-05-31,1976-05-31,570,-0.009183,0.082600,0.081719,0.055022,-0.170285,5.583997
1977-06-30,1976-06-30,571,-0.005031,0.082579,0.073650,0.038959,-0.170277,5.583951
1977-07-31,1976-07-31,572,-0.010592,0.082668,0.072816,0.037376,-0.170217,5.584476
1977-08-31,1976-08-31,573,-0.021527,0.082803,0.077266,0.046357,-0.170148,5.585694
1977-09-30,1976-09-30,574,-0.043425,0.083067,0.074871,0.041794,-0.170103,5.589979
1977-10-31,1976-10-31,575,-0.060618,0.083179,0.076794,0.045725,-0.170036,5.590803
1977-11-30,1976-11-30,576,-0.028985,0.083249,0.083479,0.059141,-0.169941,5.590578
1977-12-31,1976-12-31,577,-0.078006,0.083456,0.078226,0.048888,-0.169716,5.590466
1978-01-31,1977-01-31,578,-0.094072,0.083371,0.084394,0.061152,-0.169778,5.591150
1978-02-28,1977-02-28,579,-0.089235,0.083248,0.089395,0.071056,-0.169913,5.592687
1978-03-31,1977-03-31,580,-0.052621,0.083066,0.092634,0.077397,-0.170174,5.595862
1978-04-30,1977-04-30,581,0.015240,0.082911,0.092119,0.076276,-0.170374,5.598298
1978-05-31,1977-05-31,582,0.047407,0.082756,0.097716,0.087343,-0.170575,5.600306
1978-06-30,1977-06-30,583,-0.014961,0.082609,0.092786,0.077418,-0.170754,5.602634
1978-07-31,1977-07-31,584,0.048967,0.082452,0.095375,0.082512,-0.170954,5.605263
1978-08-31,1977-08-31,585,0.105291,0.082278,0.100432,0.092514,-0.171198,5.608157
1978-09-30,1977-09-30,586,0.093401,0.082068,0.103697,0.098915,-0.171527,5.612310
1978-10-31,1977-10-31,587,0.015990,0.081830,0.110713,0.112807,-0.171913,5.616933
1978-11-30,1977-11-30,588,0.002441,0.081645,0.108968,0.109175,-0.172161,5.619186
1978-12-31,1977-12-31,589,0.007757,0.081379,0.108987,0.109029,-0.172596,5.624182
1979-01-31,1978-01-31,590,0.112683,0.081088,0.123730,0.138380,-0.173016,5.627759
1979-02-28,1978-02-28,591,0.091588,0.080805,0.128645,0.147999,-0.173354,5.629328
1979-03-31,1978-03-31,592,0.117493,0.080585,0.123911,0.138278,-0.173578,5.629485
1979-04-30,1978-04-30,593,0.036975,0.080477,0.115306,0.120903,-0.173684,5.629639
1979-05-31,1978-05-31,594,-0.000948,0.080422,0.119504,0.129264,-0.173728,5.629168
1979-06-30,1978-06-30,595,0.051654,0.080265,0.125587,0.141323,-0.173883,5.629244
1979-07-31,1978-07-31,596,0.009049,0.080213,0.118679,0.127399,-0.173928,5.629051
1979-08-31,1978-08-31,597,0.023291,0.080255,0.118241,0.126547,-0.173916,5.629335
1979-09-30,1978-09-30,598,0.029840,0.080276,0.119636,0.129341,-0.173918,5.629224
1979-10-31,1978-10-31,599,0.078588,0.080171,0.141517,0.173034,-0.173879,5.624750
1979-11-30,1978-11-30,600,0.101541,0.080044,0.139096,0.167929,-0.173857,5.620313
1979-12-31,1978-12-31,601,0.109618,0.079926,0.137112,0.163721,-0.173836,5.616110
1980-01-31,1979-01-31,602,0.119169,0.079979,0.131422,0.152257,-0.173789,5.614141
1980-02-29,1979-02-28,603,0.147377,0.079998,0.143330,0.175916,-0.173649,5.608955
1980-03-31,1979-03-31,604,-0.039295,0.080059,0.139434,0.168063,-0.173611,5.607364
1980-04-30,1979-04-30,605,-0.005137,0.079989,0.140948,0.170873,-0.173533,5.602538
1980-05-31,1979-05-31,606,0.066044,0.079858,0.145115,0.178822,-0.173348,5.593605
1980-06-30,1979-06-30,607,0.056710,0.079813,0.137522,0.163411,-0.173159,5.586088
1980-07-31,1979-07-31,608,0.111804,0.079699,0.137251,0.162558,-0.173003,5.578295
1980-08-31,1979-08-31,609,0.073727,0.079608,0.128883,0.145659,-0.172874,5.571660
1980-09-30,1979-09-30,610,0.104665,0.079528,0.132327,0.152249,-0.172734,5.564941
1980-10-31,1979-10-31,611,0.211945,0.079526,0.149699,0.186348,-0.172366,5.553317
1980-11-30,1979-11-30,612,0.258354,0.079561,0.140427,0.167752,-0.172129,5.545682
1980-12-31,1979-12-31,613,0.186814,0.079610,0.144075,0.174777,-0.171951,5.539801
1981-01-31,1980-01-31,614,0.074021,0.079673,0.137544,0.161776,-0.171865,5.536779
1981-02-28,1980-02-29,615,0.094393,0.079781,0.138246,0.163068,-0.171758,5.533433
1981-03-31,1980-03-31,616,0.299933,0.079591,0.157943,0.201054,-0.171001,5.509090
1981-04-30,1980-04-30,617,0.225445,0.079456,0.147488,0.179828,-0.170333,5.487933
1981-05-31,1980-05-31,618,0.167920,0.079435,0.137343,0.159573,-0.169860,5.473439
1981-06-30,1980-06-30,619,0.108697,0.079399,0.134060,0.152833,-0.169506,5.461817
1981-07-31,1980-07-31,620,0.023963,0.079450,0.124077,0.133254,-0.169346,5.456548
1981-08-31,1980-08-31,621,-0.062748,0.079441,0.121885,0.128815,-0.169180,5.450382
1981-09-30,1980-09-30,622,-0.147661,0.079481,0.118780,0.122670,-0.169056,5.446018
1981-10-31,1980-10-31,623,-0.118691,0.079690,0.114892,0.115195,-0.169196,5.450185
1981-11-30,1980-11-30,624,-0.174393,0.079971,0.101556,0.089449,-0.169543,5.461240
1981-12-31,1980-12-31,625,-0.165633,0.080138,0.102959,0.092211,-0.169603,5.463090
1982-01-31,1981-01-31,626,-0.148058,0.080129,0.103263,0.092637,-0.169316,5.453680
1982-02-28,1981-02-28,627,-0.204282,0.080151,0.105881,0.097595,-0.169089,5.446296
1982-03-31,1981-03-31,628,-0.249834,0.080495,0.102679,0.091581,-0.169663,5.462603
1982-04-30,1981-04-30,629,-0.208098,0.080721,0.104395,0.095020,-0.169870,5.468834
1982-05-31,1981-05-31,630,-0.240996,0.080857,0.106734,0.099600,-0.169898,5.469763
1982-06-30,1981-06-30,631,-0.244836,0.080900,0.115327,0.116261,-0.169771,5.465389
1982-07-31,1981-07-31,632,-0.258458,0.080811,0.115484,0.116336,-0.169582,5.457367
1982-08-31,1981-08-31,633,-0.110241,0.080589,0.128797,0.141792,-0.169299,5.444412
1982-09-30,1981-09-30,634,-0.025143,0.080235,0.150732,0.183641,-0.168997,5.428314
1982-10-31,1981-10-31,635,0.031294,0.079928,0.145854,0.173622,-0.168841,5.416747
1982-11-30,1981-11-30,636,0.043472,0.079536,0.143064,0.167749,-0.169067,5.412607
1982-12-31,1981-12-31,637,0.091806,0.079158,0.155655,0.191548,-0.169245,5.407666
1983-01-31,1982-01-31,638,0.170771,0.078808,0.159370,0.198229,-0.169403,5.402884
1983-02-28,1982-02-28,639,0.281396,0.078373,0.171235,0.220408,-0.169511,5.394906
1983-03-31,1982-03-31,640,0.343310,0.077870,0.176370,0.229579,-0.169757,5.388651
1983-04-30,1982-04-30,641,0.383311,0.077432,0.169258,0.215265,-0.169915,5.381823
1983-05-31,1982-05-31,642,0.452844,0.076945,0.177683,0.230629,-0.170002,5.372175
1983-06-30,1982-06-30,643,0.551534,0.076454,0.176152,0.226625,-0.169744,5.354234
1983-07-31,1982-07-31,644,0.539794,0.075943,0.182041,0.236721,-0.169470,5.335514
1983-08-31,1982-08-31,645,0.378134,0.075660,0.164748,0.202920,-0.168914,5.314821
1983-09-30,1982-09-30,646,0.373190,0.075507,0.151260,0.176484,-0.167955,5.286773
1983-10-31,1982-10-31,647,0.187834,0.075440,0.127477,0.131237,-0.167390,5.269710
1983-11-30,1982-11-30,648,0.157888,0.075391,0.120171,0.117204,-0.166939,5.255786
1983-12-31,1982-12-31,649,0.130601,0.075416,0.114995,0.107266,-0.166455,5.242009
1984-01-31,1983-01-31,650,0.069111,0.075560,0.112208,0.102008,-0.166345,5.238926
1984-02-29,1983-02-28,651,-0.007747,0.075871,0.107459,0.093294,-0.166826,5.251834
1984-03-31,1983-03-31,652,-0.030045,0.076273,0.103065,0.085306,-0.167731,5.275795
1984-04-30,1983-04-30,653,-0.098037,0.076735,0.092570,0.065783,-0.168883,5.306919
1984-05-31,1983-05-31,654,-0.157087,0.077300,0.089717,0.060621,-0.170585,5.351818
1984-06-30,1983-06-30,655,-0.169618,0.078011,0.086340,0.054442,-0.172967,5.414914
1984-07-31,1983-07-31,656,-0.156685,0.078702,0.090101,0.062018,-0.175342,5.476909
1984-08-31,1983-08-31,657,-0.067179,0.079150,0.087316,0.056743,-0.176356,5.504769
1984-09-30,1983-09-30,658,-0.083880,0.079589,0.087666,0.057638,-0.177207,5.529698
1984-10-31,1983-10-31,659,-0.058306,0.079750,0.090914,0.064114,-0.177302,5.533487
1984-11-30,1983-11-30,660,-0.095852,0.079866,0.087392,0.057211,-0.177339,5.535493
1984-12-31,1983-12-31,661,-0.062308,0.079942,0.089190,0.060787,-0.177348,5.536308
1985-01-31,1984-01-31,662,0.031722,0.079925,0.090654,0.063625,-0.177342,5.534956
1985-02-28,1984-02-29,663,0.100760,0.079796,0.116448,0.114369,-0.177380,5.532341
1985-03-31,1984-03-31,664,0.084494,0.079633,0.115414,0.112140,-0.177480,5.530636
1985-04-30,1984-04-30,665,0.079987,0.079371,0.120174,0.121295,-0.177809,5.532400
1985-05-31,1984-05-31,666,0.209217,0.079022,0.129098,0.138621,-0.178311,5.536219
1985-06-30,1984-06-30,667,0.204612,0.078656,0.153908,0.187389,-0.178909,5.541938
1985-07-31,1984-07-31,668,0.231318,0.078310,0.161379,0.201912,-0.179400,5.545536
1985-08-31,1984-08-31,669,0.103001,0.078096,0.147235,0.173805,-0.179713,5.548374
1985-09-30,1984-09-30,670,0.063783,0.077858,0.151799,0.182688,-0.180064,5.551488
1985-10-31,1984-10-31,671,0.114990,0.077659,0.160223,0.199227,-0.180324,5.553231
1985-11-30,1984-11-30,672,0.207324,0.077405,0.168337,0.215163,-0.180706,5.556681
1985-12-31,1984-12-31,673,0.229712,0.077201,0.169559,0.217462,-0.180988,5.558917
1986-01-31,1985-01-31,674,0.144397,0.077135,0.161921,0.202286,-0.181051,5.559357
1986-02-28,1985-02-28,675,0.210779,0.077170,0.144314,0.167348,-0.181044,5.558826
1986-03-31,1985-03-31,676,0.282797,0.077180,0.148678,0.175942,-0.181030,5.557698
1986-04-30,1985-04-30,677,0.281081,0.077184,0.147869,0.174241,-0.180988,5.555511
1986-05-31,1985-05-31,678,0.274347,0.077376,0.146779,0.172285,-0.181135,5.561040
1986-06-30,1985-06-30,679,0.274264,0.077560,0.154446,0.187569,-0.181221,5.563501
1986-07-31,1985-07-31,680,0.202860,0.077782,0.157496,0.193764,-0.181387,5.568072
1986-08-31,1985-08-31,681,0.290043,0.077818,0.157505,0.193499,-0.181107,5.559740
1986-09-30,1985-09-30,682,0.238514,0.077798,0.164586,0.207001,-0.180581,5.544504
1986-10-31,1985-10-31,683,0.244372,0.077852,0.152225,0.182194,-0.180136,5.532172
1986-11-30,1985-11-30,684,0.181753,0.078038,0.149348,0.176489,-0.180095,5.531066
1986-12-31,1985-12-31,685,0.100279,0.078255,0.143970,0.165935,-0.180179,5.533309
1987-01-31,1986-01-31,686,0.226244,0.078350,0.138244,0.154429,-0.179870,5.524799
1987-02-28,1986-02-28,687,0.191056,0.078539,0.126962,0.132314,-0.180026,5.529594
1987-03-31,1986-03-31,688,0.151306,0.078831,0.118063,0.115009,-0.180455,5.542271
1987-04-30,1986-04-30,689,0.141989,0.079120,0.122209,0.123469,-0.180870,5.554643
1987-05-31,1986-05-31,690,0.092509,0.079398,0.110552,0.100573,-0.181253,5.566147
1987-06-30,1986-06-30,691,0.122698,0.079675,0.096233,0.072265,-0.181647,5.577377
1987-07-31,1986-07-31,692,0.245141,0.079850,0.108258,0.096202,-0.181689,5.578566
1987-08-31,1986-08-31,693,0.213903,0.080148,0.103473,0.086843,-0.182152,5.591566
1987-09-30,1986-09-30,694,0.296155,0.080373,0.117911,0.115711,-0.182318,5.596068
1987-10-31,1986-10-31,695,-0.036727,0.080605,0.119111,0.118247,-0.182573,5.603433
1987-11-30,1986-11-30,696,-0.118393,0.080747,0.112845,0.105731,-0.182585,5.603788
1987-12-31,1986-12-31,697,-0.029986,0.080775,0.125446,0.130752,-0.182359,5.596827
1988-01-31,1987-01-31,698,-0.103887,0.080980,0.112346,0.104733,-0.182550,5.603097
1988-02-29,1987-02-28,699,-0.103491,0.081135,0.111008,0.102157,-0.182637,5.606750
1988-03-31,1987-03-31,700,-0.137793,0.081233,0.113052,0.106302,-0.182659,5.608282
1988-04-30,1987-04-30,701,-0.114853,0.081318,0.117407,0.115044,-0.182677,5.609203
1988-05-31,1987-05-31,702,-0.118782,0.081334,0.116761,0.113738,-0.182678,5.608968
1988-06-30,1987-06-30,703,-0.113898,0.081392,0.104564,0.089409,-0.182594,5.608677
1988-07-31,1987-07-31,704,-0.157584,0.081621,0.099403,0.079296,-0.182530,5.611847
1988-08-31,1987-08-31,705,-0.213641,0.081805,0.093573,0.067803,-0.182412,5.613178
1988-09-30,1987-09-30,706,-0.167826,0.082104,0.099935,0.080798,-0.182518,5.620923
1988-10-31,1987-10-31,707,0.098391,0.081938,0.136765,0.154315,-0.182407,5.613787
1988-11-30,1987-11-30,708,0.166881,0.081660,0.149607,0.179582,-0.182395,5.606697
1988-12-31,1987-12-31,709,0.107473,0.081505,0.130721,0.141479,-0.182173,5.597036
1989-01-31,1988-01-31,710,0.123585,0.081249,0.123521,0.126758,-0.182174,5.590722
1989-02-28,1988-02-29,711,0.049544,0.080993,0.117819,0.115061,-0.182203,5.585139
1989-03-31,1988-03-31,712,0.090440,0.080691,0.119695,0.118400,-0.182185,5.577410
1989-04-30,1988-04-30,713,0.129238,0.080421,0.121325,0.121246,-0.182064,5.567912
1989-05-31,1988-05-31,714,0.169726,0.080147,0.129405,0.136868,-0.181958,5.558672
1989-06-30,1988-06-30,715,0.102280,0.079880,0.126680,0.131159,-0.182123,5.556163
1989-07-31,1988-07-31,716,0.194820,0.079554,0.130009,0.137426,-0.182442,5.555976
1989-08-31,1988-08-31,717,0.255879,0.079151,0.135995,0.148945,-0.182991,5.559420
1989-09-30,1988-09-30,718,0.207401,0.078813,0.126354,0.129481,-0.183309,5.558926
1989-10-31,1988-10-31,719,0.151643,0.078840,0.129134,0.134874,-0.183177,5.554532
1989-11-30,1988-11-30,720,0.192410,0.078960,0.138987,0.154368,-0.183144,5.553561
1989-12-31,1988-12-31,721,0.190728,0.078999,0.161057,0.197993,-0.183085,5.551398
1990-01-31,1989-01-31,722,0.035142,0.079060,0.155447,0.186884,-0.183085,5.551394
1990-02-28,1989-02-28,723,0.071299,0.079020,0.154301,0.184477,-0.183050,5.548775
1990-03-31,1989-03-31,724,0.073438,0.079035,0.148350,0.172645,-0.183031,5.547604
1990-04-30,1989-04-30,725,-0.005811,0.079103,0.136944,0.150097,-0.183040,5.548101
1990-05-31,1989-05-31,726,0.040918,0.079226,0.130059,0.136546,-0.183101,5.550429
1990-06-30,1989-06-30,727,0.044013,0.079257,0.128587,0.133576,-0.183060,5.548743
1990-07-31,1989-07-31,728,-0.045832,0.079413,0.121495,0.119654,-0.183167,5.552743
1990-08-31,1989-08-31,729,-0.152643,0.079652,0.121527,0.119933,-0.183429,5.561526
1990-09-30,1989-09-30,730,-0.196270,0.079824,0.121534,0.120090,-0.183541,5.566199
1990-10-31,1989-10-31,731,-0.181070,0.079920,0.119574,0.116229,-0.183569,5.567286
1990-11-30,1989-11-30,732,-0.140371,0.080072,0.114552,0.106326,-0.183672,5.570593
1990-12-31,1989-12-31,733,-0.130753,0.080220,0.092364,0.062236,-0.183632,5.569501
1991-01-31,1990-01-31,734,-0.013544,0.080160,0.103916,0.084947,-0.182958,5.550667
1991-02-28,1990-02-28,735,0.044281,0.080148,0.102728,0.082428,-0.182472,5.536992
1991-03-31,1990-03-31,736,0.052264,0.080139,0.100500,0.077891,-0.182110,5.526383
1991-04-30,1990-04-30,737,0.086570,0.080024,0.104580,0.085700,-0.181726,5.513685
1991-05-31,1990-05-31,738,0.037098,0.079972,0.091390,0.059654,-0.181560,5.507393
1991-06-30,1990-06-30,739,-0.002053,0.079924,0.094192,0.065048,-0.181418,5.501812
1991-07-31,1990-07-31,740,0.060015,0.079757,0.089454,0.055558,-0.181276,5.494049
1991-08-31,1990-08-31,741,0.210008,0.079448,0.104524,0.084702,-0.181042,5.481258
1991-09-30,1990-09-30,742,0.271051,0.079083,0.110702,0.096302,-0.180770,5.466449
1991-10-31,1990-10-31,743,0.314253,0.078738,0.113017,0.100359,-0.180576,5.453856
1991-11-30,1990-11-30,744,0.183826,0.078448,0.101337,0.077309,-0.180542,5.446149
1991-12-31,1990-12-31,745,0.278761,0.078172,0.096815,0.068266,-0.180952,5.449430
1992-01-31,1991-01-31,746,0.214647,0.078051,0.081227,0.037847,-0.181043,5.448645
1992-02-29,1991-02-28,747,0.144031,0.078006,0.072619,0.021072,-0.181081,5.448448
1992-03-31,1991-03-31,748,0.084404,0.077972,0.067544,0.011180,-0.181111,5.448432
1992-04-30,1991-04-30,749,0.099034,0.077984,0.067011,0.010149,-0.181108,5.448465
1992-05-31,1991-05-31,750,0.063323,0.077930,0.063731,0.003744,-0.181154,5.448860
1992-06-30,1991-06-30,751,0.093603,0.077825,0.065045,0.006199,-0.181281,5.449717
1992-07-31,1991-07-31,752,0.087590,0.077802,0.059029,-0.005483,-0.181265,5.449567
1992-08-31,1991-08-31,753,0.038119,0.077975,0.052036,-0.018927,-0.181154,5.450785
1992-09-30,1991-09-30,754,0.067430,0.078227,0.053889,-0.015159,-0.181112,5.454860
1992-10-31,1991-10-31,755,0.064161,0.078535,0.051635,-0.019365,-0.181112,5.460909
1992-11-30,1991-11-30,756,0.156118,0.078672,0.054752,-0.013158,-0.180983,5.461176
1992-12-31,1991-12-31,757,0.058792,0.078932,0.046096,-0.029710,-0.180633,5.459613
1993-01-31,1992-01-31,758,0.074563,0.079108,0.045744,-0.030022,-0.180056,5.452278
1993-02-28,1992-02-29,759,0.064482,0.079192,0.044557,-0.032023,-0.179550,5.444907
1993-03-31,1992-03-31,760,0.118486,0.079199,0.047912,-0.025317,-0.179215,5.439772
1993-04-30,1992-04-30,761,0.073525,0.079225,0.045817,-0.029144,-0.178803,5.433440
1993-05-31,1992-05-31,762,0.100660,0.079204,0.043794,-0.032897,-0.178512,5.428846
1993-06-30,1992-06-30,763,0.130682,0.079223,0.046462,-0.027495,-0.178094,5.422316
1993-07-31,1992-07-31,764,0.086301,0.079234,0.043200,-0.033520,-0.177595,5.414196
1993-08-31,1992-08-31,765,0.153527,0.079181,0.045134,-0.029602,-0.177257,5.408497
1993-09-30,1992-09-30,766,0.138981,0.079166,0.044537,-0.030491,-0.176777,5.400475
1993-10-31,1992-10-31,767,0.143192,0.079146,0.043249,-0.032696,-0.176275,5.391999
1993-11-30,1992-11-30,768,0.078206,0.079245,0.040561,-0.037305,-0.175297,5.375728
1993-12-31,1992-12-31,769,0.078959,0.079219,0.039207,-0.039578,-0.174723,5.365810
1994-01-31,1993-01-31,770,0.099211,0.079213,0.038728,-0.040106,-0.174038,5.353984
1994-02-28,1993-02-28,771,0.070792,0.079194,0.038834,-0.039541,-0.173400,5.342909
1994-03-31,1993-03-31,772,-0.002313,0.079244,0.037951,-0.040701,-0.172490,5.327304
1994-04-30,1993-04-30,773,0.036021,0.079237,0.039976,-0.036484,-0.171829,5.315886
1994-05-31,1993-05-31,774,0.012695,0.079264,0.038502,-0.038775,-0.170942,5.300439
1994-06-30,1993-06-30,775,-0.020451,0.079329,0.039046,-0.037175,-0.169931,5.283020
1994-07-31,1993-07-31,776,0.009872,0.079338,0.039355,-0.036149,-0.169140,5.269217
1994-08-31,1993-08-31,777,0.011750,0.079432,0.037073,-0.039753,-0.167954,5.248687
1994-09-30,1993-09-30,778,-0.009647,0.079508,0.037250,-0.038792,-0.166856,5.229627
1994-10-31,1993-10-31,779,-0.010744,0.079588,0.037161,-0.038295,-0.165701,5.209475
1994-11-30,1993-11-30,780,-0.031655,0.079586,0.039120,-0.034223,-0.164929,5.195900
1994-12-31,1993-12-31,781,-0.039576,0.079586,0.038823,-0.034326,-0.164125,5.181706
1995-01-31,1994-01-31,782,-0.050401,0.079610,0.037429,-0.036363,-0.163172,5.164847
1995-02-28,1994-02-28,783,0.009324,0.079599,0.039851,-0.031493,-0.162431,5.151738
1995-03-31,1994-03-31,784,0.083557,0.079496,0.042971,-0.025637,-0.162197,5.147598
1995-04-30,1994-04-30,785,0.098557,0.079442,0.044239,-0.023066,-0.161732,5.139404
1995-05-31,1994-05-31,786,0.123510,0.079358,0.044368,-0.022659,-0.161407,5.133639
1995-06-30,1994-06-30,787,0.191001,0.079233,0.046124,-0.019401,-0.161324,5.132169
1995-07-31,1994-07-31,788,0.201400,0.079147,0.044022,-0.023099,-0.161036,5.127091
1995-08-31,1994-08-31,789,0.161485,0.079062,0.043176,-0.024466,-0.160699,5.121095
1995-09-30,1994-09-30,790,0.229355,0.078952,0.045738,-0.019696,-0.160518,5.117884
1995-10-31,1994-10-31,791,0.194414,0.078840,0.044451,-0.021954,-0.160345,5.114810
1995-11-30,1994-11-30,792,0.296334,0.078703,0.053451,-0.005537,-0.160345,5.114807
1995-12-31,1994-12-31,793,0.299310,0.078556,0.054350,-0.003920,-0.160395,5.115694
1996-01-31,1995-01-31,794,0.304524,0.078396,0.054292,-0.004075,-0.160503,5.117613
1996-02-29,1995-02-28,795,0.275575,0.078310,0.052032,-0.008074,-0.160238,5.112939
1996-03-31,1995-03-31,796,0.256729,0.078317,0.051484,-0.008740,-0.159550,5.100951
1996-04-30,1995-04-30,797,0.255615,0.078342,0.049602,-0.011791,-0.158801,5.087949
1996-05-31,1995-05-31,798,0.249157,0.078397,0.052229,-0.006592,-0.157906,5.072412
1996-06-30,1995-06-30,799,0.202576,0.078536,0.051434,-0.007414,-0.156653,5.050834
1996-07-31,1995-07-31,800,0.090595,0.078688,0.055810,0.001100,-0.155281,5.026993
1996-08-31,1995-08-31,801,0.114695,0.078789,0.054371,-0.000948,-0.154139,5.007107
1996-09-30,1995-09-30,802,0.131494,0.078974,0.052032,-0.004410,-0.152670,4.981753
1996-10-31,1995-10-31,803,0.159403,0.079116,0.056805,0.004657,-0.151379,4.959374
1996-11-30,1995-11-30,804,0.183872,0.079382,0.052524,-0.002132,-0.149820,4.933427
1996-12-31,1995-12-31,805,0.152128,0.079651,0.051759,-0.002698,-0.148286,4.908026
1997-01-31,1996-01-31,806,0.183003,0.079926,0.053937,0.001887,-0.146731,4.882268
1997-02-28,1996-02-29,807,0.162028,0.080165,0.052548,0.000202,-0.145255,4.857521
1997-03-31,1996-03-31,808,0.096481,0.080381,0.052519,0.000840,-0.143869,4.834221
1997-04-30,1996-04-30,809,0.117546,0.080594,0.050739,-0.001508,-0.142435,4.809888
1997-05-31,1996-05-31,810,0.165504,0.080799,0.045116,-0.010445,-0.141128,4.788001
1997-06-30,1996-06-30,811,0.227697,0.080947,0.044436,-0.011019,-0.140051,4.769892
1997-07-31,1996-07-31,812,0.403107,0.080959,0.045292,-0.009340,-0.139647,4.763254
1997-08-31,1996-08-31,813,0.309395,0.081000,0.042294,-0.014125,-0.139100,4.754203
1997-09-30,1996-09-30,814,0.313250,0.081061,0.040284,-0.017146,-0.138425,4.742879
1997-10-31,1996-10-31,815,0.252898,0.081155,0.037878,-0.020791,-0.137713,4.731269
1997-11-30,1996-11-30,816,0.213916,0.081280,0.031792,-0.030482,-0.136784,4.715733
1997-12-31,1996-12-31,817,0.252568,0.081365,0.032306,-0.029137,-0.136006,4.702678
1998-01-31,1997-01-31,818,0.193939,0.081487,0.026618,-0.038098,-0.135125,4.688060
1998-02-28,1997-02-28,819,0.285656,0.081584,0.028041,-0.035202,-0.134322,4.674636
1998-03-31,1997-03-31,820,0.420964,0.081602,0.030977,-0.030014,-0.133858,4.666869
1998-04-30,1997-04-30,821,0.374890,0.081645,0.028630,-0.033536,-0.133255,4.656697
1998-05-31,1997-05-31,822,0.246229,0.081746,0.024655,-0.039494,-0.132271,4.639637
1998-06-30,1997-06-30,823,0.234976,0.081921,0.026958,-0.034819,-0.130916,4.616096
1998-07-31,1997-07-31,824,0.121034,0.082305,0.023709,-0.038638,-0.128597,4.575957
1998-08-31,1997-08-31,825,-0.018678,0.082576,0.027114,-0.031886,-0.126712,4.542937
1998-09-30,1997-09-30,826,-0.011969,0.082852,0.025257,-0.033626,-0.124741,4.508140
1998-10-31,1997-10-31,827,0.101200,0.083054,0.028386,-0.027558,-0.123069,4.478396
1998-11-30,1997-11-30,828,0.134124,0.083210,0.030441,-0.023316,-0.121468,4.449371
1998-12-31,1997-12-31,829,0.188044,0.083411,0.030416,-0.022255,-0.119637,4.416211
1999-01-31,1998-01-31,830,0.228151,0.083543,0.030174,-0.021685,-0.118043,4.386923
1999-02-28,1998-02-28,831,0.098986,0.083782,0.025427,-0.027741,-0.115862,4.346985
1999-03-31,1998-03-31,832,0.084552,0.084182,0.023437,-0.028915,-0.112895,4.293092
1999-04-30,1998-04-30,833,0.122768,0.084526,0.023372,-0.027254,-0.110159,4.243061
1999-05-31,1998-05-31,834,0.130840,0.084717,0.025531,-0.022763,-0.108199,4.206862
1999-06-30,1998-06-30,835,0.148094,0.084894,0.021561,-0.027551,-0.106411,4.174043
1999-07-31,1998-07-31,836,0.136012,0.084937,0.023178,-0.024471,-0.105359,4.154575
1999-08-31,1998-08-31,837,0.338475,0.084815,0.033272,-0.009515,-0.105359,4.154580
1999-09-30,1998-09-30,838,0.224103,0.084701,0.027657,-0.017793,-0.105293,4.153356
1999-10-31,1998-10-31,839,0.212684,0.084721,0.024496,-0.021971,-0.104497,4.138792
1999-11-30,1998-11-30,840,0.181135,0.084779,0.017824,-0.031163,-0.103531,4.121227
1999-12-31,1998-12-31,841,0.197645,0.084900,0.015556,-0.033584,-0.102220,4.097382
2000-01-31,1999-01-31,842,0.102079,0.085067,0.013668,-0.035234,-0.100652,4.068829
2000-02-29,1999-02-28,843,0.177237,0.085084,0.015369,-0.032206,-0.099845,4.053951
2000-03-31,1999-03-31,844,0.195288,0.085083,0.014365,-0.033143,-0.099107,4.040281
2000-04-30,1999-04-30,845,0.073607,0.085127,0.014379,-0.032426,-0.098107,4.021757
2000-05-31,1999-05-31,846,0.052968,0.085180,0.015334,-0.030364,-0.097107,4.003329
2000-06-30,1999-06-30,847,0.050624,0.085253,0.017895,-0.025899,-0.095906,3.980989
2000-07-31,1999-07-31,848,0.062321,0.085313,0.020107,-0.022053,-0.094838,3.961187
2000-08-31,1999-08-31,849,0.153212,0.085607,0.022253,-0.017659,-0.092758,3.923713
2000-09-30,1999-09-30,850,0.122542,0.085767,0.024273,-0.013864,-0.091234,3.895784
2000-10-31,1999-10-31,851,0.027947,0.085914,0.020224,-0.018485,-0.089711,3.867639
2000-11-30,1999-11-30,852,-0.112626,0.086024,0.020461,-0.017200,-0.088243,3.840099
2000-12-31,1999-12-31,853,-0.168245,0.086154,0.017238,-0.020514,-0.086609,3.809288
2001-01-31,2000-01-31,854,-0.097451,0.086172,0.019974,-0.016174,-0.085655,3.791232
2001-02-28,2000-02-29,855,-0.208444,0.086277,0.019449,-0.015922,-0.084195,3.763688
2001-03-31,2000-03-31,856,-0.305311,0.086403,0.017870,-0.016971,-0.082591,3.733375
2001-04-30,2000-04-30,857,-0.195960,0.086388,0.020711,-0.012737,-0.081894,3.720205
2001-05-31,2000-05-31,858,-0.151754,0.086349,0.023671,-0.008478,-0.081369,3.710302
2001-06-30,2000-06-30,859,-0.206364,0.086308,0.016487,-0.017669,-0.080903,3.701567
2001-07-31,2000-07-31,860,-0.203928,0.086281,0.017194,-0.016390,-0.080393,3.692056
2001-08-31,2000-08-31,861,-0.305330,0.086358,0.012901,-0.021286,-0.079321,3.672143
2001-09-30,2000-09-30,862,-0.332699,0.086399,0.018739,-0.013087,-0.078495,3.656897
2001-10-31,2000-10-31,863,-0.297168,0.086332,0.024053,-0.005991,-0.078234,3.652023
2001-11-30,2000-11-30,864,-0.151074,0.086105,0.034677,0.007468,-0.078911,3.664637
2001-12-31,2000-12-31,865,-0.147940,0.085815,0.034820,0.007073,-0.079958,3.684310
2002-01-31,2001-01-31,866,-0.187510,0.085606,0.032635,0.003879,-0.080520,3.694804
2002-02-28,2001-02-28,867,-0.115535,0.085272,0.039070,0.011674,-0.081811,3.718936
2002-03-31,2001-03-31,868,-0.004443,0.084828,0.042481,0.015218,-0.083749,3.755302
2002-04-30,2001-04-30,869,-0.125762,0.084509,0.035180,0.004783,-0.084927,3.777251
2002-05-31,2001-05-31,870,-0.144009,0.084241,0.034367,0.003192,-0.085805,3.793489
2002-06-30,2001-06-30,871,-0.189581,0.083912,0.034530,0.002718,-0.087052,3.816961
2002-07-31,2001-07-31,872,-0.238499,0.083587,0.034616,0.002156,-0.088268,3.839820
2002-08-31,2001-08-31,873,-0.181605,0.083147,0.039822,0.008290,-0.090192,3.876316
2002-09-30,2001-09-30,874,-0.190438,0.082678,0.040431,0.008082,-0.092210,3.914103
2002-10-31,2001-10-31,875,-0.148702,0.082250,0.032499,-0.003982,-0.093921,3.945712
2002-11-30,2001-11-30,876,-0.161972,0.081987,0.021096,-0.020558,-0.094713,3.959840
2002-12-31,2001-12-31,877,-0.221222,0.081728,0.017319,-0.026423,-0.095483,3.973572
2003-01-31,2002-01-31,878,-0.229311,0.081426,0.017128,-0.027371,-0.096468,3.991277
2003-02-28,2002-02-28,879,-0.225228,0.081205,0.018200,-0.026251,-0.097054,4.001551
2003-03-31,2002-03-31,880,-0.248501,0.081109,0.015180,-0.030602,-0.097114,4.002582
2003-04-30,2002-04-30,881,-0.147117,0.080877,0.016997,-0.028451,-0.097753,4.013955
2003-05-31,2002-05-31,882,-0.084952,0.080625,0.016525,-0.029634,-0.098484,4.027011
2003-06-30,2002-06-30,883,-0.000958,0.080323,0.021122,-0.023672,-0.099446,4.044186
2003-07-31,2002-07-31,884,0.112662,0.079968,0.024717,-0.019263,-0.100653,4.065745
2003-08-31,2002-08-31,885,0.132386,0.079676,0.021370,-0.024707,-0.101533,4.081098
2003-09-30,2002-09-30,886,0.246451,0.079375,0.027481,-0.016391,-0.102445,4.096988
2003-10-31,2002-10-31,887,0.226108,0.079122,0.023269,-0.023022,-0.103180,4.110211
2003-11-30,2002-11-30,888,0.173823,0.078854,0.020359,-0.027827,-0.104001,4.125511
2003-12-31,2002-12-31,889,0.297208,0.078521,0.022762,-0.025047,-0.105188,4.147858
2004-01-31,2003-01-31,890,0.359614,0.078179,0.025936,-0.021106,-0.106416,4.170995
2004-02-29,2003-02-28,891,0.406208,0.077843,0.026875,-0.020433,-0.107605,4.193318
2004-03-31,2003-03-31,892,0.373514,0.077482,0.025974,-0.022601,-0.108943,4.218628
2004-04-30,2003-04-30,893,0.246750,0.077234,0.022293,-0.028579,-0.109631,4.231595
2004-05-31,2003-05-31,894,0.188722,0.077055,0.018837,-0.033992,-0.109927,4.237175
2004-06-30,2003-06-30,895,0.193281,0.076969,0.017686,-0.035614,-0.109753,4.233940
2004-07-31,2003-07-31,896,0.121495,0.077008,0.017351,-0.035596,-0.108982,4.219717
2004-08-31,2003-08-31,897,0.097800,0.077069,0.017610,-0.034572,-0.108041,4.202198
2004-09-30,2003-09-30,898,0.128884,0.077255,0.018893,-0.031687,-0.106611,4.176039
2004-10-31,2003-10-31,899,0.079454,0.077419,0.016698,-0.033990,-0.105194,4.149785
2004-11-30,2003-11-30,900,0.111608,0.077525,0.015300,-0.035248,-0.104017,4.127801
2004-12-31,2003-12-31,901,0.102239,0.077765,0.013855,-0.036107,-0.102206,4.094210
2005-01-31,2004-01-31,902,0.051291,0.078074,0.011701,-0.037788,-0.100165,4.056697
2005-02-28,2004-02-29,903,0.055829,0.078432,0.011623,-0.036287,-0.097920,4.015574
2005-03-31,2004-03-31,904,0.049973,0.078754,0.012709,-0.033247,-0.095833,3.977231
2005-04-30,2004-04-30,905,0.042309,0.078938,0.014345,-0.029890,-0.094344,3.949574
2005-05-31,2004-05-31,906,0.066969,0.079057,0.016024,-0.026685,-0.093114,3.926493
2005-06-30,2004-06-30,907,0.053645,0.079181,0.016484,-0.025178,-0.091841,3.902539
2005-07-31,2004-07-31,908,0.139025,0.079227,0.019567,-0.020327,-0.090991,3.886518
2005-08-31,2004-08-31,909,0.124946,0.079248,0.020643,-0.018379,-0.090289,3.873308
2005-09-30,2004-09-30,910,0.111684,0.079301,0.019959,-0.018763,-0.089435,3.857299
2005-10-31,2004-10-31,911,0.075726,0.079302,0.028175,-0.007102,-0.088837,3.846016
2005-11-30,2004-11-30,912,0.066336,0.079337,0.033553,0.000725,-0.088034,3.830808
2005-12-31,2004-12-31,913,0.029013,0.079361,0.037388,0.006373,-0.087269,3.816265
2006-01-31,2005-01-31,914,0.088901,0.079331,0.041260,0.011889,-0.086784,3.807000
2006-02-28,2005-02-28,915,0.066313,0.079306,0.041710,0.012756,-0.086275,3.797268
2006-03-31,2005-03-31,916,0.103167,0.079274,0.043688,0.015658,-0.085819,3.788585
2006-04-30,2005-04-30,917,0.140960,0.079234,0.047357,0.020795,-0.085432,3.781251
2006-05-31,2005-05-31,918,0.062520,0.079221,0.043973,0.016479,-0.084929,3.771728
2006-06-30,2005-06-30,919,0.053030,0.079194,0.044337,0.017175,-0.084510,3.763824
2006-07-31,2005-07-31,920,0.005927,0.079258,0.043066,0.015892,-0.083667,3.748053
2006-08-31,2005-08-31,921,0.038404,0.079307,0.046870,0.021333,-0.082924,3.734187
2006-09-30,2005-09-30,922,0.052943,0.079341,0.046366,0.020988,-0.082246,3.721518
2006-10-31,2005-10-31,923,0.110845,0.079338,0.040958,0.014013,-0.081864,3.714572
2006-11-30,2005-11-30,924,0.089111,0.079324,0.035355,0.006750,-0.081585,3.709604
2006-12-31,2005-12-31,925,0.101069,0.079270,0.034256,0.005346,-0.081502,3.708152
2007-01-31,2006-01-31,926,0.083354,0.079280,0.031462,0.001833,-0.081205,3.703074
2007-02-28,2006-02-28,927,0.065656,0.079266,0.033939,0.005226,-0.081004,3.699633
2007-03-31,2006-03-31,928,0.057066,0.079292,0.034471,0.006124,-0.080678,3.694143
2007-04-30,2006-04-30,929,0.085669,0.079357,0.035162,0.007292,-0.080255,3.687182
2007-05-31,2006-05-31,930,0.162621,0.079339,0.041026,0.015098,-0.080090,3.684395
2007-06-30,2006-06-30,931,0.144690,0.079312,0.044254,0.019408,-0.079963,3.682273
2007-07-31,2006-07-31,932,0.112072,0.079234,0.043974,0.019016,-0.080009,3.683047
2007-08-31,2006-08-31,933,0.100195,0.079191,0.045874,0.021542,-0.079953,3.682123
2007-09-30,2006-09-30,934,0.113361,0.079163,0.044998,0.020453,-0.079842,3.680281
2007-10-31,2006-10-31,935,0.096451,0.079196,0.043491,0.018679,-0.079465,3.673815
2007-11-30,2006-11-30,936,0.027682,0.079207,0.048075,0.024858,-0.079119,3.667692
2007-12-31,2006-12-31,937,0.010549,0.079230,0.049410,0.026803,-0.078710,3.660443
2008-01-31,2007-01-31,938,-0.064017,0.079234,0.051062,0.029130,-0.078351,3.653987
2008-02-29,2007-02-28,939,-0.073647,0.079220,0.053349,0.032227,-0.078097,3.649460
2008-03-31,2007-03-31,940,-0.088196,0.079197,0.056600,0.036553,-0.077885,3.645705
2008-04-30,2007-04-30,941,-0.080178,0.079203,0.055682,0.035506,-0.077560,3.639946
2008-05-31,2007-05-31,942,-0.092919,0.079291,0.056727,0.037123,-0.076995,3.630263
2008-06-30,2007-06-30,943,-0.147854,0.079359,0.059837,0.041355,-0.076542,3.622655
2008-07-31,2007-07-31,944,-0.121402,0.079394,0.066148,0.049649,-0.076207,3.617019
2008-08-31,2007-08-31,945,-0.117168,0.079415,0.065460,0.048876,-0.075934,3.612498
2008-09-30,2007-09-30,946,-0.218828,0.079451,0.070842,0.055939,-0.075608,3.607040
2008-10-31,2007-10-31,947,-0.359612,0.079468,0.080831,0.068879,-0.075329,3.602338
2008-11-30,2007-11-30,948,-0.387173,0.079415,0.090542,0.081357,-0.075326,3.602289
2008-12-31,2007-12-31,949,-0.375510,0.079343,0.093573,0.085234,-0.075386,3.603250
2009-01-31,2008-01-31,950,-0.385405,0.079194,0.103709,0.098191,-0.075689,3.608078
2009-02-28,2008-02-29,951,-0.427219,0.079035,0.107910,0.103522,-0.076017,3.613183
2009-03-31,2008-03-31,952,-0.374488,0.078862,0.104610,0.099172,-0.076377,3.618584
2009-04-30,2008-04-30,953,-0.345565,0.078697,0.095467,0.087266,-0.076715,3.623725
2009-05-31,2008-05-31,954,-0.327613,0.078519,0.089763,0.079763,-0.077086,3.629280
2009-06-30,2008-06-30,955,-0.261395,0.078285,0.096612,0.088456,-0.077588,3.636499
2009-07-31,2008-07-31,956,-0.201379,0.078079,0.098733,0.091050,-0.077976,3.641477
2009-08-31,2008-08-31,957,-0.187234,0.077877,0.095708,0.086965,-0.078358,3.646453
2009-09-30,2008-09-30,958,-0.066491,0.077571,0.101537,0.094293,-0.078902,3.652603
2009-10-31,2008-10-31,959,0.101256,0.077121,0.115309,0.111826,-0.079497,3.656149
2009-11-30,2008-11-30,960,0.255209,0.076644,0.129380,0.129648,-0.079875,3.653595
2009-12-31,2008-12-31,961,0.264747,0.076179,0.118486,0.114926,-0.080164,3.649118
2010-01-31,2009-01-31,962,0.331753,0.075705,0.125737,0.123700,-0.080175,3.637512
2010-02-28,2009-02-28,963,0.530562,0.075189,0.140368,0.141831,-0.080055,3.621654
2010-03-31,2009-03-31,964,0.496995,0.074728,0.159632,0.165917,-0.080041,3.609743
2010-04-30,2009-04-30,965,0.388487,0.074298,0.143093,0.144073,-0.080262,3.604446
2010-05-31,2009-05-31,966,0.221615,0.073887,0.128552,0.124936,-0.080607,3.602731
2010-06-30,2009-06-30,967,0.153402,0.073545,0.125150,0.120142,-0.080761,3.597912
2010-07-31,2009-07-31,968,0.142825,0.073264,0.106620,0.096033,-0.080853,3.593039
2010-08-31,2009-08-31,969,0.055776,0.072999,0.095260,0.081187,-0.080987,3.589635
2010-09-30,2009-09-30,970,0.108053,0.072857,0.085970,0.069134,-0.081010,3.586382
2010-10-31,2009-10-31,971,0.180208,0.072886,0.094541,0.080090,-0.081007,3.586164
2010-11-30,2009-11-30,972,0.125374,0.073071,0.073269,0.052979,-0.081204,3.594022
2010-12-31,2009-12-31,973,0.167549,0.073265,0.068488,0.046963,-0.081336,3.600896
2011-01-31,2010-01-31,974,0.230735,0.073528,0.071023,0.050370,-0.081608,3.612485
2011-02-28,2010-02-28,975,0.230425,0.073991,0.066677,0.044957,-0.082451,3.641941
2011-03-31,2010-03-31,976,0.162967,0.074419,0.038382,0.007956,-0.083543,3.675798
2011-04-30,2010-04-30,977,0.171721,0.074736,0.034490,0.002743,-0.084103,3.694941
2011-05-31,2010-05-31,978,0.253731,0.074885,0.041572,0.012083,-0.084240,3.700459
2011-06-30,2010-06-30,979,0.304057,0.074964,0.047017,0.019278,-0.084278,3.702110
2011-07-31,2010-07-31,980,0.195077,0.075032,0.046823,0.019050,-0.084284,3.703330
2011-08-31,2010-08-31,981,0.182356,0.075013,0.052736,0.026836,-0.084299,3.703024
2011-09-30,2010-09-30,982,0.005442,0.075046,0.045907,0.017855,-0.084258,3.702957
2011-10-31,2010-10-31,983,0.072151,0.075152,0.034891,0.003387,-0.084200,3.703960
2011-11-30,2010-11-30,984,0.063392,0.075202,0.036677,0.005844,-0.084069,3.702562
2011-12-31,2010-12-31,985,0.004583,0.075295,0.034217,0.002777,-0.083814,3.699414
2012-01-31,2011-01-31,986,0.032558,0.075451,0.033408,0.001970,-0.083460,3.695340
2012-02-29,2011-02-28,987,0.040524,0.075606,0.031652,-0.000052,-0.083048,3.690027
2012-03-31,2011-03-31,988,0.066727,0.075693,0.032996,0.002075,-0.082447,3.679494
2012-04-30,2011-04-30,989,0.029067,0.075789,0.031416,0.000417,-0.081755,3.667152
2012-05-31,2011-05-31,990,-0.019326,0.075967,0.035265,0.005975,-0.080868,3.651895
2012-06-30,2011-06-30,991,0.034908,0.076194,0.041097,0.014115,-0.079916,3.636102
2012-07-31,2011-07-31,992,0.067795,0.076312,0.041364,0.014795,-0.079331,3.626381
2012-08-31,2011-08-31,993,0.162672,0.076418,0.049232,0.025223,-0.078869,3.619092
2012-09-30,2011-09-30,994,0.289464,0.076347,0.059826,0.038873,-0.078922,3.619976
2012-10-31,2011-10-31,995,0.140608,0.076343,0.050673,0.027183,-0.078657,3.615243
2012-11-30,2011-11-30,996,0.153442,0.076330,0.053187,0.030524,-0.078443,3.611464
2012-12-31,2011-12-31,997,0.158373,0.076259,0.052658,0.029839,-0.078449,3.611574
2013-01-31,2012-01-31,998,0.162893,0.076216,0.050902,0.027631,-0.078336,3.609542
2013-02-28,2012-02-29,999,0.128038,0.076181,0.050905,0.027710,-0.078178,3.606676
2013-03-31,2012-03-31,1000,0.137727,0.076171,0.047916,0.023990,-0.077922,3.602081
2013-04-30,2012-04-30,1001,0.165551,0.076125,0.049263,0.025773,-0.077812,3.600083
2013-05-31,2012-05-31,1002,0.275463,0.076031,0.057062,0.035740,-0.077919,3.601997
2013-06-30,2012-06-30,1003,0.213594,0.075990,0.050334,0.027132,-0.077848,3.600769
2013-07-31,2012-07-31,1004,0.269551,0.075982,0.050810,0.027836,-0.077661,3.597538
2013-08-31,2012-08-31,1005,0.207956,0.076067,0.050231,0.027320,-0.077231,3.590558
2013-09-30,2012-09-30,1006,0.220001,0.076277,0.046276,0.022633,-0.076601,3.581466
2013-10-31,2012-10-31,1007,0.292810,0.076340,0.047902,0.024897,-0.076259,3.575973
2013-11-30,2012-11-30,1008,0.321879,0.076416,0.047128,0.024108,-0.075906,3.570447
2013-12-31,2012-12-31,1009,0.342611,0.076496,0.051877,0.030353,-0.075535,3.564591
2014-01-31,2013-01-31,1010,0.232018,0.076581,0.046546,0.023799,-0.075131,3.558122
2014-02-28,2013-02-28,1011,0.272953,0.076631,0.044704,0.021630,-0.074833,3.553358
2014-03-31,2013-03-31,1012,0.228681,0.076691,0.041868,0.018238,-0.074477,3.547501
2014-04-30,2013-04-30,1013,0.207245,0.076777,0.040856,0.017207,-0.074050,3.540555
2014-05-31,2013-05-31,1014,0.198309,0.076971,0.038249,0.014309,-0.073421,3.531132
2014-06-30,2013-06-30,1015,0.243716,0.077104,0.043754,0.021559,-0.072864,3.522159
2014-07-31,2013-07-31,1016,0.155711,0.077291,0.040474,0.017860,-0.072148,3.510675
2014-08-31,2013-08-31,1017,0.236810,0.077418,0.041211,0.019097,-0.071610,3.502007
2014-09-30,2013-09-30,1018,0.170309,0.077557,0.040566,0.018651,-0.070979,3.491492
2014-10-31,2013-10-31,1019,0.151709,0.077765,0.041631,0.020454,-0.070146,3.477781
2014-11-30,2013-11-30,1020,0.145605,0.078002,0.039587,0.018463,-0.069208,3.462255
2014-12-31,2013-12-31,1021,0.114922,0.078258,0.035956,0.014536,-0.068309,3.447994
2015-01-31,2014-01-31,1022,0.119230,0.078407,0.038304,0.017807,-0.067653,3.437091
2015-02-28,2014-02-28,1023,0.133821,0.078595,0.038221,0.018181,-0.066836,3.423309
2015-03-31,2014-03-31,1024,0.116830,0.078740,0.038394,0.018801,-0.066123,3.411054
2015-04-30,2014-04-30,1025,0.125708,0.078863,0.038914,0.019802,-0.065472,3.399792
2015-05-31,2014-05-31,1026,0.117737,0.078979,0.038210,0.019317,-0.064817,3.388292
2015-06-30,2014-06-30,1027,0.073060,0.079137,0.034003,0.014672,-0.064092,3.375976
2015-07-31,2014-07-31,1028,0.112007,0.079211,0.034544,0.015599,-0.063624,3.367863
2015-08-31,2014-08-31,1029,0.004315,0.079362,0.033839,0.015194,-0.062886,3.355117
2015-09-30,2014-09-30,1030,-0.006093,0.079449,0.035940,0.018009,-0.062372,3.346214
2015-10-31,2014-10-31,1031,0.042521,0.079519,0.030526,0.011816,-0.061937,3.338729
2015-11-30,2014-11-30,1032,0.022217,0.079582,0.030371,0.011899,-0.061502,3.331149
2015-12-31,2014-12-31,1033,0.001390,0.079616,0.031041,0.012912,-0.061143,3.324752
2016-01-31,2015-01-31,1034,-0.024015,0.079654,0.034737,0.017501,-0.060792,3.318588
2016-02-29,2015-02-28,1035,-0.080746,0.079705,0.031194,0.013552,-0.060389,3.311512
2016-03-31,2015-03-31,1036,-0.008554,0.079741,0.033933,0.016986,-0.060051,3.305569
2016-04-30,2015-04-30,1037,-0.005697,0.079785,0.034180,0.017493,-0.059687,3.299204
2016-05-31,2015-05-31,1038,-0.002212,0.079821,0.035232,0.018929,-0.059347,3.293215
2016-06-30,2015-06-30,1039,0.012695,0.079814,0.037145,0.021294,-0.059136,3.289426
2016-07-31,2015-07-31,1040,0.035484,0.079845,0.037409,0.021801,-0.058784,3.283114
2016-08-31,2015-08-31,1041,0.106847,0.079773,0.046085,0.031935,-0.058834,3.284020
2016-09-30,2015-09-30,1042,0.144300,0.079692,0.049404,0.035776,-0.058930,3.285724
2016-10-31,2015-10-31,1043,0.042288,0.079657,0.045916,0.031745,-0.058816,3.283639
2016-11-30,2015-11-30,1044,0.085099,0.079602,0.047229,0.033299,-0.058781,3.283012
2016-12-31,2015-12-31,1045,0.127933,0.079528,0.050511,0.037119,-0.058832,3.283934
2017-01-31,2016-01-31,1046,0.217339,0.079430,0.054449,0.041660,-0.058990,3.286756
2017-02-28,2016-02-29,1047,0.259741,0.079279,0.053902,0.040853,-0.059359,3.293481
2017-03-31,2016-03-31,1048,0.182609,0.079196,0.051616,0.038124,-0.059455,3.295217
2017-04-30,2016-04-30,1049,0.185021,0.079116,0.051551,0.038007,-0.059542,3.296767
2017-05-31,2016-05-31,1050,0.177708,0.079040,0.049758,0.035861,-0.059618,3.298133
2017-06-30,2016-06-30,1051,0.188178,0.078977,0.050901,0.037192,-0.059647,3.298651
2017-07-31,2016-07-31,1052,0.164210,0.078936,0.047151,0.032805,-0.059598,3.297776
2017-08-31,2016-08-31,1053,0.160562,0.078963,0.045161,0.030590,-0.059370,3.293989
2017-09-30,2016-09-30,1054,0.185592,0.079024,0.046685,0.032549,-0.059061,3.289003
2017-10-31,2016-10-31,1055,0.236809,0.078989,0.047749,0.033815,-0.059029,3.288467
2017-11-30,2016-11-30,1056,0.216161,0.078995,0.046035,0.031888,-0.058876,3.285947
2017-12-31,2016-12-31,1057,0.207849,0.079041,0.046018,0.032009,-0.058624,3.281935
2018-01-31,2017-01-31,1058,0.249428,0.079170,0.044544,0.030546,-0.058177,3.275099
2018-02-28,2017-02-28,1059,0.164747,0.079339,0.044132,0.030394,-0.057614,3.266449
2018-03-31,2017-03-31,1060,0.136691,0.079435,0.042554,0.028781,-0.057227,3.260342
2018-04-30,2017-04-30,1061,0.127796,0.079533,0.043781,0.030435,-0.056834,3.254133
2018-05-31,2017-05-31,1062,0.144472,0.079625,0.043528,0.030364,-0.056443,3.247837
2018-06-30,2017-06-30,1063,0.141253,0.079726,0.044866,0.032144,-0.056036,3.241372
2018-07-31,2017-07-31,1064,0.155247,0.079804,0.044866,0.032353,-0.055658,3.235141
2018-08-31,2017-08-31,1065,0.192833,0.079879,0.045781,0.033617,-0.055272,3.228663
2018-09-30,2017-09-30,1066,0.165637,0.079977,0.043031,0.030698,-0.054828,3.221329
2018-10-31,2017-10-31,1067,0.055681,0.080123,0.042461,0.030372,-0.054252,3.211871
2018-11-30,2017-11-30,1068,0.041126,0.080249,0.039888,0.027735,-0.053713,3.202916
2018-12-31,2017-12-31,1069,-0.065158,0.080367,0.035636,0.023186,-0.053201,3.194394
2019-01-31,2018-01-31,1070,-0.042722,0.080523,0.032460,0.019972,-0.052546,3.183359
2019-02-28,2018-02-28,1071,0.026561,0.080601,0.034099,0.022075,-0.052145,3.176583
2019-03-31,2018-03-31,1072,0.062547,0.080653,0.037982,0.026663,-0.051816,3.170966
2019-04-30,2018-04-30,1073,0.100599,0.080696,0.038095,0.026959,-0.051527,3.166067
2019-05-31,2018-05-31,1074,-0.000167,0.080755,0.037955,0.026999,-0.051186,3.160271
2019-06-30,2018-06-30,1075,0.062596,0.080810,0.041986,0.031720,-0.050868,3.154925
2019-07-31,2018-07-31,1076,0.041889,0.080879,0.039317,0.028924,-0.050509,3.148894
2019-08-31,2018-08-31,1077,-0.018275,0.080982,0.036091,0.025577,-0.050049,3.141238
2019-09-30,2018-09-30,1078,-0.005170,0.081059,0.034411,0.023938,-0.049643,3.134312
2019-10-31,2018-10-31,1079,0.099328,0.081036,0.040021,0.030249,-0.049572,3.133107
2019-11-30,2018-11-30,1080,0.122025,0.080999,0.045427,0.036308,-0.049537,3.132487
2019-12-31,2018-12-31,1081,0.273689,0.080866,0.054772,0.046608,-0.049849,3.138064
2020-01-31,2019-01-31,1082,0.173922,0.080753,0.049192,0.040252,-0.050081,3.142283
2020-02-29,2019-02-28,1083,0.045870,0.080703,0.048305,0.039264,-0.050070,3.142079
2020-03-31,2019-03-31,1084,-0.101016,0.080687,0.044342,0.034883,-0.049955,3.140050
2020-04-30,2019-04-30,1085,-0.020568,0.080705,0.040417,0.030618,-0.049715,3.135836
2020-05-31,2019-05-31,1086,0.111756,0.080631,0.045455,0.036205,-0.049808,3.137463
2020-06-30,2019-06-30,1087,0.063859,0.080615,0.034141,0.023601,-0.049715,3.135866
2020-07-31,2019-07-31,1088,0.110378,0.080580,0.037273,0.027126,-0.049674,3.135165
2020-08-31,2019-08-31,1089,0.224453,0.080490,0.038952,0.028923,-0.049823,3.137814
2020-09-30,2019-09-30,1090,0.164280,0.080412,0.039298,0.029255,-0.049923,3.139617
2020-10-31,2019-10-31,1091,0.117808,0.080429,0.038683,0.028689,-0.049705,3.135817
2020-11-30,2019-11-30,1092,0.207588,0.080467,0.029209,0.018250,-0.049459,3.131710
2020-12-31,2019-12-31,1093,0.228153,0.080642,0.028927,0.018300,-0.048919,3.123570
2021-01-31,2020-01-31,1094,0.229150,0.080726,0.029865,0.019575,-0.048565,3.117856
2021-02-28,2020-02-29,1095,0.372477,0.080695,0.034166,0.024366,-0.048549,3.117601
2021-03-31,2020-03-31,1096,0.624384,0.080531,0.046397,0.037755,-0.048947,3.124299
2021-04-30,2020-04-30,1097,0.494308,0.080439,0.037984,0.028289,-0.049107,3.127083
2021-05-31,2020-05-31,1098,0.418874,0.080468,0.033697,0.023638,-0.048894,3.123521
2021-06-30,2020-06-30,1099,0.421095,0.080453,0.032787,0.022705,-0.048758,3.121070
2021-07-31,2020-07-31,1100,0.363050,0.080480,0.025625,0.014904,-0.048489,3.116306
2021-08-31,2020-08-31,1101,0.305842,0.080609,0.021309,0.010519,-0.047874,3.105522
2021-09-30,2020-09-30,1102,0.296986,0.080684,0.022698,0.012336,-0.047454,3.098182
2021-10-31,2020-10-31,1103,0.404632,0.080717,0.024536,0.014547,-0.047177,3.093306
2021-11-30,2020-11-30,1104,0.236364,0.080831,0.018818,0.008696,-0.046492,3.080645
2021-12-31,2020-12-31,1105,0.218571,0.080963,0.016841,0.007042,-0.045732,3.066561
