target,r2_os_rolling
1990-12-31,0.145605
1991-01-31,0.145048
1991-02-28,0.144600
1991-03-31,0.144095
1991-04-30,0.143603
1991-05-31,0.143801
1991-06-30,0.143972
1991-07-31,0.143977
1991-08-31,0.143996
1991-09-30,0.144230
1991-10-31,0.144735
1991-11-30,0.145210
1991-12-31,0.145517
1992-01-31,0.145542
1992-02-29,0.146036
1992-03-31,0.147516
1992-04-30,0.149307
1992-05-31,0.150952
1992-06-30,0.152353
1992-07-31,0.153390
1992-08-31,0.154818
1992-09-30,0.155883
1992-10-31,0.156338
1992-11-30,0.155862
1992-12-31,0.155280
1993-01-31,0.153566
1993-02-28,0.150598
1993-03-31,0.144136
1993-04-30,0.136267
1993-05-31,0.129176
1993-06-30,0.122235
1993-07-31,0.117406
1993-08-31,0.112145
1993-09-30,0.107378
1993-10-31,0.103974
1993-11-30,0.102075
1993-12-31,0.100532
1994-01-31,0.099200
1994-02-28,0.098532
1994-03-31,0.099004
1994-04-30,0.098900
1994-05-31,0.099155
1994-06-30,0.100101
1994-07-31,0.100665
1994-08-31,0.101236
1994-09-30,0.102002
1994-10-31,0.102838
1994-11-30,0.103890
1994-12-31,0.105317
1995-01-31,0.106984
1995-02-28,0.108204
1995-03-31,0.108168
1995-04-30,0.108537
1995-05-31,0.108565
1995-06-30,0.107592
1995-07-31,0.106205
1995-08-31,0.105670
1995-09-30,0.104844
1995-10-31,0.104807
1995-11-30,0.104081
1995-12-31,0.103631
1996-01-31,0.103946
1996-02-29,0.103333
1996-03-31,0.103832
1996-04-30,0.104554
1996-05-31,0.105753
1996-06-30,0.107007
1996-07-31,0.109180
1996-08-31,0.109686
1996-09-30,0.108302
1996-10-31,0.106232
1996-11-30,0.103145
1996-12-31,0.100739
1997-01-31,0.097455
1997-02-28,0.094975
1997-03-31,0.092399
1997-04-30,0.088567
1997-05-31,0.083289
1997-06-30,0.078132
1997-07-31,0.071187
1997-08-31,0.066120
1997-09-30,0.061909
1997-10-31,0.058759
1997-11-30,0.055761
1997-12-31,0.052063
1998-01-31,0.048693
1998-02-28,0.043851
1998-03-31,0.037542
1998-04-30,0.032144
1998-05-31,0.028640
1998-06-30,0.025518
1998-07-31,0.023882
1998-08-31,0.024515
1998-09-30,0.025037
1998-10-31,0.023982
1998-11-30,0.022704
1998-12-31,0.020647
1999-01-31,0.018070
1999-02-28,0.017253
1999-03-31,0.016677
1999-04-30,0.015615
1999-05-31,0.014149
1999-06-30,0.012554
1999-07-31,0.011349
1999-08-31,0.007974
1999-09-30,0.005670
1999-10-31,0.003423
1999-11-30,0.000645
1999-12-31,-0.002657
2000-01-31,-0.004689
2000-02-29,-0.008631
2000-03-31,-0.012359
2000-04-30,-0.015244
2000-05-31,-0.019613
2000-06-30,-0.022750
2000-07-31,-0.024851
2000-08-31,-0.028454
2000-09-30,-0.031565
2000-10-31,-0.032689
2000-11-30,-0.032185
2000-12-31,-0.030472
2001-01-31,-0.030087
2001-02-28,-0.028063
2001-03-31,-0.024233
2001-04-30,-0.021905
2001-05-31,-0.019873
2001-06-30,-0.017439
2001-07-31,-0.015497
2001-08-31,-0.012133
2001-09-30,-0.008204
2001-10-31,-0.004931
2001-11-30,-0.003697
2001-12-31,-0.002217
2002-01-31,0.000056
2002-02-28,0.001705
2002-03-31,0.001838
2002-04-30,0.003836
2002-05-31,0.005778
2002-06-30,0.007529
2002-07-31,0.010291
2002-08-31,0.012537
2002-09-30,0.014926
2002-10-31,0.017180
2002-11-30,0.019486
2002-12-31,0.022620
2003-01-31,0.025838
2003-02-28,0.028900
2003-03-31,0.032354
2003-04-30,0.034555
2003-05-31,0.036014
2003-06-30,0.036387
2003-07-31,0.035428
2003-08-31,0.034163
2003-09-30,0.031821
2003-10-31,0.029473
2003-11-30,0.027538
2003-12-31,0.023986
2004-01-31,0.019927
2004-02-29,0.015439
2004-03-31,0.011361
2004-04-30,0.008595
2004-05-31,0.006404
2004-06-30,0.003929
2004-07-31,0.002545
2004-08-31,0.000968
2004-09-30,-0.001232
2004-10-31,-0.002132
2004-11-30,-0.003434
2004-12-31,-0.004942
2005-01-31,-0.005046
2005-02-28,-0.005017
2005-03-31,-0.004564
2005-04-30,-0.003521
2005-05-31,-0.002637
2005-06-30,-0.001161
2005-07-31,-0.000304
2005-08-31,0.000416
2005-09-30,0.001449
2005-10-31,0.002733
2005-11-30,0.004450
2005-12-31,0.006525
2006-01-31,0.007657
2006-02-28,0.009172
2006-03-31,0.011233
2006-04-30,0.012870
2006-05-31,0.014071
2006-06-30,0.015155
2006-07-31,0.017093
2006-08-31,0.018146
2006-09-30,0.018370
2006-10-31,0.018441
2006-11-30,0.017795
2006-12-31,0.017215
2007-01-31,0.016653
2007-02-28,0.015640
2007-03-31,0.014115
2007-04-30,0.012803
2007-05-31,0.011942
2007-06-30,0.010846
2007-07-31,0.009497
2007-08-31,0.008094
2007-09-30,0.006619
2007-10-31,0.004876
2007-11-30,0.003704
2007-12-31,0.001897
2008-01-31,0.001455
2008-02-29,0.001193
2008-03-31,0.001003
2008-04-30,0.000595
2008-05-31,0.000031
2008-06-30,0.000055
2008-07-31,0.000138
2008-08-31,0.000915
2008-09-30,0.002540
2008-10-31,0.004075
2008-11-30,0.005176
2008-12-31,0.006229
2009-01-31,0.006807
2009-02-28,0.006857
2009-03-31,0.007405
2009-04-30,0.008971
2009-05-31,0.011163
2009-06-30,0.012853
2009-07-31,0.014756
2009-08-31,0.016593
2009-09-30,0.017396
2009-10-31,0.018463
2009-11-30,0.020332
2009-12-31,0.021754
2010-01-31,0.022519
2010-02-28,0.025064
2010-03-31,0.028035
2010-04-30,0.028670
2010-05-31,0.028081
2010-06-30,0.027414
2010-07-31,0.025814
2010-08-31,0.024654
2010-09-30,0.023382
2010-10-31,0.021935
2010-11-30,0.020638
2010-12-31,0.019414
2011-01-31,0.019726
2011-02-28,0.020238
2011-03-31,0.020961
2011-04-30,0.021728
2011-05-31,0.022042
2011-06-30,0.021571
2011-07-31,0.022467
2011-08-31,0.023560
2011-09-30,0.025944
2011-10-31,0.028228
2011-11-30,0.030803
2011-12-31,0.033480
2012-01-31,0.034591
2012-02-29,0.035430
2012-03-31,0.035566
2012-04-30,0.034986
2012-05-31,0.033307
2012-06-30,0.030643
2012-07-31,0.028017
2012-08-31,0.024810
2012-09-30,0.020847
2012-10-31,0.017077
2012-11-30,0.013909
2012-12-31,0.010807
2013-01-31,0.008822
2013-02-28,0.006509
2013-03-31,0.004535
2013-04-30,0.003890
2013-05-31,0.004006
2013-06-30,0.004734
2013-07-31,0.004663
2013-08-31,0.005379
2013-09-30,0.006127
2013-10-31,0.006735
2013-11-30,0.006206
2013-12-31,0.005887
2014-01-31,0.005840
2014-02-28,0.005916
2014-03-31,0.006080
2014-04-30,0.005867
2014-05-31,0.005595
2014-06-30,0.005570
2014-07-31,0.006302
2014-08-31,0.005737
2014-09-30,0.006074
2014-10-31,0.006344
2014-11-30,0.006655
2014-12-31,0.006929
2015-01-31,0.007426
2015-02-28,0.007666
2015-03-31,0.007669
2015-04-30,0.007992
2015-05-31,0.008090
2015-06-30,0.007596
2015-07-31,0.006787
2015-08-31,0.007256
2015-09-30,0.007844
2015-10-31,0.008338
2015-11-30,0.008969
2015-12-31,0.009867
2016-01-31,0.010609
2016-02-29,0.011563
2016-03-31,0.011813
2016-04-30,0.011930
2016-05-31,0.011434
2016-06-30,0.011315
2016-07-31,0.010718
2016-08-31,0.008637
2016-09-30,0.005952
2016-10-31,0.003819
2016-11-30,0.001648
2016-12-31,-0.000847
2017-01-31,-0.002980
2017-02-28,-0.005072
2017-03-31,-0.006155
2017-04-30,-0.007065
2017-05-31,-0.007827
2017-06-30,-0.008233
2017-07-31,-0.007993
2017-08-31,-0.007362
2017-09-30,-0.006508
2017-10-31,-0.006330
2017-11-30,-0.006141
2017-12-31,-0.005621
2018-01-31,-0.006389
2018-02-28,-0.007131
2018-03-31,-0.008102
2018-04-30,-0.008485
2018-05-31,-0.008296
2018-06-30,-0.008212
2018-07-31,-0.008973
2018-08-31,-0.009678
2018-09-30,-0.010174
2018-10-31,-0.009689
2018-11-30,-0.008532
2018-12-31,-0.007447
2019-01-31,-0.006224
2019-02-28,-0.005778
2019-03-31,-0.005296
2019-04-30,-0.005757
2019-05-31,-0.005835
2019-06-30,-0.007163
2019-07-31,-0.008762
2019-08-31,-0.009690
2019-09-30,-0.011481
2019-10-31,-0.013464
2019-11-30,-0.016599
2019-12-31,-0.019945
2020-01-31,-0.023724
2020-02-29,-0.025677
2020-03-31,-0.027211
2020-04-30,-0.030471
2020-05-31,-0.035076
2020-06-30,-0.039003
2020-07-31,-0.041829
2020-08-31,-0.045582
2020-09-30,-0.048265
2020-10-31,-0.051534
2020-11-30,-0.054747
2020-12-31,-0.057304
2021-01-31,-0.058622
2021-02-28,-0.060877
2021-03-31,-0.062602
2021-04-30,-0.063787
2021-05-31,-0.065023
2021-06-30,-0.066537
2021-07-31,-0.068068
2021-08-31,-0.069210
2021-09-30,-0.070407
2021-10-31,-0.072322
2021-11-30,-0.073675
2021-12-31,-0.074607
