target,origin,n_est,xR,xRbar,E_IS,E_OS_2d,G_t,a_t,b_t,E_OS
1940-12-31,1939-12-31,133,-0.071807,0.065946,0.095360,0.015389,1.001420,0.001420,1.001420,0.046698
1941-01-31,1940-01-31,134,-0.085717,0.065927,0.099052,0.024052,1.002908,0.002908,1.002908,0.049574
1941-02-28,1940-02-29,135,-0.111781,0.065755,0.100450,0.027590,1.004310,0.004310,1.004310,0.051542
1941-03-31,1940-03-31,136,-0.122231,0.066699,0.098507,0.024981,1.005761,0.005761,1.005761,0.052364
1941-04-30,1940-04-30,137,-0.167381,0.067653,0.099753,0.029176,1.007207,0.007207,1.007207,0.054325
1941-05-31,1940-05-31,138,0.074329,0.066522,0.144502,0.123796,1.008820,0.008820,1.008820,0.072114
1941-06-30,1940-06-30,139,0.062005,0.066122,0.135207,0.103925,1.010350,0.010350,1.010350,0.070391
1941-07-31,1940-07-31,140,0.084760,0.065303,0.130987,0.094646,1.011940,0.011940,1.011940,0.070552
1941-08-31,1940-08-31,141,0.060340,0.065062,0.132770,0.098525,1.013474,0.013474,1.013474,0.072820
1941-09-30,1940-09-30,142,0.028694,0.063986,0.130511,0.093260,1.015136,0.015136,1.015136,0.073761
1941-10-31,1940-10-31,143,-0.044647,0.063123,0.127312,0.086127,1.016812,0.016812,1.016812,0.074374
1941-11-30,1940-11-30,144,-0.046487,0.062398,0.132172,0.096162,1.017817,0.017817,1.017817,0.077200
1941-12-31,1940-12-31,145,-0.092211,0.061543,0.132477,0.096271,1.018499,0.018499,1.018499,0.078032
1942-01-31,1941-01-31,146,-0.049850,0.060611,0.140086,0.111951,1.019107,0.019107,1.019107,0.081441
1942-02-28,1941-02-28,147,-0.057219,0.059527,0.144646,0.120914,1.019656,0.019656,1.019656,0.083683
1942-03-31,1941-03-31,148,-0.114839,0.058391,0.146406,0.123860,1.020229,0.020229,1.020229,0.084932
1942-04-30,1941-04-30,149,-0.103537,0.056989,0.155912,0.143268,1.020637,0.020637,1.020637,0.088826
1942-05-31,1941-05-31,150,-0.072283,0.057096,0.156126,0.143242,1.020791,0.020791,1.020791,0.089069
1942-06-30,1941-06-30,151,-0.100641,0.057126,0.150042,0.129775,1.020936,0.020936,1.020936,0.087007
1942-07-31,1941-07-31,152,-0.120050,0.057295,0.141323,0.110950,1.021047,0.021047,1.021047,0.083950
1942-08-31,1941-08-31,153,-0.107221,0.057313,0.143705,0.115805,1.020943,0.020943,1.020943,0.084708
1942-09-30,1941-09-30,154,-0.082228,0.057141,0.146821,0.122008,1.020754,0.020754,1.020754,0.085641
1942-10-31,1941-10-31,155,0.020028,0.056531,0.158457,0.145929,1.020483,0.020483,1.020483,0.089588
1942-11-30,1941-11-30,156,0.040269,0.055918,0.167890,0.164818,1.020251,0.020251,1.020251,0.092773
1942-12-31,1941-12-31,157,0.139433,0.055041,0.184016,0.197318,1.020121,0.020121,1.020121,0.098501
1943-01-31,1942-01-31,158,0.204690,0.054424,0.182282,0.191804,1.019902,0.019902,1.019902,0.097634
1943-02-28,1942-02-28,159,0.304932,0.053771,0.187135,0.199860,1.019567,0.019567,1.019567,0.099039
1943-03-31,1942-03-31,160,0.469471,0.052791,0.204573,0.233086,1.019144,0.019144,1.019144,0.104921
1943-04-30,1942-04-30,161,0.543548,0.051888,0.216398,0.253410,1.018773,0.018773,1.018773,0.108815
1943-05-31,1942-05-31,162,0.544469,0.051174,0.198710,0.213875,1.018212,0.018212,1.018212,0.101782
1943-06-30,1942-06-30,163,0.534568,0.050306,0.192798,0.198859,1.017642,0.017642,1.017642,0.099019
1943-07-31,1942-07-31,164,0.426268,0.049338,0.185057,0.180803,1.017000,0.017000,1.017000,0.095518
1943-08-31,1942-08-31,165,0.426467,0.048454,0.177051,0.162520,1.016247,0.016247,1.016247,0.091804
1943-09-30,1942-09-30,166,0.422214,0.047720,0.172233,0.150910,1.015533,0.015533,1.015533,0.089293
1943-10-31,1942-10-31,167,0.325005,0.047565,0.157560,0.120960,1.014747,0.014747,1.014747,0.083139
1943-11-30,1942-11-30,168,0.254894,0.047525,0.151395,0.107803,1.013699,0.013699,1.013699,0.079792
1943-12-31,1942-12-31,169,0.269465,0.048032,0.140425,0.086213,1.012497,0.012497,1.012497,0.074549
1944-01-31,1943-01-31,170,0.206155,0.048893,0.128801,0.064077,1.011362,0.011362,1.011362,0.069152
1944-02-29,1943-02-28,171,0.142385,0.050292,0.119358,0.046665,1.010281,0.010281,1.010281,0.064607
1944-03-31,1943-03-31,172,0.106178,0.052570,0.111022,0.031702,1.009169,0.009169,1.009169,0.060435
1944-04-30,1943-04-30,173,0.080381,0.055224,0.109655,0.030406,1.008027,0.008027,1.008027,0.058743
1944-05-31,1943-05-31,174,0.071782,0.057855,0.103154,0.018130,1.007045,0.007045,1.007045,0.055377
1944-06-30,1943-06-30,175,0.107797,0.060404,0.101840,0.016490,1.006118,0.006118,1.006118,0.053933
1944-07-31,1943-07-31,176,0.145203,0.062350,0.108268,0.031629,1.005252,0.005252,1.005252,0.055331
1944-08-31,1943-08-31,177,0.147152,0.064277,0.106966,0.029839,1.004564,0.004564,1.004564,0.054143
1944-09-30,1943-09-30,178,0.122210,0.066160,0.106140,0.029080,1.003933,0.003933,1.003933,0.053185
1944-10-31,1943-10-31,179,0.136921,0.067516,0.107027,0.031964,1.003385,0.003385,1.003385,0.052928
1944-11-30,1943-11-30,180,0.228915,0.068492,0.118762,0.059613,1.003130,0.003130,1.003130,0.056858
1944-12-31,1943-12-31,181,0.200522,0.069533,0.110536,0.041484,1.003001,0.003001,1.003001,0.053779
1945-01-31,1944-01-31,182,0.202917,0.070237,0.108704,0.037895,1.002901,0.002901,1.002901,0.053019
1945-02-28,1944-02-29,183,0.270080,0.070607,0.110223,0.041846,1.002881,0.002881,1.002881,0.053541
1945-03-31,1944-03-31,184,0.195365,0.070789,0.107852,0.036699,1.002983,0.002983,1.002983,0.052801
1945-04-30,1944-04-30,185,0.306815,0.070837,0.110207,0.042371,1.003122,0.003122,1.003122,0.053789
1945-05-31,1944-05-31,186,0.265011,0.070842,0.106180,0.033304,1.003349,0.003349,1.003349,0.052586
1945-06-30,1944-06-30,187,0.204537,0.071028,0.100589,0.020855,1.003563,0.003563,1.003563,0.050810
1945-07-31,1944-07-31,188,0.198854,0.071399,0.102680,0.026280,1.003730,0.003730,1.003730,0.051733
1945-08-31,1944-08-31,189,0.250955,0.071775,0.104018,0.029983,1.003975,0.003975,1.003975,0.052469
1945-09-30,1944-09-30,190,0.308424,0.072025,0.102783,0.027616,1.004115,0.004115,1.004115,0.052173
1945-10-31,1944-10-31,191,0.355101,0.072345,0.103475,0.029755,1.004312,0.004312,1.004312,0.052628
1945-11-30,1944-11-30,192,0.404431,0.073112,0.105818,0.036001,1.004579,0.004579,1.004579,0.053747
1945-12-31,1944-12-31,193,0.368197,0.073734,0.099917,0.023221,1.004772,0.004772,1.004772,0.051834
1946-01-31,1945-01-31,194,0.421831,0.074361,0.097602,0.018751,1.004952,0.004952,1.004952,0.051193
1946-02-28,1945-02-28,195,0.267737,0.075306,0.090860,0.004443,1.005095,0.005095,1.005095,0.048927
1946-03-31,1945-03-31,196,0.389822,0.075884,0.096571,0.018395,1.005232,0.005232,1.005232,0.051117
1946-04-30,1945-04-30,197,0.341433,0.076989,0.087653,-0.000694,1.005413,0.005413,1.005413,0.048108
1946-05-31,1945-05-31,198,0.370369,0.077884,0.089186,0.004067,1.005610,0.005610,1.005610,0.048863
1946-06-30,1945-06-30,199,0.316076,0.078484,0.086972,0.000031,1.005656,0.005656,1.005656,0.048117
1946-07-31,1945-07-31,200,0.293494,0.079052,0.089775,0.007358,1.005734,0.005734,1.005734,0.049203
1946-08-31,1945-08-31,201,0.149496,0.079859,0.083328,-0.006123,1.005719,0.005719,1.005719,0.046876
1946-09-30,1945-09-30,202,0.003755,0.080927,0.078675,-0.015106,1.005776,0.005776,1.005776,0.045266
1946-10-31,1945-10-31,203,-0.040857,0.082202,0.074821,-0.021984,1.005814,0.005814,1.005814,0.043922
1946-11-30,1945-11-30,204,-0.082158,0.083694,0.070413,-0.029881,1.005749,0.005749,1.005749,0.042274
1946-12-31,1945-12-31,205,-0.055083,0.085005,0.068364,-0.032387,1.005676,0.005676,1.005676,0.041464
1947-01-31,1946-01-31,206,-0.092914,0.086550,0.063189,-0.041373,1.005628,0.005628,1.005628,0.039558
1947-02-28,1946-02-28,207,-0.054320,0.087378,0.069928,-0.024611,1.005618,0.005618,1.005618,0.041964
1947-03-31,1946-03-31,208,-0.109618,0.088752,0.064829,-0.033530,1.005560,0.005560,1.005560,0.040076
1947-04-30,1946-04-30,209,-0.172346,0.089896,0.061586,-0.038161,1.005499,0.005499,1.005499,0.038850
1947-05-31,1946-05-31,210,-0.205643,0.091159,0.057690,-0.043983,1.005296,0.005296,1.005296,0.037243
1947-06-30,1946-06-30,211,-0.147445,0.092168,0.062075,-0.032203,1.005200,0.005200,1.005200,0.038716
1947-07-31,1946-07-31,212,-0.104489,0.093066,0.066019,-0.021823,1.004912,0.004912,1.004912,0.039832
1947-08-31,1946-08-31,213,-0.064809,0.093317,0.074014,-0.003770,1.004573,0.004573,1.004573,0.042345
1947-09-30,1946-09-30,214,0.024872,0.092921,0.087752,0.025455,1.004236,0.004236,1.004236,0.046917
1947-10-31,1946-10-31,215,0.061357,0.092332,0.091271,0.032694,1.003869,0.003869,1.003869,0.047794
1947-11-30,1946-11-30,216,0.044585,0.091566,0.090732,0.031078,1.003352,0.003352,1.003352,0.047061
1947-12-31,1946-12-31,217,0.025042,0.090926,0.092229,0.034026,1.003088,0.003088,1.003088,0.047321
1948-01-31,1947-01-31,218,-0.021267,0.090127,0.091542,0.032119,1.002823,0.002823,1.002823,0.046799
1948-02-29,1947-02-28,219,-0.049473,0.089501,0.097028,0.043660,1.002629,0.002629,1.002629,0.048558
1948-03-31,1947-03-31,220,0.033536,0.088643,0.100587,0.050835,1.002423,0.002423,1.002423,0.049616
1948-04-30,1947-04-30,221,0.116243,0.087523,0.108729,0.067726,1.002253,0.002253,1.002253,0.052348
1948-05-31,1947-05-31,222,0.199980,0.086270,0.114733,0.080075,1.002248,0.002248,1.002248,0.054489
1948-06-30,1947-06-30,223,0.142828,0.085276,0.109977,0.069131,1.002307,0.002307,1.002307,0.052850
1948-07-31,1947-07-31,224,0.051432,0.084471,0.105273,0.058388,1.002541,0.002541,1.002541,0.051414
1948-08-31,1947-08-31,225,0.071975,0.083842,0.110544,0.069778,1.002833,0.002833,1.002833,0.053606
1948-09-30,1947-09-30,226,0.050431,0.083594,0.114430,0.078394,1.003093,0.003093,1.003093,0.055270
1948-10-31,1947-10-31,227,0.081505,0.083501,0.111666,0.072434,1.003397,0.003397,1.003397,0.054600
1948-11-30,1947-11-30,228,0.009939,0.083339,0.123602,0.098881,1.004081,0.004081,1.004081,0.059594
1948-12-31,1947-12-31,229,0.010838,0.083097,0.121884,0.095068,1.004542,0.004542,1.004542,0.059464
1949-01-31,1948-01-31,230,0.054400,0.082666,0.128899,0.110383,1.004930,0.004930,1.004930,0.062388
1949-02-28,1948-02-29,231,0.072698,0.082122,0.138272,0.130787,1.005259,0.005259,1.005259,0.066096
1949-03-31,1948-03-31,232,0.030281,0.081923,0.129750,0.111869,1.005754,0.005754,1.005754,0.063565
1949-04-30,1948-04-30,233,-0.023216,0.082063,0.125182,0.101970,1.006154,0.006154,1.006154,0.062347
1949-05-31,1948-05-31,234,-0.116896,0.082542,0.114388,0.078597,1.006393,0.006393,1.006393,0.058726
1949-06-30,1948-06-30,235,-0.116402,0.082786,0.118365,0.087719,1.006647,0.006647,1.006647,0.060421
1949-07-31,1948-07-31,236,-0.019764,0.082660,0.125428,0.103326,1.006834,0.006834,1.006834,0.063154
1949-08-31,1948-08-31,237,0.002583,0.082617,0.129620,0.112615,1.007093,0.007093,1.007093,0.064933
1949-09-30,1948-09-30,238,0.065595,0.082488,0.137609,0.130178,1.007426,0.007426,1.007426,0.068156
1949-10-31,1948-10-31,239,0.034512,0.082484,0.130955,0.115484,1.007825,0.007825,1.007825,0.066187
1949-11-30,1948-11-30,240,0.165038,0.082196,0.153075,0.164000,1.008135,0.008135,1.008135,0.074469
1949-12-31,1948-12-31,241,0.185299,0.081914,0.150679,0.158286,1.008514,0.008514,1.008514,0.074010
1950-01-31,1949-01-31,242,0.202335,0.081806,0.150737,0.158113,1.008955,0.008955,1.008955,0.074501
1950-02-28,1949-02-28,243,0.256957,0.081770,0.161282,0.181017,1.009451,0.009451,1.009451,0.078826
1950-03-31,1949-03-31,244,0.222336,0.081569,0.156182,0.169315,1.009863,0.009863,1.009863,0.077430
1950-04-30,1949-04-30,245,0.294772,0.081161,0.161184,0.179671,1.010329,0.010329,1.010329,0.079729
1950-05-31,1949-05-31,246,0.389623,0.080394,0.169949,0.198108,1.010890,0.010890,1.010890,0.083488
1950-06-30,1949-06-30,247,0.311839,0.079634,0.171929,0.201499,1.011391,0.011391,1.011391,0.084740
1950-07-31,1949-07-31,248,0.253374,0.079251,0.160947,0.176751,1.012000,0.012000,1.012000,0.081430
1950-08-31,1949-08-31,249,0.278279,0.078958,0.159733,0.173497,1.012557,0.012557,1.012557,0.081586
1950-09-30,1949-09-30,250,0.297341,0.078907,0.152545,0.157405,1.012983,0.012983,1.012983,0.079445
1950-10-31,1949-10-31,251,0.252207,0.078738,0.144148,0.138654,1.013289,0.013289,1.013289,0.076736
1950-11-30,1949-11-30,252,0.265198,0.079065,0.152557,0.157068,1.013679,0.013679,1.013679,0.080190
1950-12-31,1949-12-31,253,0.262582,0.079466,0.144022,0.138624,1.014021,0.014021,1.014021,0.077468
1951-01-31,1950-01-31,254,0.300805,0.079928,0.141671,0.133775,1.014363,0.014363,1.014363,0.076981
1951-02-28,1950-02-28,255,0.297664,0.080591,0.141813,0.134611,1.014626,0.014626,1.014626,0.077311
1951-03-31,1950-03-31,256,0.259428,0.081120,0.140602,0.132293,1.014844,0.014844,1.014844,0.077104
1951-04-30,1950-04-30,257,0.267200,0.081914,0.133435,0.117176,1.015034,0.015034,1.015034,0.074711
1951-05-31,1950-05-31,258,0.194187,0.083053,0.132139,0.115425,1.015268,0.015268,1.015268,0.074490
1951-06-30,1950-06-30,259,0.237650,0.083898,0.142571,0.139460,1.015467,0.015467,1.015467,0.078479
1951-07-31,1950-07-31,260,0.301295,0.084521,0.141112,0.136636,1.015610,0.015610,1.015610,0.078102
1951-08-31,1950-08-31,261,0.297083,0.085230,0.145490,0.147132,1.015935,0.015935,1.015935,0.080034
1951-09-30,1950-09-30,262,0.248100,0.086005,0.140720,0.137119,1.016371,0.016371,1.016371,0.078769
1951-10-31,1950-10-31,263,0.223072,0.086609,0.142000,0.140589,1.016826,0.016826,1.016826,0.079715
1951-11-30,1950-11-30,264,0.200434,0.087256,0.154431,0.169509,1.017399,0.017399,1.017399,0.084834
1951-12-31,1950-12-31,265,0.177052,0.087889,0.146817,0.152787,1.017926,0.017926,1.017926,0.082632
1952-01-31,1951-01-31,266,0.133087,0.088655,0.138485,0.134520,1.018385,0.018385,1.018385,0.080094
1952-02-29,1951-02-28,267,0.092906,0.089404,0.140350,0.139576,1.018833,0.018833,1.018833,0.081246
1952-03-31,1951-03-31,268,0.164720,0.090011,0.146187,0.153630,1.019306,0.019306,1.019306,0.083871
1952-04-30,1951-04-30,269,0.058626,0.090642,0.137967,0.135305,1.019796,0.019796,1.019796,0.081402
1952-05-31,1951-05-31,270,0.117651,0.091009,0.147618,0.157960,1.020272,0.020272,1.020272,0.085418
1952-06-30,1951-06-30,271,0.189193,0.091527,0.153299,0.171616,1.020781,0.020781,1.020781,0.088028
1952-07-31,1951-07-31,272,0.121207,0.092266,0.141441,0.144893,1.021323,0.021323,1.021323,0.084287
1952-08-31,1951-08-31,273,0.068775,0.092984,0.134994,0.130571,1.021630,0.021630,1.021630,0.082263
1952-09-30,1951-09-30,274,0.041762,0.093527,0.133764,0.128165,1.021848,0.021848,1.021848,0.082046
1952-10-31,1951-10-31,275,0.062257,0.093978,0.139548,0.142054,1.022095,0.022095,1.022095,0.084416
1952-11-30,1951-11-30,276,0.117728,0.094348,0.128377,0.115995,1.021794,0.021794,1.021794,0.080026
1952-12-31,1951-12-31,277,0.112775,0.094634,0.121615,0.100219,1.021454,0.021454,1.021454,0.077204
1953-01-31,1952-01-31,278,0.093630,0.094767,0.118903,0.093833,1.021135,0.021135,1.021135,0.075879
1953-02-28,1952-02-29,279,0.121050,0.094760,0.127327,0.113375,1.020887,0.020887,1.020887,0.078685
1953-03-31,1952-03-31,280,0.058500,0.095000,0.120316,0.096982,1.020613,0.020613,1.020613,0.075843
1953-04-30,1952-04-30,281,0.084567,0.094876,0.129176,0.117412,1.020345,0.020345,1.020345,0.078785
1953-05-31,1952-05-31,282,0.056214,0.094953,0.125475,0.108578,1.020018,0.020018,1.020018,0.077093
1953-06-30,1952-06-30,283,-0.001246,0.095273,0.120029,0.095910,1.019677,0.019677,1.019677,0.074752
1953-07-31,1952-07-31,284,0.012351,0.095360,0.119586,0.094783,1.019331,0.019331,1.019331,0.074226
1953-08-31,1952-08-31,285,-0.024041,0.095271,0.120079,0.095711,1.018965,0.018965,1.018965,0.074020
1953-09-30,1952-09-30,286,-0.001652,0.095091,0.124461,0.105622,1.018652,0.018652,1.018652,0.075282
1953-10-31,1952-10-31,287,0.049015,0.094981,0.125373,0.107447,1.018322,0.018322,1.018322,0.075265
1953-11-30,1952-11-30,288,0.016783,0.095057,0.116945,0.087828,1.018227,0.018227,1.018227,0.072104
1953-12-31,1952-12-31,289,-0.012256,0.095116,0.112902,0.078457,1.018186,0.018186,1.018186,0.070593
1954-01-31,1953-01-31,290,0.039610,0.095111,0.112189,0.076802,1.018144,0.018144,1.018144,0.070290
1954-02-28,1953-02-28,291,0.059347,0.095197,0.114809,0.082935,1.018050,0.018050,1.018050,0.071142
1954-03-31,1953-03-31,292,0.112791,0.095076,0.117507,0.089093,1.017965,0.017965,1.017965,0.072032
1954-04-30,1953-04-30,293,0.192798,0.095042,0.121198,0.097579,1.017862,0.017862,1.017862,0.073264
1954-05-31,1953-05-31,294,0.223227,0.094915,0.121415,0.097907,1.017745,0.017745,1.017745,0.073219
1954-06-30,1953-06-30,295,0.261434,0.094601,0.125387,0.106823,1.017643,0.017643,1.017643,0.074553
1954-07-31,1953-07-31,296,0.291020,0.094334,0.121547,0.097612,1.017543,0.017543,1.017543,0.073054
1954-08-31,1953-08-31,297,0.325449,0.093951,0.130026,0.116934,1.017469,0.017469,1.017469,0.076053
1954-09-30,1953-09-30,298,0.406949,0.093643,0.130546,0.117772,1.017387,0.017387,1.017387,0.076154
1954-10-31,1953-10-31,299,0.324394,0.093499,0.122438,0.098725,1.017275,0.017275,1.017275,0.073094
1954-11-30,1953-11-30,300,0.407044,0.093253,0.121162,0.095530,1.017228,0.017228,1.017228,0.072582
1954-12-31,1953-12-31,301,0.485361,0.092916,0.123602,0.100909,1.017225,0.017225,1.017225,0.073463
1955-01-31,1954-01-31,302,0.420768,0.092747,0.116260,0.083727,1.017239,0.017239,1.017239,0.070815
1955-02-28,1954-02-28,303,0.441300,0.092641,0.114629,0.079865,1.017208,0.017208,1.017208,0.070191
1955-03-31,1954-03-31,304,0.389464,0.092704,0.110354,0.070012,1.017194,0.017194,1.017194,0.068625
1955-04-30,1954-04-30,305,0.371295,0.093020,0.104653,0.057066,1.017205,0.017205,1.017205,0.066568
1955-05-31,1954-05-31,306,0.345535,0.093430,0.101820,0.050879,1.017225,0.017225,1.017225,0.065561
1955-06-30,1954-06-30,307,0.417664,0.093956,0.101605,0.050849,1.017262,0.017262,1.017262,0.065522
1955-07-31,1954-07-31,308,0.373587,0.094572,0.095217,0.036567,1.017298,0.017298,1.017298,0.063243
1955-08-31,1954-08-31,309,0.412806,0.095291,0.101189,0.051083,1.017394,0.017394,1.017394,0.065509
1955-09-30,1954-09-30,310,0.321214,0.096259,0.093126,0.033016,1.017482,0.017482,1.017482,0.062676
1955-10-31,1954-10-31,311,0.309745,0.096965,0.095998,0.040414,1.017622,0.017622,1.017622,0.063864
1955-11-30,1954-11-30,312,0.280912,0.097923,0.089579,0.026291,1.017813,0.017813,1.017813,0.061733
1955-12-31,1954-12-31,313,0.232342,0.099115,0.082941,0.011779,1.017956,0.017956,1.017956,0.059472
1956-01-31,1955-01-31,314,0.189139,0.100101,0.082211,0.011129,1.018092,0.018092,1.018092,0.059349
1956-02-29,1955-02-28,315,0.197570,0.101145,0.080333,0.007893,1.018258,0.018258,1.018258,0.058840
1956-03-31,1955-03-31,316,0.277962,0.102024,0.081861,0.012593,1.018445,0.018445,1.018445,0.059589
1956-04-30,1955-04-30,317,0.241798,0.102842,0.078464,0.005840,1.018618,0.018618,1.018618,0.058535
1956-05-31,1955-05-31,318,0.168491,0.103578,0.079872,0.010307,1.018849,0.018849,1.018849,0.059287
1956-06-30,1955-06-30,319,0.132527,0.104527,0.073258,-0.003582,1.019060,0.019060,1.019060,0.057103
1956-07-31,1955-07-31,320,0.162820,0.105337,0.071240,-0.006691,1.019260,0.019260,1.019260,0.056577
1956-08-31,1955-08-31,321,0.126090,0.106260,0.073829,0.000787,1.019481,0.019481,1.019481,0.057746
1956-09-30,1955-09-30,322,0.074449,0.106904,0.074768,0.004276,1.019699,0.019699,1.019699,0.058315
1956-10-31,1955-10-31,323,0.109263,0.107509,0.077495,0.011673,1.019896,0.019896,1.019896,0.059511
1956-11-30,1955-11-30,324,0.040509,0.108025,0.076121,0.009741,1.020152,0.020152,1.020152,0.059277
1956-12-31,1955-12-31,325,0.056130,0.108394,0.075402,0.009239,1.020447,0.020447,1.020447,0.059321
1957-01-31,1956-01-31,326,0.051734,0.108633,0.080416,0.021407,1.020795,0.020795,1.020795,0.061508
1957-02-28,1956-02-29,327,-0.006227,0.108896,0.077598,0.016035,1.021141,0.021141,1.021141,0.060842
1957-03-31,1956-03-31,328,-0.048702,0.109393,0.071011,0.002745,1.021454,0.021454,1.021454,0.058768
1957-04-30,1956-04-30,329,-0.013118,0.109781,0.071038,0.004124,1.021766,0.021766,1.021766,0.059101
1957-05-31,1956-05-31,330,0.074944,0.109953,0.079922,0.024490,1.022092,0.022092,1.022092,0.062677
1957-06-30,1956-06-30,331,0.032059,0.110019,0.076699,0.018123,1.022404,0.022404,1.022404,0.061826
1957-07-31,1956-07-31,332,-0.009124,0.110172,0.073012,0.011029,1.022748,0.022748,1.022748,0.060839
1957-08-31,1956-08-31,333,-0.026740,0.110218,0.077142,0.020667,1.023037,0.023037,1.023037,0.062645
1957-09-30,1956-09-30,334,-0.033172,0.110115,0.083629,0.035043,1.023325,0.023325,1.023325,0.065312
1957-10-31,1956-10-31,335,-0.078207,0.110112,0.085089,0.038632,1.023663,0.023663,1.023663,0.066197
1957-11-30,1956-11-30,336,-0.061603,0.109912,0.080762,0.029400,1.023726,0.023726,1.023726,0.064682
1957-12-31,1956-12-31,337,-0.124938,0.109758,0.078249,0.024183,1.023768,0.023768,1.023768,0.063809
1958-01-31,1957-01-31,338,-0.051901,0.109592,0.082631,0.033739,1.023775,0.023775,1.023775,0.065416
1958-02-28,1957-02-28,339,-0.046296,0.109263,0.086936,0.042878,1.023785,0.023785,1.023785,0.066998
1958-03-31,1957-03-31,340,-0.036782,0.108814,0.085391,0.039255,1.023803,0.023803,1.023803,0.066453
1958-04-30,1957-04-30,341,-0.048635,0.108468,0.081470,0.030672,1.023835,0.023835,1.023835,0.065054
1958-05-31,1957-05-31,342,-0.060139,0.108374,0.077631,0.022612,1.023781,0.023781,1.023781,0.063596
1958-06-30,1957-06-30,343,-0.026823,0.108159,0.079070,0.025777,1.023741,0.023741,1.023741,0.064080
1958-07-31,1957-07-31,344,0.007375,0.107829,0.079085,0.025694,1.023687,0.023687,1.023687,0.064030
1958-08-31,1957-08-31,345,0.081351,0.107452,0.085169,0.038611,1.023611,0.023611,1.023611,0.066172
1958-09-30,1957-09-30,346,0.201595,0.107059,0.093342,0.056019,1.023548,0.023548,1.023548,0.069090
1958-10-31,1957-10-31,347,0.286220,0.106543,0.098669,0.067140,1.023442,0.023442,1.023442,0.070924
1958-11-30,1957-11-30,348,0.295450,0.106076,0.094818,0.058426,1.023402,0.023402,1.023402,0.069477
1958-12-31,1957-12-31,349,0.417304,0.105436,0.100574,0.070419,1.023362,0.023362,1.023362,0.071535
1959-01-31,1958-01-31,350,0.365206,0.105002,0.093748,0.055183,1.023274,0.023274,1.023274,0.068951
1959-02-28,1958-02-28,351,0.403098,0.104585,0.096919,0.061816,1.023173,0.023173,1.023173,0.070004
1959-03-31,1958-03-31,352,0.366327,0.104197,0.093424,0.053875,1.023051,0.023051,1.023051,0.068601
1959-04-30,1958-04-30,353,0.373317,0.103778,0.090001,0.046048,1.022912,0.022912,1.022912,0.067206
1959-05-31,1958-05-31,354,0.367035,0.103330,0.086374,0.037722,1.022761,0.022761,1.022761,0.065726
1959-06-30,1958-06-30,355,0.325047,0.102975,0.083986,0.032242,1.022621,0.022621,1.022621,0.064710
1959-07-31,1958-07-31,356,0.309301,0.102716,0.079086,0.021358,1.022467,0.022467,1.022467,0.062762
1959-08-31,1958-08-31,357,0.267734,0.102658,0.075919,0.014572,1.022290,0.022290,1.022290,0.061423
1959-09-30,1958-09-30,358,0.153980,0.102925,0.072055,0.006655,1.022118,0.022118,1.022118,0.059836
1959-10-31,1958-10-31,359,0.139149,0.103419,0.069254,0.001326,1.021945,0.021945,1.021945,0.058636
1959-11-30,1958-11-30,360,0.124146,0.103935,0.065666,-0.005568,1.021776,0.021776,1.021776,0.057153
1959-12-31,1958-12-31,361,0.094121,0.104775,0.060405,-0.015769,1.021592,0.021592,1.021592,0.055046
1960-01-31,1959-01-31,362,0.012286,0.105472,0.059747,-0.015852,1.021436,0.021436,1.021436,0.054646
1960-02-29,1959-02-28,363,0.014148,0.106265,0.058706,-0.016719,1.021267,0.021267,1.021267,0.054091
1960-03-31,1959-03-31,364,-0.004938,0.106957,0.058561,-0.015670,1.021112,0.021112,1.021112,0.053879
1960-04-30,1959-04-30,365,-0.056631,0.107664,0.054986,-0.021822,1.020945,0.020945,1.020945,0.052404
1960-05-31,1959-05-31,366,-0.044677,0.108350,0.054270,-0.021691,1.020826,0.020826,1.020826,0.052021
1960-06-30,1959-06-30,367,-0.022768,0.108922,0.054888,-0.018857,1.020696,0.020696,1.020696,0.052112
1960-07-31,1959-07-31,368,-0.075534,0.109449,0.051617,-0.024134,1.020555,0.020555,1.020555,0.050776
1960-08-31,1959-08-31,369,-0.034590,0.109864,0.054228,-0.017180,1.020481,0.020481,1.020481,0.051651
1960-09-30,1959-09-30,370,-0.045051,0.109980,0.058733,-0.006954,1.020386,0.020386,1.020386,0.053192
1960-10-31,1959-10-31,371,-0.063797,0.110056,0.057077,-0.009599,1.020277,0.020277,1.020277,0.052477
1960-11-30,1959-11-30,372,-0.036322,0.110093,0.057887,-0.007150,1.020264,0.020264,1.020264,0.052758
1960-12-31,1959-12-31,373,-0.016238,0.110051,0.056446,-0.009434,1.020280,0.020280,1.020280,0.052251
1961-01-31,1960-01-31,374,0.121960,0.109798,0.062956,0.004043,1.020317,0.020317,1.020317,0.054657
1961-02-28,1960-02-29,375,0.148627,0.109551,0.062921,0.004098,1.020372,0.020372,1.020372,0.054702
1961-03-31,1960-03-31,376,0.201048,0.109256,0.064822,0.007998,1.020436,0.020436,1.020436,0.055460
1961-04-30,1960-04-30,377,0.226394,0.108829,0.066491,0.011132,1.020513,0.020513,1.020513,0.056147
1961-05-31,1960-05-31,378,0.217846,0.108436,0.064739,0.007324,1.020599,0.020599,1.020599,0.055598
1961-06-30,1960-06-30,379,0.157857,0.108100,0.062808,0.003283,1.020673,0.020673,1.020673,0.054972
1961-07-31,1960-07-31,380,0.217962,0.107632,0.064717,0.006836,1.020762,0.020762,1.020762,0.055758
1961-08-31,1960-08-31,381,0.213768,0.107270,0.064267,0.005776,1.020869,0.020869,1.020869,0.055705
1961-09-30,1960-09-30,382,0.264297,0.106883,0.069433,0.016222,1.020951,0.020951,1.020951,0.057671
1961-10-31,1960-10-31,383,0.307640,0.106451,0.070174,0.017438,1.021037,0.021037,1.021037,0.058030
1961-11-30,1960-11-30,384,0.304888,0.106091,0.066913,0.010506,1.021087,0.021087,1.021087,0.056894
1961-12-31,1960-12-31,385,0.244082,0.105782,0.060937,-0.001933,1.021070,0.021070,1.021070,0.054700
1962-01-31,1961-01-31,386,0.126339,0.105823,0.055966,-0.011495,1.021054,0.021054,1.021054,0.052873
1962-02-28,1961-02-28,387,0.106564,0.105930,0.053077,-0.016518,1.021019,0.021019,1.021019,0.051786
1962-03-31,1961-03-31,388,0.068179,0.106168,0.050511,-0.020541,1.020968,0.020968,1.020968,0.050799
1962-04-30,1961-04-30,389,-0.003737,0.106468,0.049833,-0.020564,1.020912,0.020912,1.020912,0.050494
1962-05-31,1961-05-31,390,-0.109919,0.106745,0.048891,-0.021116,1.020854,0.020854,1.020854,0.050091
1962-06-30,1961-06-30,391,-0.157653,0.106872,0.051057,-0.015760,1.020793,0.020793,1.020793,0.050817
1962-07-31,1961-07-31,392,-0.131861,0.107147,0.048529,-0.019494,1.020719,0.020719,1.020719,0.049821
1962-08-31,1961-08-31,393,-0.136589,0.107410,0.048809,-0.017627,1.020663,0.020663,1.020663,0.049865
1962-09-30,1961-09-30,394,-0.162740,0.107796,0.048950,-0.015902,1.020575,0.020575,1.020575,0.049827
1962-10-31,1961-10-31,395,-0.184749,0.108287,0.047633,-0.016809,1.020525,0.020525,1.020525,0.049295
1962-11-30,1961-11-30,396,-0.137822,0.108769,0.047137,-0.015998,1.020536,0.020536,1.020536,0.049126
1962-12-31,1961-12-31,397,-0.127919,0.109100,0.045956,-0.016688,1.020549,0.020549,1.020549,0.048710
1963-01-31,1962-01-31,398,-0.048569,0.109142,0.050074,-0.007930,1.020583,0.020583,1.020583,0.050243
1963-02-28,1962-02-28,399,-0.088227,0.109136,0.050421,-0.006496,1.020661,0.020661,1.020661,0.050450
1963-03-31,1962-03-31,400,-0.054024,0.109037,0.049120,-0.008420,1.020689,0.020689,1.020689,0.050006
1963-04-30,1962-04-30,401,0.058471,0.108763,0.054839,0.002434,1.020726,0.020726,1.020726,0.052125
1963-05-31,1962-05-31,402,0.181204,0.108235,0.065855,0.022692,1.020805,0.020805,1.020805,0.056217
1963-06-30,1962-06-30,403,0.266243,0.107595,0.072874,0.035241,1.020849,0.020849,1.020849,0.058818
1963-07-31,1962-07-31,404,0.186453,0.107019,0.067682,0.024606,1.020934,0.020934,1.020934,0.057017
1963-08-31,1962-08-31,405,0.220379,0.106435,0.065293,0.019271,1.020932,0.020932,1.020932,0.056144
1963-09-30,1962-09-30,406,0.270106,0.105791,0.070870,0.029244,1.020985,0.020985,1.020985,0.058230
1963-10-31,1962-10-31,407,0.302016,0.105097,0.071604,0.029764,1.021032,0.021032,1.021032,0.058546
1963-11-30,1962-11-30,408,0.164543,0.104519,0.062796,0.011769,1.021020,0.021020,1.021020,0.055326
1963-12-31,1962-12-31,409,0.173103,0.103967,0.062532,0.010595,1.021067,0.021067,1.021067,0.055278
1964-01-31,1963-01-31,410,0.142024,0.103605,0.057597,0.000614,1.021069,0.021069,1.021069,0.053483
1964-02-29,1963-02-28,411,0.189020,0.103152,0.060571,0.006063,1.021046,0.021046,1.021046,0.054542
1964-03-31,1963-03-31,412,0.170006,0.102781,0.058019,0.000761,1.021076,0.021076,1.021076,0.053644
1964-04-30,1963-04-30,413,0.120037,0.102677,0.054545,-0.005768,1.021123,0.021123,1.021123,0.052427
1964-05-31,1963-05-31,414,0.116434,0.102861,0.054576,-0.004849,1.021141,0.021141,1.021141,0.052457
1964-06-30,1963-06-30,415,0.154133,0.103244,0.056257,-0.000435,1.021195,0.021195,1.021195,0.053126
1964-07-31,1963-07-31,416,0.178831,0.103438,0.057188,0.002203,1.021243,0.021243,1.021243,0.053514
1964-08-31,1963-08-31,417,0.106115,0.103711,0.052921,-0.005085,1.021301,0.021301,1.021301,0.052019
1964-09-30,1963-09-30,418,0.153610,0.104098,0.056405,0.002828,1.021422,0.021422,1.021422,0.053413
1964-10-31,1963-10-31,419,0.131850,0.104557,0.054619,0.000641,1.021531,0.021531,1.021531,0.052875
1964-11-30,1963-11-30,420,0.142310,0.104696,0.057318,0.006594,1.021663,0.021663,1.021663,0.053995
1964-12-31,1963-12-31,421,0.122475,0.104854,0.056057,0.004992,1.021780,0.021780,1.021780,0.053656
1965-01-31,1964-01-31,422,0.136086,0.104940,0.053653,0.001166,1.021899,0.021899,1.021899,0.052902
1965-02-28,1964-02-29,423,0.124043,0.105133,0.053634,0.002075,1.022034,0.022034,1.022034,0.053034
1965-03-31,1964-03-31,424,0.093253,0.105282,0.053034,0.001837,1.022190,0.022190,1.022190,0.052977
1965-04-30,1964-04-30,425,0.125286,0.105315,0.053096,0.002620,1.022340,0.022340,1.022340,0.053154
1965-05-31,1964-05-31,426,0.101534,0.105341,0.052434,0.002027,1.022463,0.022463,1.022463,0.053039
1965-06-30,1964-06-30,427,0.028469,0.105452,0.052083,0.002196,1.022609,0.022609,1.022609,0.053061
1965-07-31,1964-07-31,428,0.024958,0.105619,0.050141,-0.000449,1.022724,0.022724,1.022724,0.052472
1965-08-31,1964-08-31,429,0.068335,0.105620,0.052643,0.004751,1.022887,0.022887,1.022887,0.053551
1965-09-30,1964-09-30,430,0.069581,0.105728,0.049679,0.000120,1.022958,0.022958,1.022958,0.052544
1965-10-31,1964-10-31,431,0.090185,0.105787,0.048455,-0.001394,1.023006,0.023006,1.023006,0.052146
1965-11-30,1964-11-30,432,0.091005,0.105870,0.049659,0.001513,1.023030,0.023030,1.023030,0.052611
1965-12-31,1964-12-31,433,0.101403,0.105907,0.050161,0.003038,1.023069,0.023069,1.023069,0.052833
1966-01-31,1965-01-31,434,0.070748,0.105975,0.047322,-0.001336,1.023119,0.023119,1.023119,0.051849
1966-02-28,1965-02-28,435,0.053229,0.106015,0.047971,0.000499,1.023164,0.023164,1.023164,0.052132
1966-03-31,1965-03-31,436,0.041444,0.105987,0.049574,0.003853,1.023202,0.023202,1.023202,0.052756
1966-04-30,1965-04-30,437,0.030809,0.106030,0.047066,0.000056,1.023227,0.023227,1.023227,0.051867
1966-05-31,1965-05-31,438,-0.018664,0.106020,0.049087,0.004181,1.023280,0.023280,1.023280,0.052659
1966-06-30,1965-06-30,439,0.024351,0.105848,0.054249,0.013431,1.023320,0.023320,1.023320,0.054584
1966-07-31,1965-07-31,440,-0.006438,0.105669,0.052646,0.010698,1.023371,0.023371,1.023371,0.054051
1966-08-31,1965-08-31,441,-0.107681,0.105586,0.052019,0.009905,1.023424,0.023424,1.023424,0.053877
1966-09-30,1965-09-30,442,-0.141976,0.105507,0.049752,0.006272,1.023508,0.023508,1.023508,0.053136
1966-10-31,1965-10-31,443,-0.132641,0.105473,0.047500,0.002822,1.023601,0.023601,1.023601,0.052409
1966-11-30,1965-11-30,444,-0.121379,0.105442,0.049947,0.007600,1.023737,0.023737,1.023737,0.053443
1966-12-31,1965-12-31,445,-0.129833,0.105433,0.048766,0.006068,1.023841,0.023841,1.023841,0.053119
1967-01-31,1966-01-31,446,-0.067695,0.105357,0.048083,0.005276,1.023945,0.023945,1.023945,0.052977
1967-02-28,1966-02-28,447,-0.049487,0.105243,0.050280,0.009372,1.024041,0.024041,1.024041,0.053877
1967-03-31,1966-03-31,448,0.013684,0.105105,0.052826,0.013973,1.024134,0.024134,1.024134,0.054903
1967-04-30,1966-04-30,449,0.030274,0.104944,0.051181,0.011271,1.024226,0.024226,1.024226,0.054396
1967-05-31,1966-05-31,450,0.046912,0.104676,0.057368,0.021859,1.024310,0.024310,1.024310,0.056744
1967-06-30,1966-06-30,451,0.087793,0.104503,0.058466,0.023800,1.024384,0.024384,1.024384,0.057221
1967-07-31,1966-07-31,452,0.155833,0.104263,0.060049,0.026450,1.024465,0.024465,1.024465,0.057883
1967-08-31,1966-08-31,453,0.247119,0.103808,0.069853,0.042966,1.024532,0.024532,1.024532,0.061534
1967-09-30,1966-09-30,454,0.298457,0.103280,0.070549,0.043560,1.024590,0.024590,1.024590,0.061849
1967-10-31,1966-10-31,455,0.212893,0.102775,0.066420,0.035723,1.024642,0.024642,1.024642,0.060394
1967-11-30,1966-11-30,456,0.201112,0.102296,0.065512,0.033562,1.024635,0.024635,1.024635,0.060055
1967-12-31,1966-12-31,457,0.234788,0.101801,0.065237,0.032483,1.024644,0.024644,1.024644,0.059963
1968-01-31,1967-01-31,458,0.095910,0.101440,0.058906,0.020901,1.024677,0.024677,1.024677,0.057684
1968-02-29,1967-02-28,459,0.048154,0.101120,0.058418,0.019772,1.024696,0.024696,1.024696,0.057525
1968-03-31,1967-03-31,460,0.009967,0.100935,0.054524,0.012845,1.024692,0.024692,1.024692,0.056098
1968-04-30,1967-04-30,461,0.057190,0.100785,0.051372,0.007341,1.024693,0.024693,1.024693,0.054947
1968-05-31,1967-05-31,462,0.129970,0.100672,0.056423,0.016472,1.024688,0.024688,1.024688,0.056788
1968-06-30,1967-06-30,463,0.110680,0.100645,0.054029,0.012509,1.024678,0.024678,1.024678,0.055903
1968-07-31,1967-07-31,464,0.034186,0.100761,0.050205,0.006311,1.024663,0.024663,1.024663,0.054489
1968-08-31,1967-08-31,465,0.057608,0.101067,0.051762,0.009871,1.024633,0.024633,1.024633,0.055028
1968-09-30,1967-09-30,466,0.066096,0.101480,0.049297,0.006525,1.024605,0.024605,1.024605,0.054098
1968-10-31,1967-10-31,467,0.104405,0.101713,0.052533,0.012915,1.024607,0.024607,1.024607,0.055283
1968-11-30,1967-11-30,468,0.159602,0.101920,0.051489,0.011767,1.024577,0.024577,1.024577,0.054871
1968-12-31,1967-12-31,469,0.082397,0.102196,0.048932,0.008152,1.024541,0.024541,1.024541,0.053899
1969-01-31,1968-01-31,470,0.114687,0.102183,0.053025,0.015555,1.024488,0.024488,1.024488,0.055340
1969-02-28,1968-02-29,471,0.092519,0.102071,0.057180,0.022841,1.024446,0.024446,1.024446,0.056816
1969-03-31,1968-03-31,472,0.118171,0.101881,0.055933,0.020648,1.024391,0.024391,1.024391,0.056303
1969-04-30,1968-04-30,473,0.040172,0.101789,0.049537,0.009803,1.024358,0.024358,1.024358,0.053932
1969-05-31,1968-05-31,474,0.016569,0.101847,0.047072,0.006057,1.024280,0.024280,1.024280,0.052951
1969-06-30,1968-06-30,475,-0.060821,0.101865,0.046638,0.005759,1.024211,0.024211,1.024211,0.052721
1969-07-31,1968-07-31,476,-0.100618,0.101726,0.049601,0.010955,1.024162,0.024162,1.024162,0.053753
1969-08-31,1968-08-31,477,-0.072498,0.101636,0.048501,0.009276,1.024095,0.024095,1.024095,0.053283
1969-09-30,1968-09-30,478,-0.134512,0.101564,0.044942,0.003465,1.024018,0.024018,1.024018,0.051904
1969-10-31,1968-10-31,479,-0.096541,0.101569,0.045671,0.005143,1.023948,0.023948,1.023948,0.052099
1969-11-30,1968-11-30,480,-0.175031,0.101687,0.041278,-0.001601,1.023888,0.023888,1.023888,0.050432
1969-12-31,1968-12-31,481,-0.163411,0.101648,0.045280,0.005555,1.023860,0.023860,1.023860,0.051865
1970-01-31,1969-01-31,482,-0.219474,0.101675,0.044934,0.005435,1.023790,0.023790,1.023790,0.051667
1970-02-28,1969-02-28,483,-0.130817,0.101656,0.050606,0.015302,1.023720,0.023720,1.023720,0.053666
1970-03-31,1969-03-31,484,-0.163132,0.101689,0.048730,0.012557,1.023671,0.023671,1.023671,0.052931
1970-04-30,1969-04-30,485,-0.263227,0.101566,0.047070,0.009893,1.023587,0.023587,1.023587,0.052239
1970-05-31,1969-05-31,486,-0.313531,0.101395,0.048655,0.012589,1.023559,0.023559,1.023559,0.052788
1970-06-30,1969-06-30,487,-0.302270,0.101070,0.055006,0.022939,1.023535,0.023535,1.023535,0.055082
1970-07-31,1969-07-31,488,-0.199530,0.100666,0.060998,0.032565,1.023482,0.023482,1.023482,0.057214
1970-08-31,1969-08-31,489,-0.204418,0.100321,0.057037,0.025511,1.023428,0.023428,1.023428,0.055713
1970-09-30,1969-09-30,490,-0.146071,0.099853,0.060035,0.029997,1.023397,0.023397,1.023397,0.056776
1970-10-31,1969-10-31,491,-0.205632,0.099463,0.055581,0.021957,1.023341,0.023341,1.023341,0.055091
1970-11-30,1969-11-30,492,-0.137613,0.098918,0.057888,0.025123,1.023268,0.023268,1.023268,0.055859
1970-12-31,1969-12-31,493,-0.064743,0.098399,0.059335,0.026905,1.023149,0.023149,1.023149,0.056263
1971-01-31,1970-01-31,494,0.065686,0.097770,0.067050,0.039405,1.023059,0.023059,1.023059,0.058986
1971-02-28,1970-02-28,495,0.027862,0.097319,0.061573,0.029325,1.022936,0.022936,1.022936,0.056861
1971-03-31,1970-03-31,496,0.080691,0.096807,0.063085,0.031316,1.022826,0.022826,1.022826,0.057298
1971-04-30,1970-04-30,497,0.252773,0.096099,0.073381,0.048524,1.022699,0.022699,1.022699,0.060923
1971-05-31,1970-05-31,498,0.294204,0.095296,0.078998,0.057527,1.022502,0.022502,1.022502,0.062766
1971-06-30,1970-06-30,499,0.371569,0.094518,0.085660,0.068635,1.022301,0.022301,1.022301,0.064986
1971-07-31,1970-07-31,500,0.227940,0.093944,0.078770,0.055612,1.022120,0.022120,1.022120,0.062286
1971-08-31,1970-08-31,501,0.219049,0.093362,0.072416,0.043435,1.021917,0.021917,1.021917,0.059760
1971-09-30,1970-09-30,502,0.161493,0.092896,0.068071,0.035003,1.021700,0.021700,1.021700,0.057951
1971-10-31,1970-10-31,503,0.138001,0.092317,0.070510,0.038772,1.021484,0.021484,1.021484,0.058616
1971-11-30,1970-11-30,504,0.083945,0.091871,0.064802,0.027785,1.021268,0.021268,1.021268,0.056312
1971-12-31,1970-12-31,505,0.112008,0.091568,0.058816,0.016470,1.021051,0.021051,1.021051,0.053909
1972-01-31,1971-01-31,506,0.086221,0.091518,0.054845,0.009254,1.020844,0.020844,1.020844,0.052249
1972-02-29,1971-02-28,507,0.101306,0.091396,0.053907,0.007546,1.020657,0.020657,1.020657,0.051715
1972-03-31,1971-03-31,508,0.064260,0.091375,0.051170,0.002699,1.020474,0.020474,1.020474,0.050530
1972-04-30,1971-04-30,509,0.034547,0.091685,0.049110,-0.000443,1.020329,0.020329,1.020329,0.049631
1972-05-31,1971-05-31,510,0.091635,0.092073,0.052950,0.007277,1.020224,0.020224,1.020224,0.050921
1972-06-30,1971-06-30,511,0.066999,0.092607,0.052841,0.007825,1.020110,0.020110,1.020110,0.050764
1972-07-31,1971-07-31,512,0.108599,0.092865,0.055885,0.013862,1.019971,0.019971,1.019971,0.051728
1972-08-31,1971-08-31,513,0.102451,0.093106,0.054116,0.011161,1.019887,0.019887,1.019887,0.050998
1972-09-30,1971-09-30,514,0.099487,0.093236,0.054386,0.012051,1.019804,0.019804,1.019804,0.051011
1972-10-31,1971-10-31,515,0.156129,0.093321,0.057373,0.017772,1.019704,0.019704,1.019704,0.051993
1972-11-30,1971-11-30,516,0.213945,0.093303,0.057978,0.019039,1.019640,0.019640,1.019640,0.052148
1972-12-31,1971-12-31,517,0.124180,0.093338,0.050899,0.006539,1.019594,0.019594,1.019594,0.049525
1973-01-31,1972-01-31,518,0.061702,0.093325,0.048538,0.002555,1.019534,0.019534,1.019534,0.048605
1973-02-28,1972-02-29,519,-0.016450,0.093340,0.046012,-0.001642,1.019456,0.019456,1.019456,0.047607
1973-03-31,1972-03-31,520,-0.035087,0.093285,0.044360,-0.004376,1.019338,0.019338,1.019338,0.046885
1973-04-30,1972-04-30,521,-0.090559,0.093175,0.043021,-0.006651,1.019185,0.019185,1.019185,0.046241
1973-05-31,1972-05-31,522,-0.127398,0.093172,0.042671,-0.006936,1.019041,0.019041,1.019041,0.045966
1973-06-30,1972-06-30,523,-0.119296,0.093123,0.044193,-0.003971,1.018901,0.018901,1.018901,0.046375
1973-07-31,1972-07-31,524,-0.070201,0.093152,0.044292,-0.003427,1.018763,0.018763,1.018763,0.046269
1973-08-31,1972-08-31,525,-0.131398,0.093170,0.041773,-0.007562,1.018591,0.018591,1.018591,0.045178
1973-09-30,1972-09-30,526,-0.082647,0.093181,0.042702,-0.005555,1.018427,0.018427,1.018427,0.045347
1973-10-31,1972-10-31,527,-0.094539,0.093298,0.041566,-0.007037,1.018262,0.018262,1.018262,0.044765
1973-11-30,1972-11-30,528,-0.239123,0.093521,0.040267,-0.008578,1.018136,0.018136,1.018136,0.044165
1973-12-31,1972-12-31,529,-0.239507,0.093578,0.039516,-0.009404,1.018007,0.018007,1.018007,0.043759
1974-01-31,1973-01-31,530,-0.214934,0.093519,0.041958,-0.004851,1.017886,0.017886,1.017886,0.044522
1974-02-28,1973-02-28,531,-0.179713,0.093317,0.045058,0.000527,1.017758,0.017758,1.017758,0.045516
1974-03-31,1973-03-31,532,-0.190722,0.093081,0.046056,0.002134,1.017648,0.017648,1.017648,0.045765
1974-04-30,1973-04-30,533,-0.185957,0.092744,0.051514,0.011401,1.017577,0.017577,1.017577,0.047673
1974-05-31,1973-05-31,534,-0.198704,0.092341,0.052679,0.012958,1.017461,0.017461,1.017461,0.047976
1974-06-30,1973-06-30,535,-0.208036,0.091954,0.053983,0.014812,1.017348,0.017348,1.017348,0.048333
1974-07-31,1973-07-31,536,-0.299503,0.091658,0.050936,0.009109,1.017278,0.017278,1.017278,0.047155
1974-08-31,1973-08-31,537,-0.337981,0.091252,0.053803,0.013728,1.017183,0.017183,1.017183,0.048098
1974-09-30,1973-09-30,538,-0.431138,0.090935,0.049285,0.005316,1.017078,0.017078,1.017078,0.046350
1974-10-31,1973-10-31,539,-0.345010,0.090599,0.050473,0.007092,1.016999,0.016999,1.016999,0.046700
1974-11-30,1973-11-30,540,-0.286442,0.090001,0.063737,0.030164,1.016891,0.016891,1.016891,0.051400
1974-12-31,1973-12-31,541,-0.312754,0.089406,0.063907,0.029686,1.016801,0.016801,1.016801,0.051368
1975-01-31,1974-01-31,542,-0.229605,0.088856,0.064411,0.029917,1.016709,0.016709,1.016709,0.051455
1975-02-28,1974-02-28,543,-0.188585,0.088372,0.066446,0.033099,1.016649,0.016649,1.016649,0.052132
1975-03-31,1974-03-31,544,-0.147250,0.087870,0.069267,0.037739,1.016586,0.016586,1.016586,0.053089
1975-04-30,1974-04-30,545,-0.067679,0.087379,0.075597,0.048963,1.016529,0.016529,1.016529,0.055325
1975-05-31,1974-05-31,546,0.023804,0.086866,0.081717,0.059866,1.016506,0.016506,1.016506,0.057519
1975-06-30,1974-06-30,547,0.100596,0.086338,0.085912,0.067240,1.016495,0.016495,1.016495,0.059029
1975-07-31,1974-07-31,548,0.120012,0.085649,0.094859,0.083486,1.016435,0.016435,1.016435,0.062210
1975-08-31,1974-08-31,549,0.202799,0.084894,0.111697,0.114892,1.016434,0.016434,1.016434,0.068314
1975-09-30,1974-09-30,550,0.306937,0.083976,0.132710,0.154785,1.016453,0.016453,1.016453,0.075952
1975-10-31,1974-10-31,551,0.186127,0.083214,0.110305,0.111394,1.016458,0.016458,1.016458,0.067834
1975-11-30,1974-11-30,552,0.274467,0.082559,0.118381,0.126672,1.016446,0.016446,1.016446,0.070749
1975-12-31,1974-12-31,553,0.300806,0.081859,0.125671,0.140538,1.016439,0.016439,1.016439,0.073384
1976-01-31,1975-01-31,554,0.278746,0.081309,0.105427,0.100653,1.016413,0.016413,1.016413,0.066019
1976-02-29,1975-02-28,555,0.218403,0.080833,0.102190,0.093976,1.016415,0.016415,1.016415,0.064847
1976-03-31,1975-03-31,556,0.214382,0.080431,0.100215,0.089807,1.016448,0.016448,1.016448,0.064165
1976-04-30,1975-04-30,557,0.149315,0.080171,0.094958,0.079267,1.016461,0.016461,1.016461,0.062273
1976-05-31,1975-05-31,558,0.079620,0.080072,0.089277,0.068018,1.016474,0.016474,1.016474,0.060227
1976-06-30,1975-06-30,559,0.070261,0.080108,0.087824,0.065227,1.016532,0.016532,1.016532,0.059761
1976-07-31,1975-07-31,560,0.134321,0.080178,0.097499,0.084364,1.016616,0.016616,1.016616,0.063357
1976-08-31,1975-08-31,561,0.161680,0.080392,0.099865,0.089198,1.016650,0.016650,1.016650,0.064251
1976-09-30,1975-09-30,562,0.237690,0.080786,0.105221,0.100102,1.016664,0.016664,1.016664,0.066207
1976-10-31,1975-10-31,563,0.148646,0.080970,0.098607,0.087163,1.016686,0.016686,1.016686,0.063832
1976-11-30,1975-11-30,564,0.124454,0.081306,0.091725,0.073800,1.016646,0.016646,1.016646,0.061295
1976-12-31,1975-12-31,565,0.205114,0.081686,0.093113,0.076831,1.016582,0.016582,1.016582,0.061730
1977-01-31,1976-01-31,566,0.033162,0.082027,0.079572,0.050203,1.016536,0.016536,1.016536,0.056773
1977-02-28,1976-02-29,567,0.010942,0.082262,0.078347,0.047968,1.016435,0.016435,1.016435,0.056224
1977-03-31,1976-03-31,568,-0.024457,0.082490,0.076262,0.044019,1.016325,0.016325,1.016325,0.055355
1977-04-30,1976-04-30,569,-0.008713,0.082605,0.076384,0.044381,1.016195,0.016195,1.016195,0.055263
1977-05-31,1976-05-31,570,-0.009183,0.082600,0.081719,0.055022,1.016109,0.016109,1.016109,0.057108
1977-06-30,1976-06-30,571,-0.005031,0.082579,0.073650,0.038959,1.015919,0.015919,1.015919,0.053987
1977-07-31,1976-07-31,572,-0.010592,0.082668,0.072816,0.037376,1.015696,0.015696,1.015696,0.053452
1977-08-31,1976-08-31,573,-0.021527,0.082803,0.077266,0.046357,1.015538,0.015538,1.015538,0.054901
1977-09-30,1976-09-30,574,-0.043425,0.083067,0.074871,0.041794,1.015386,0.015386,1.015386,0.053876
1977-10-31,1976-10-31,575,-0.060618,0.083179,0.076794,0.045725,1.015221,0.015221,1.015221,0.054400
1977-11-30,1976-11-30,576,-0.028985,0.083249,0.083479,0.059141,1.015212,0.015212,1.015212,0.056812
1977-12-31,1976-12-31,577,-0.078006,0.083456,0.078226,0.048888,1.015226,0.015226,1.015226,0.054924
1978-01-31,1977-01-31,578,-0.094072,0.083371,0.084394,0.061152,1.015256,0.015256,1.015256,0.057189
1978-02-28,1977-02-28,579,-0.089235,0.083248,0.089395,0.071056,1.015327,0.015327,1.015327,0.059074
1978-03-31,1977-03-31,580,-0.052621,0.083066,0.092634,0.077397,1.015404,0.015404,1.015404,0.060327
1978-04-30,1977-04-30,581,0.015240,0.082911,0.092119,0.076276,1.015491,0.015491,1.015491,0.060232
1978-05-31,1977-05-31,582,0.047407,0.082756,0.097716,0.087343,1.015571,0.015571,1.015571,0.062342
1978-06-30,1977-06-30,583,-0.014961,0.082609,0.092786,0.077418,1.015721,0.015721,1.015721,0.060714
1978-07-31,1977-07-31,584,0.048967,0.082452,0.095375,0.082512,1.015913,0.015913,1.015913,0.061852
1978-08-31,1977-08-31,585,0.105291,0.082278,0.100432,0.092514,1.016078,0.016078,1.016078,0.063857
1978-09-30,1977-09-30,586,0.093401,0.082068,0.103697,0.098915,1.016286,0.016286,1.016286,0.065258
1978-10-31,1977-10-31,587,0.015990,0.081830,0.110713,0.112807,1.016521,0.016521,1.016521,0.068048
1978-11-30,1977-11-30,588,0.002441,0.081645,0.108968,0.109175,1.016679,0.016679,1.016679,0.067581
1978-12-31,1977-12-31,589,0.007757,0.081379,0.108987,0.109029,1.016828,0.016828,1.016828,0.067745
1979-01-31,1978-01-31,590,0.112683,0.081088,0.123730,0.138380,1.017018,0.017018,1.017018,0.073292
1979-02-28,1978-02-28,591,0.091588,0.080805,0.128645,0.147999,1.017204,0.017204,1.017204,0.075272
1979-03-31,1978-03-31,592,0.117493,0.080585,0.123911,0.138278,1.017362,0.017362,1.017362,0.073721
1979-04-30,1978-04-30,593,0.036975,0.080477,0.115306,0.120903,1.017561,0.017561,1.017561,0.070807
1979-05-31,1978-05-31,594,-0.000948,0.080422,0.119504,0.129264,1.017779,0.017779,1.017779,0.072561
1979-06-30,1978-06-30,595,0.051654,0.080265,0.125587,0.141323,1.018019,0.018019,1.018019,0.075023
1979-07-31,1978-07-31,596,0.009049,0.080213,0.118679,0.127399,1.018257,0.018257,1.018257,0.072765
1979-08-31,1978-08-31,597,0.023291,0.080255,0.118241,0.126547,1.018515,0.018515,1.018515,0.072877
1979-09-30,1978-09-30,598,0.029840,0.080276,0.119636,0.129341,1.018717,0.018717,1.018717,0.073598
1979-10-31,1978-10-31,599,0.078588,0.080171,0.141517,0.173034,1.018917,0.018917,1.018917,0.081759
1979-11-30,1978-11-30,600,0.101541,0.080044,0.139096,0.167929,1.019093,0.019093,1.019093,0.081066
1979-12-31,1978-12-31,601,0.109618,0.079926,0.137112,0.163721,1.019261,0.019261,1.019261,0.080524
1980-01-31,1979-01-31,602,0.119169,0.079979,0.131422,0.152257,1.019372,0.019372,1.019372,0.078573
1980-02-29,1979-02-28,603,0.147377,0.079998,0.143330,0.175916,1.019507,0.019507,1.019507,0.083046
1980-03-31,1979-03-31,604,-0.039295,0.080059,0.139434,0.168063,1.019702,0.019702,1.019702,0.081836
1980-04-30,1979-04-30,605,-0.005137,0.079989,0.140948,0.170873,1.019875,0.019875,1.019875,0.082570
1980-05-31,1979-05-31,606,0.066044,0.079858,0.145115,0.178822,1.019969,0.019969,1.019969,0.084186
1980-06-30,1979-06-30,607,0.056710,0.079813,0.137522,0.163411,1.020018,0.020018,1.020018,0.081475
1980-07-31,1979-07-31,608,0.111804,0.079699,0.137251,0.162558,1.020066,0.020066,1.020066,0.081428
1980-08-31,1979-08-31,609,0.073727,0.079608,0.128883,0.145659,1.020058,0.020058,1.020058,0.078375
1980-09-30,1979-09-30,610,0.104665,0.079528,0.132327,0.152249,1.020077,0.020077,1.020077,0.079648
1980-10-31,1979-10-31,611,0.211945,0.079526,0.149699,0.186348,1.020112,0.020112,1.020112,0.086006
1980-11-30,1979-11-30,612,0.258354,0.079561,0.140427,0.167752,1.020121,0.020121,1.020121,0.082642
1980-12-31,1979-12-31,613,0.186814,0.079610,0.144075,0.174777,1.020189,0.020189,1.020189,0.084041
1981-01-31,1980-01-31,614,0.074021,0.079673,0.137544,0.161776,1.020261,0.020261,1.020261,0.081741
1981-02-28,1980-02-29,615,0.094393,0.079781,0.138246,0.163068,1.020263,0.020263,1.020263,0.081998
1981-03-31,1980-03-31,616,0.299933,0.079591,0.157943,0.201054,1.020173,0.020173,1.020173,0.089070
1981-04-30,1980-04-30,617,0.225445,0.079456,0.147488,0.179828,1.020051,0.020051,1.020051,0.085136
1981-05-31,1980-05-31,618,0.167920,0.079435,0.137343,0.159573,1.019922,0.019922,1.019922,0.081308
1981-06-30,1980-06-30,619,0.108697,0.079399,0.134060,0.152833,1.019815,0.019815,1.019815,0.080001
1981-07-31,1980-07-31,620,0.023963,0.079450,0.124077,0.133254,1.019712,0.019712,1.019712,0.076261
1981-08-31,1980-08-31,621,-0.062748,0.079441,0.121885,0.128815,1.019614,0.019614,1.019614,0.075361
1981-09-30,1980-09-30,622,-0.147661,0.079481,0.118780,0.122670,1.019501,0.019501,1.019501,0.074112
1981-10-31,1980-10-31,623,-0.118691,0.079690,0.114892,0.115195,1.019341,0.019341,1.019341,0.072530
1981-11-30,1980-11-30,624,-0.174393,0.079971,0.101556,0.089449,1.019181,0.019181,1.019181,0.067515
1981-12-31,1980-12-31,625,-0.165633,0.080138,0.102959,0.092211,1.018930,0.018930,1.018930,0.067761
1982-01-31,1981-01-31,626,-0.148058,0.080129,0.103263,0.092637,1.018610,0.018610,1.018610,0.067536
1982-02-28,1981-02-28,627,-0.204282,0.080151,0.105881,0.097595,1.018340,0.018340,1.018340,0.068205
1982-03-31,1981-03-31,628,-0.249834,0.080495,0.102679,0.091581,1.018134,0.018134,1.018134,0.066825
1982-04-30,1981-04-30,629,-0.208098,0.080721,0.104395,0.095020,1.017945,0.017945,1.017945,0.067251
1982-05-31,1981-05-31,630,-0.240996,0.080857,0.106734,0.099600,1.017803,0.017803,1.017803,0.067950
1982-06-30,1981-06-30,631,-0.244836,0.080900,0.115327,0.116261,1.017711,0.017711,1.017711,0.070973
1982-07-31,1981-07-31,632,-0.258458,0.080811,0.115484,0.116336,1.017592,0.017592,1.017592,0.070905
1982-08-31,1981-08-31,633,-0.110241,0.080589,0.128797,0.141792,1.017499,0.017499,1.017499,0.075638
1982-09-30,1981-09-30,634,-0.025143,0.080235,0.150732,0.183641,1.017487,0.017487,1.017487,0.083586
1982-10-31,1981-10-31,635,0.031294,0.079928,0.145854,0.173622,1.017546,0.017546,1.017546,0.081879
1982-11-30,1981-11-30,636,0.043472,0.079536,0.143064,0.167749,1.017648,0.017648,1.017648,0.080974
1982-12-31,1981-12-31,637,0.091806,0.079158,0.155655,0.191548,1.017864,0.017864,1.017864,0.085775
1983-01-31,1982-01-31,638,0.170771,0.078808,0.159370,0.198229,1.018151,0.018151,1.018151,0.087430
1983-02-28,1982-02-28,639,0.281396,0.078373,0.171235,0.220408,1.018400,0.018400,1.018400,0.092005
1983-03-31,1982-03-31,640,0.343310,0.077870,0.176370,0.229579,1.018648,0.018648,1.018648,0.094137
1983-04-30,1982-04-30,641,0.383311,0.077432,0.169258,0.215265,1.018910,0.018910,1.018910,0.091834
1983-05-31,1982-05-31,642,0.452844,0.076945,0.177683,0.230629,1.019134,0.019134,1.019134,0.095136
1983-06-30,1982-06-30,643,0.551534,0.076454,0.176152,0.226625,1.019218,0.019218,1.019218,0.094670
1983-07-31,1982-07-31,644,0.539794,0.075943,0.182041,0.236721,1.019324,0.019324,1.019324,0.096924
1983-08-31,1982-08-31,645,0.378134,0.075660,0.164748,0.202920,1.019435,0.019435,1.019435,0.090757
1983-09-30,1982-09-30,646,0.373190,0.075507,0.151260,0.176484,1.019375,0.019375,1.019375,0.085788
1983-10-31,1982-10-31,647,0.187834,0.075440,0.127477,0.131237,1.019230,0.019230,1.019230,0.076988
1983-11-30,1982-11-30,648,0.157888,0.075391,0.120171,0.117204,1.019062,0.019062,1.019062,0.074156
1983-12-31,1982-12-31,649,0.130601,0.075416,0.114995,0.107266,1.018822,0.018822,1.018822,0.072022
1984-01-31,1983-01-31,650,0.069111,0.075560,0.112208,0.102008,1.018619,0.018619,1.018619,0.070796
1984-02-29,1983-02-28,651,-0.007747,0.075871,0.107459,0.093294,1.018408,0.018408,1.018408,0.068849
1984-03-31,1983-03-31,652,-0.030045,0.076273,0.103065,0.085306,1.018178,0.018178,1.018178,0.067012
1984-04-30,1983-04-30,653,-0.098037,0.076735,0.092570,0.065783,1.017924,0.017924,1.017924,0.062935
1984-05-31,1983-05-31,654,-0.157087,0.077300,0.089717,0.060621,1.017649,0.017649,1.017649,0.061613
1984-06-30,1983-06-30,655,-0.169618,0.078011,0.086340,0.054442,1.017437,0.017437,1.017437,0.060167
1984-07-31,1983-07-31,656,-0.156685,0.078702,0.090101,0.062018,1.017218,0.017218,1.017218,0.061302
1984-08-31,1983-08-31,657,-0.067179,0.079150,0.087316,0.056743,1.016941,0.016941,1.016941,0.060004
1984-09-30,1983-09-30,658,-0.083880,0.079589,0.087666,0.057638,1.016756,0.016756,1.016756,0.059937
1984-10-31,1983-10-31,659,-0.058306,0.079750,0.090914,0.064114,1.016609,0.016609,1.016609,0.060961
1984-11-30,1983-11-30,660,-0.095852,0.079866,0.087392,0.057211,1.016451,0.016451,1.016451,0.059520
1984-12-31,1983-12-31,661,-0.062308,0.079942,0.089190,0.060787,1.016324,0.016324,1.016324,0.060039
1985-01-31,1984-01-31,662,0.031722,0.079925,0.090654,0.063625,1.016162,0.016162,1.016162,0.060401
1985-02-28,1984-02-29,663,0.100760,0.079796,0.116448,0.114369,1.016206,0.016206,1.016206,0.069796
1985-03-31,1984-03-31,664,0.084494,0.079633,0.115414,0.112140,1.016254,0.016254,1.016254,0.069471
1985-04-30,1984-04-30,665,0.079987,0.079371,0.120174,0.121295,1.016374,0.016374,1.016374,0.071323
1985-05-31,1984-05-31,666,0.209217,0.079022,0.129098,0.138621,1.016523,0.016523,1.016523,0.074715
1985-06-30,1984-06-30,667,0.204612,0.078656,0.153908,0.187389,1.016938,0.016938,1.016938,0.084153
1985-07-31,1984-07-31,668,0.231318,0.078310,0.161379,0.201912,1.017394,0.017394,1.017394,0.087350
1985-08-31,1984-08-31,669,0.103001,0.078096,0.147235,0.173805,1.017942,0.017942,1.017942,0.082801
1985-09-30,1984-09-30,670,0.063783,0.077858,0.151799,0.182688,1.018498,0.018498,1.018498,0.085050
1985-10-31,1984-10-31,671,0.114990,0.077659,0.160223,0.199227,1.019145,0.019145,1.019145,0.088802
1985-11-30,1984-11-30,672,0.207324,0.077405,0.168337,0.215163,1.019860,0.019860,1.019860,0.092516
1985-12-31,1984-12-31,673,0.229712,0.077201,0.169559,0.217462,1.020628,0.020628,1.020628,0.093784
1986-01-31,1985-01-31,674,0.144397,0.077135,0.161921,0.202286,1.021498,0.021498,1.021498,0.091933
1986-02-28,1985-02-28,675,0.210779,0.077170,0.144314,0.167348,1.021898,0.021898,1.021898,0.085944
1986-03-31,1985-03-31,676,0.282797,0.077180,0.148678,0.175942,1.022322,0.022322,1.022322,0.087986
1986-04-30,1985-04-30,677,0.281081,0.077184,0.147869,0.174241,1.022669,0.022669,1.022669,0.088060
1986-05-31,1985-05-31,678,0.274347,0.077376,0.146779,0.172285,1.023096,0.023096,1.023096,0.088117
1986-06-30,1985-06-30,679,0.274264,0.077560,0.154446,0.187569,1.023324,0.023324,1.023324,0.091157
1986-07-31,1985-07-31,680,0.202860,0.077782,0.157496,0.193764,1.023546,0.023546,1.023546,0.092507
1986-08-31,1985-08-31,681,0.290043,0.077818,0.157505,0.193499,1.023717,0.023717,1.023717,0.092693
1986-09-30,1985-09-30,682,0.238514,0.077798,0.164586,0.207001,1.023845,0.023845,1.023845,0.095416
1986-10-31,1985-10-31,683,0.244372,0.077852,0.152225,0.182194,1.023873,0.023873,1.023873,0.090931
1986-11-30,1985-11-30,684,0.181753,0.078038,0.149348,0.176489,1.023926,0.023926,1.023926,0.089937
1986-12-31,1985-12-31,685,0.100279,0.078255,0.143970,0.165935,1.023950,0.023950,1.023950,0.087999
1987-01-31,1986-01-31,686,0.226244,0.078350,0.138244,0.154429,1.023882,0.023882,1.023882,0.085836
1987-02-28,1986-02-28,687,0.191056,0.078539,0.126962,0.132314,1.023948,0.023948,1.023948,0.081786
1987-03-31,1986-03-31,688,0.151306,0.078831,0.118063,0.115009,1.023988,0.023988,1.023988,0.078577
1987-04-30,1986-04-30,689,0.141989,0.079120,0.122209,0.123469,1.024077,0.024077,1.024077,0.080186
1987-05-31,1986-05-31,690,0.092509,0.079398,0.110552,0.100573,1.024055,0.024055,1.024055,0.075905
1987-06-30,1986-06-30,691,0.122698,0.079675,0.096233,0.072265,1.023838,0.023838,1.023838,0.070449
1987-07-31,1986-07-31,692,0.245141,0.079850,0.108258,0.096202,1.023641,0.023641,1.023641,0.074633
1987-08-31,1986-08-31,693,0.213903,0.080148,0.103473,0.086843,1.023486,0.023486,1.023486,0.072723
1987-09-30,1986-09-30,694,0.296155,0.080373,0.117911,0.115711,1.023356,0.023356,1.023356,0.077856
1987-10-31,1986-10-31,695,-0.036727,0.080605,0.119111,0.118247,1.023333,0.023333,1.023333,0.078270
1987-11-30,1986-11-30,696,-0.118393,0.080747,0.112845,0.105731,1.023208,0.023208,1.023208,0.075852
1987-12-31,1986-12-31,697,-0.029986,0.080775,0.125446,0.130752,1.023139,0.023139,1.023139,0.080377
1988-01-31,1987-01-31,698,-0.103887,0.080980,0.112346,0.104733,1.023141,0.023141,1.023141,0.075599
1988-02-29,1987-02-28,699,-0.103491,0.081135,0.111008,0.102157,1.023180,0.023180,1.023180,0.075152
1988-03-31,1987-03-31,700,-0.137793,0.081233,0.113052,0.106302,1.023263,0.023263,1.023263,0.075986
1988-04-30,1987-04-30,701,-0.114853,0.081318,0.117407,0.115044,1.023325,0.023325,1.023325,0.077640
1988-05-31,1987-05-31,702,-0.118782,0.081334,0.116761,0.113738,1.023432,0.023432,1.023432,0.077517
1988-06-30,1987-06-30,703,-0.113898,0.081392,0.104564,0.089409,1.023621,0.023621,1.023621,0.073264
1988-07-31,1987-07-31,704,-0.157584,0.081621,0.099403,0.079296,1.023766,0.023766,1.023766,0.071531
1988-08-31,1987-08-31,705,-0.213641,0.081805,0.093573,0.067803,1.023854,0.023854,1.023854,0.069494
1988-09-30,1987-09-30,706,-0.167826,0.082104,0.099935,0.080798,1.023958,0.023958,1.023958,0.071926
1988-10-31,1987-10-31,707,0.098391,0.081938,0.136765,0.154315,1.023961,0.023961,1.023961,0.085380
1988-11-30,1987-11-30,708,0.166881,0.081660,0.149607,0.179582,1.023999,0.023999,1.023999,0.090110
1988-12-31,1987-12-31,709,0.107473,0.081505,0.130721,0.141479,1.023907,0.023907,1.023907,0.083115
1989-01-31,1988-01-31,710,0.123585,0.081249,0.123521,0.126758,1.023773,0.023773,1.023773,0.080345
1989-02-28,1988-02-29,711,0.049544,0.080993,0.117819,0.115061,1.023610,0.023610,1.023610,0.078091
1989-03-31,1988-03-31,712,0.090440,0.080691,0.119695,0.118400,1.023397,0.023397,1.023397,0.078551
1989-04-30,1988-04-30,713,0.129238,0.080421,0.121325,0.121246,1.023192,0.023192,1.023192,0.078930
1989-05-31,1988-05-31,714,0.169726,0.080147,0.129405,0.136868,1.023051,0.023051,1.023051,0.081729
1989-06-30,1988-06-30,715,0.102280,0.079880,0.126680,0.131159,1.023007,0.023007,1.023007,0.080689
1989-07-31,1988-07-31,716,0.194820,0.079554,0.130009,0.137426,1.022974,0.022974,1.022974,0.081869
1989-08-31,1988-08-31,717,0.255879,0.079151,0.135995,0.148945,1.022962,0.022962,1.022962,0.084040
1989-09-30,1988-09-30,718,0.207401,0.078813,0.126354,0.129481,1.022882,0.022882,1.022882,0.080438
1989-10-31,1988-10-31,719,0.151643,0.078840,0.129134,0.134874,1.022859,0.022859,1.022859,0.081427
1989-11-30,1988-11-30,720,0.192410,0.078960,0.138987,0.154368,1.022898,0.022898,1.022898,0.085063
1989-12-31,1988-12-31,721,0.190728,0.078999,0.161057,0.197993,1.023209,0.023209,1.023209,0.093447
1990-01-31,1989-01-31,722,0.035142,0.079060,0.155447,0.186884,1.023574,0.023574,1.023574,0.091790
1990-02-28,1989-02-28,723,0.071299,0.079020,0.154301,0.184477,1.023878,0.023878,1.023878,0.091695
1990-03-31,1989-03-31,724,0.073438,0.079035,0.148350,0.172645,1.024173,0.024173,1.024173,0.089836
1990-04-30,1989-04-30,725,-0.005811,0.079103,0.136944,0.150097,1.024406,0.024406,1.024406,0.085916
1990-05-31,1989-05-31,726,0.040918,0.079226,0.130059,0.136546,1.024549,0.024549,1.024549,0.083552
1990-06-30,1989-06-30,727,0.044013,0.079257,0.128587,0.133576,1.024623,0.024623,1.024623,0.083093
1990-07-31,1989-07-31,728,-0.045832,0.079413,0.121495,0.119654,1.024724,0.024724,1.024724,0.080607
1990-08-31,1989-08-31,729,-0.152643,0.079652,0.121527,0.119933,1.024848,0.024848,1.024848,0.080750
1990-09-30,1989-09-30,730,-0.196270,0.079824,0.121534,0.120090,1.025008,0.025008,1.025008,0.080921
1990-10-31,1989-10-31,731,-0.181070,0.079920,0.119574,0.116229,1.025055,0.025055,1.025055,0.080254
1990-11-30,1989-11-30,732,-0.140371,0.080072,0.114552,0.106326,1.025021,0.025021,1.025021,0.078383
1990-12-31,1989-12-31,733,-0.130753,0.080220,0.092364,0.062236,1.024659,0.024659,1.024659,0.069893
1991-01-31,1990-01-31,734,-0.013544,0.080160,0.103916,0.084947,1.024273,0.024273,1.024273,0.073710
1991-02-28,1990-02-28,735,0.044281,0.080148,0.102728,0.082428,1.023917,0.023917,1.023917,0.072903
1991-03-31,1990-03-31,736,0.052264,0.080139,0.100500,0.077891,1.023582,0.023582,1.023582,0.071738
1991-04-30,1990-04-30,737,0.086570,0.080024,0.104580,0.085700,1.023273,0.023273,1.023273,0.072904
1991-05-31,1990-05-31,738,0.037098,0.079972,0.091390,0.059654,1.022956,0.022956,1.022956,0.067760
1991-06-30,1990-06-30,739,-0.002053,0.079924,0.094192,0.065048,1.022672,0.022672,1.022672,0.068484
1991-07-31,1990-07-31,740,0.060015,0.079757,0.089454,0.055558,1.022305,0.022305,1.022305,0.066374
1991-08-31,1990-08-31,741,0.210008,0.079448,0.104524,0.084702,1.021927,0.021927,1.021927,0.071472
1991-09-30,1990-09-30,742,0.271051,0.079083,0.110702,0.096302,1.021534,0.021534,1.021534,0.073312
1991-10-31,1990-10-31,743,0.314253,0.078738,0.113017,0.100359,1.021187,0.021187,1.021187,0.073790
1991-11-30,1990-11-30,744,0.183826,0.078448,0.101337,0.077309,1.020841,0.020841,1.020841,0.069173
1991-12-31,1990-12-31,745,0.278761,0.078172,0.096815,0.068266,1.020651,0.020651,1.020651,0.067328
1992-01-31,1991-01-31,746,0.214647,0.078051,0.081227,0.037847,1.020367,0.020367,1.020367,0.061359
1992-02-29,1991-02-28,747,0.144031,0.078006,0.072619,0.021072,1.020074,0.020074,1.020074,0.057922
1992-03-31,1991-03-31,748,0.084404,0.077972,0.067544,0.011180,1.019758,0.019758,1.019758,0.055749
1992-04-30,1991-04-30,749,0.099034,0.077984,0.067011,0.010149,1.019438,0.019438,1.019438,0.055223
1992-05-31,1991-05-31,750,0.063323,0.077930,0.063731,0.003744,1.019140,0.019140,1.019140,0.053723
1992-06-30,1991-06-30,751,0.093603,0.077825,0.065045,0.006199,1.018795,0.018795,1.018795,0.053843
1992-07-31,1991-07-31,752,0.087590,0.077802,0.059029,-0.005483,1.018488,0.018488,1.018488,0.051340
1992-08-31,1991-08-31,753,0.038119,0.077975,0.052036,-0.018927,1.018119,0.018119,1.018119,0.048420
1992-09-30,1991-09-30,754,0.067430,0.078227,0.053889,-0.015159,1.017778,0.017778,1.017778,0.048741
1992-10-31,1991-10-31,755,0.064161,0.078535,0.051635,-0.019365,1.017430,0.017430,1.017430,0.047565
1992-11-30,1991-11-30,756,0.156118,0.078672,0.054752,-0.013158,1.017098,0.017098,1.017098,0.048354
1992-12-31,1991-12-31,757,0.058792,0.078932,0.046096,-0.029710,1.016772,0.016772,1.016772,0.044879
1993-01-31,1992-01-31,758,0.074563,0.079108,0.045744,-0.030022,1.016527,0.016527,1.016527,0.044500
1993-02-28,1992-02-29,759,0.064482,0.079192,0.044557,-0.032023,1.016285,0.016285,1.016285,0.043821
1993-03-31,1992-03-31,760,0.118486,0.079199,0.047912,-0.025317,1.016082,0.016082,1.016082,0.044828
1993-04-30,1992-04-30,761,0.073525,0.079225,0.045817,-0.029144,1.015870,0.015870,1.015870,0.043851
1993-05-31,1992-05-31,762,0.100660,0.079204,0.043794,-0.032897,1.015631,0.015631,1.015631,0.042873
1993-06-30,1992-06-30,763,0.130682,0.079223,0.046462,-0.027495,1.015443,0.015443,1.015443,0.043646
1993-07-31,1992-07-31,764,0.086301,0.079234,0.043200,-0.033520,1.015273,0.015273,1.015273,0.042290
1993-08-31,1992-08-31,765,0.153527,0.079181,0.045134,-0.029602,1.015171,0.015171,1.015171,0.042886
1993-09-30,1992-09-30,766,0.138981,0.079166,0.044537,-0.030491,1.015066,0.015066,1.015066,0.042562
1993-10-31,1992-10-31,767,0.143192,0.079146,0.043249,-0.032696,1.014966,0.014966,1.014966,0.041992
1993-11-30,1992-11-30,768,0.078206,0.079245,0.040561,-0.037305,1.014877,0.014877,1.014877,0.040929
1993-12-31,1992-12-31,769,0.078959,0.079219,0.039207,-0.039578,1.014789,0.014789,1.014789,0.040348
1994-01-31,1993-01-31,770,0.099211,0.079213,0.038728,-0.040106,1.014712,0.014712,1.014712,0.040095
1994-02-28,1993-02-28,771,0.070792,0.079194,0.038834,-0.039541,1.014643,0.014643,1.014643,0.040064
1994-03-31,1993-03-31,772,-0.002313,0.079244,0.037951,-0.040701,1.014568,0.014568,1.014568,0.039667
1994-04-30,1993-04-30,773,0.036021,0.079237,0.039976,-0.036484,1.014508,0.014508,1.014508,0.040337
1994-05-31,1993-05-31,774,0.012695,0.079264,0.038502,-0.038775,1.014485,0.014485,1.014485,0.039782
1994-06-30,1993-06-30,775,-0.020451,0.079329,0.039046,-0.037175,1.014465,0.014465,1.014465,0.039957
1994-07-31,1993-07-31,776,0.009872,0.079338,0.039355,-0.036149,1.014455,0.014455,1.014455,0.040059
1994-08-31,1993-08-31,777,0.011750,0.079432,0.037073,-0.039753,1.014448,0.014448,1.014448,0.039226
1994-09-30,1993-09-30,778,-0.009647,0.079508,0.037250,-0.038792,1.014438,0.014438,1.014438,0.039280
1994-10-31,1993-10-31,779,-0.010744,0.079588,0.037161,-0.038295,1.014454,0.014454,1.014454,0.039264
1994-11-30,1993-11-30,780,-0.031655,0.079586,0.039120,-0.034223,1.014477,0.014477,1.014477,0.039997
1994-12-31,1993-12-31,781,-0.039576,0.079586,0.038823,-0.034326,1.014520,0.014520,1.014520,0.039933
1995-01-31,1994-01-31,782,-0.050401,0.079610,0.037429,-0.036363,1.014573,0.014573,1.014573,0.039483
1995-02-28,1994-02-28,783,0.009324,0.079599,0.039851,-0.031493,1.014634,0.014634,1.014634,0.040422
1995-03-31,1994-03-31,784,0.083557,0.079496,0.042971,-0.025637,1.014674,0.014674,1.014674,0.041593
1995-04-30,1994-04-30,785,0.098557,0.079442,0.044239,-0.023066,1.014750,0.014750,1.014750,0.042129
1995-05-31,1994-05-31,786,0.123510,0.079358,0.044368,-0.022659,1.014828,0.014828,1.014828,0.042256
1995-06-30,1994-06-30,787,0.191001,0.079233,0.046124,-0.019401,1.014878,0.014878,1.014878,0.042944
1995-07-31,1994-07-31,788,0.201400,0.079147,0.044022,-0.023099,1.014925,0.014925,1.014925,0.042230
1995-08-31,1994-08-31,789,0.161485,0.079062,0.043176,-0.024466,1.015003,0.015003,1.015003,0.042004
1995-09-30,1994-09-30,790,0.229355,0.078952,0.045738,-0.019696,1.015093,0.015093,1.015093,0.043024
1995-10-31,1994-10-31,791,0.194414,0.078840,0.044451,-0.021954,1.015169,0.015169,1.015169,0.042636
1995-11-30,1994-11-30,792,0.296334,0.078703,0.053451,-0.005537,1.015327,0.015327,1.015327,0.046057
1995-12-31,1994-12-31,793,0.299310,0.078556,0.054350,-0.003920,1.015497,0.015497,1.015497,0.046558
1996-01-31,1995-01-31,794,0.304524,0.078396,0.054292,-0.004075,1.015678,0.015678,1.015678,0.046724
1996-02-29,1995-02-28,795,0.275575,0.078310,0.052032,-0.008074,1.015861,0.015861,1.015861,0.046094
1996-03-31,1995-03-31,796,0.256729,0.078317,0.051484,-0.008740,1.016077,0.016077,1.016077,0.046117
1996-04-30,1995-04-30,797,0.255615,0.078342,0.049602,-0.011791,1.016254,0.016254,1.016254,0.045617
1996-05-31,1995-05-31,798,0.249157,0.078397,0.052229,-0.006592,1.016508,0.016508,1.016508,0.046831
1996-06-30,1995-06-30,799,0.202576,0.078536,0.051434,-0.007414,1.016803,0.016803,1.016803,0.046847
1996-07-31,1995-07-31,800,0.090595,0.078688,0.055810,0.001100,1.017243,0.017243,1.017243,0.048888
1996-08-31,1995-08-31,801,0.114695,0.078789,0.054371,-0.000948,1.017623,0.017623,1.017623,0.048757
1996-09-30,1995-09-30,802,0.131494,0.078974,0.052032,-0.004410,1.017995,0.017995,1.017995,0.048291
1996-10-31,1995-10-31,803,0.159403,0.079116,0.056805,0.004657,1.018434,0.018434,1.018434,0.050477
1996-11-30,1995-11-30,804,0.183872,0.079382,0.052524,-0.002132,1.018745,0.018745,1.018745,0.049243
1996-12-31,1995-12-31,805,0.152128,0.079651,0.051759,-0.002698,1.019031,0.019031,1.019031,0.049259
1997-01-31,1996-01-31,806,0.183003,0.079926,0.053937,0.001887,1.019359,0.019359,1.019359,0.050389
1997-02-28,1996-02-29,807,0.162028,0.080165,0.052548,0.000202,1.019671,0.019671,1.019671,0.050204
1997-03-31,1996-03-31,808,0.096481,0.080381,0.052519,0.000840,1.019965,0.019965,1.019965,0.050497
1997-04-30,1996-04-30,809,0.117546,0.080594,0.050739,-0.001508,1.020260,0.020260,1.020260,0.050153
1997-05-31,1996-05-31,810,0.165504,0.080799,0.045116,-0.010445,1.020399,0.020399,1.020399,0.048250
1997-06-30,1996-06-30,811,0.227697,0.080947,0.044436,-0.011019,1.020489,0.020489,1.020489,0.048095
1997-07-31,1996-07-31,812,0.403107,0.080959,0.045292,-0.009340,1.020408,0.020408,1.020408,0.048323
1997-08-31,1996-08-31,813,0.309395,0.081000,0.042294,-0.014125,1.020326,0.020326,1.020326,0.047148
1997-09-30,1996-09-30,814,0.313250,0.081061,0.040284,-0.017146,1.020261,0.020261,1.020261,0.046350
1997-10-31,1996-10-31,815,0.252898,0.081155,0.037878,-0.020791,1.020122,0.020122,1.020122,0.045332
1997-11-30,1996-11-30,816,0.213916,0.081280,0.031792,-0.030482,1.019960,0.019960,1.019960,0.042952
1997-12-31,1996-12-31,817,0.252568,0.081365,0.032306,-0.029137,1.019787,0.019787,1.019787,0.042962
1998-01-31,1997-01-31,818,0.193939,0.081487,0.026618,-0.038098,1.019525,0.019525,1.019525,0.040626
1998-02-28,1997-02-28,819,0.285656,0.081584,0.028041,-0.035202,1.019285,0.019285,1.019285,0.040898
1998-03-31,1997-03-31,820,0.420964,0.081602,0.030977,-0.030014,1.019040,0.019040,1.019040,0.041715
1998-04-30,1997-04-30,821,0.374890,0.081645,0.028630,-0.033536,1.018799,0.018799,1.018799,0.040616
1998-05-31,1997-05-31,822,0.246229,0.081746,0.024655,-0.039494,1.018607,0.018607,1.018607,0.038976
1998-06-30,1997-06-30,823,0.234976,0.081921,0.026958,-0.034819,1.018522,0.018522,1.018522,0.039725
1998-07-31,1997-07-31,824,0.121034,0.082305,0.023709,-0.038638,1.018512,0.018512,1.018512,0.038535
1998-08-31,1997-08-31,825,-0.018678,0.082576,0.027114,-0.031886,1.018539,0.018539,1.018539,0.039799
1998-09-30,1997-09-30,826,-0.011969,0.082852,0.025257,-0.033626,1.018566,0.018566,1.018566,0.039152
1998-10-31,1997-10-31,827,0.101200,0.083054,0.028386,-0.027558,1.018645,0.018645,1.018645,0.040370
1998-11-30,1997-11-30,828,0.134124,0.083210,0.030441,-0.023316,1.018854,0.018854,1.018854,0.041330
1998-12-31,1997-12-31,829,0.188044,0.083411,0.030416,-0.022255,1.019096,0.019096,1.019096,0.041568
1999-01-31,1998-01-31,830,0.228151,0.083543,0.030174,-0.021685,1.019403,0.019403,1.019403,0.041794
1999-02-28,1998-02-28,831,0.098986,0.083782,0.025427,-0.027741,1.019664,0.019664,1.019664,0.040334
1999-03-31,1998-03-31,832,0.084552,0.084182,0.023437,-0.028915,1.019946,0.019946,1.019946,0.039898
1999-04-30,1998-04-30,833,0.122768,0.084526,0.023372,-0.027254,1.020234,0.020234,1.020234,0.040168
1999-05-31,1998-05-31,834,0.130840,0.084717,0.025531,-0.022763,1.020534,0.020534,1.020534,0.041260
1999-06-30,1998-06-30,835,0.148094,0.084894,0.021561,-0.027551,1.020664,0.020664,1.020664,0.039947
1999-07-31,1998-07-31,836,0.136012,0.084937,0.023178,-0.024471,1.020783,0.020783,1.020783,0.040657
1999-08-31,1998-08-31,837,0.338475,0.084815,0.033272,-0.009515,1.020873,0.020873,1.020873,0.044424
1999-09-30,1998-09-30,838,0.224103,0.084701,0.027657,-0.017793,1.020902,0.020902,1.020902,0.042410
1999-10-31,1998-10-31,839,0.212684,0.084721,0.024496,-0.021971,1.020926,0.020926,1.020926,0.041283
1999-11-30,1998-11-30,840,0.181135,0.084779,0.017824,-0.031163,1.020800,0.020800,1.020800,0.038725
1999-12-31,1998-12-31,841,0.197645,0.084900,0.015556,-0.033584,1.020672,0.020672,1.020672,0.037769
2000-01-31,1999-01-31,842,0.102079,0.085067,0.013668,-0.035234,1.020539,0.020539,1.020539,0.036947
2000-02-29,1999-02-28,843,0.177237,0.085084,0.015369,-0.032206,1.020415,0.020415,1.020415,0.037440
2000-03-31,1999-03-31,844,0.195288,0.085083,0.014365,-0.033143,1.020292,0.020292,1.020292,0.036949
2000-04-30,1999-04-30,845,0.073607,0.085127,0.014379,-0.032426,1.020201,0.020201,1.020201,0.036863
2000-05-31,1999-05-31,846,0.052968,0.085180,0.015334,-0.030364,1.020100,0.020100,1.020100,0.037107
2000-06-30,1999-06-30,847,0.050624,0.085253,0.017895,-0.025899,1.020163,0.020163,1.020163,0.038103
2000-07-31,1999-07-31,848,0.062321,0.085313,0.020107,-0.022053,1.020227,0.020227,1.020227,0.038973
2000-08-31,1999-08-31,849,0.153212,0.085607,0.022253,-0.017659,1.020329,0.020329,1.020329,0.039858
2000-09-30,1999-09-30,850,0.122542,0.085767,0.024273,-0.013864,1.020477,0.020477,1.020477,0.040744
2000-10-31,1999-10-31,851,0.027947,0.085914,0.020224,-0.018485,1.020590,0.020590,1.020590,0.039385
2000-11-30,1999-11-30,852,-0.112626,0.086024,0.020461,-0.017200,1.020846,0.020846,1.020846,0.039732
2000-12-31,1999-12-31,853,-0.168245,0.086154,0.017238,-0.020514,1.021099,0.021099,1.021099,0.038816
2001-01-31,2000-01-31,854,-0.097451,0.086172,0.019974,-0.016174,1.021369,0.021369,1.021369,0.040088
2001-02-28,2000-02-29,855,-0.208444,0.086277,0.019449,-0.015922,1.021661,0.021661,1.021661,0.040193
2001-03-31,2000-03-31,856,-0.305311,0.086403,0.017870,-0.016971,1.021954,0.021954,1.021954,0.039916
2001-04-30,2000-04-30,857,-0.195960,0.086388,0.020711,-0.012737,1.022182,0.022182,1.022182,0.041184
2001-05-31,2000-05-31,858,-0.151754,0.086349,0.023671,-0.008478,1.022431,0.022431,1.022431,0.042517
2001-06-30,2000-06-30,859,-0.206364,0.086308,0.016487,-0.017669,1.022424,0.022424,1.022424,0.039890
2001-07-31,2000-07-31,860,-0.203928,0.086281,0.017194,-0.016390,1.022397,0.022397,1.022397,0.040121
2001-08-31,2000-08-31,861,-0.305330,0.086358,0.012901,-0.021286,1.022318,0.022318,1.022318,0.038474
2001-09-30,2000-09-30,862,-0.332699,0.086399,0.018739,-0.013087,1.022304,0.022304,1.022304,0.040589
2001-10-31,2000-10-31,863,-0.297168,0.086332,0.024053,-0.005991,1.022399,0.022399,1.022399,0.042624
2001-11-30,2000-11-30,864,-0.151074,0.086105,0.034677,0.007468,1.022525,0.022525,1.022525,0.046627
2001-12-31,2000-12-31,865,-0.147940,0.085815,0.034820,0.007073,1.022657,0.022657,1.022657,0.046814
2002-01-31,2001-01-31,866,-0.187510,0.085606,0.032635,0.003879,1.022776,0.022776,1.022776,0.046139
2002-02-28,2001-02-28,867,-0.115535,0.085272,0.039070,0.011674,1.022866,0.022866,1.022866,0.048578
2002-03-31,2001-03-31,868,-0.004443,0.084828,0.042481,0.015218,1.022905,0.022905,1.022905,0.049863
2002-04-30,2001-04-30,869,-0.125762,0.084509,0.035180,0.004783,1.022918,0.022918,1.022918,0.047212
2002-05-31,2001-05-31,870,-0.144009,0.084241,0.034367,0.003192,1.022906,0.022906,1.022906,0.046904
2002-06-30,2001-06-30,871,-0.189581,0.083912,0.034530,0.002718,1.022991,0.022991,1.022991,0.047050
2002-07-31,2001-07-31,872,-0.238499,0.083587,0.034616,0.002156,1.023067,0.023067,1.023067,0.047159
2002-08-31,2001-08-31,873,-0.181605,0.083147,0.039822,0.008290,1.023183,0.023183,1.023183,0.049178
2002-09-30,2001-09-30,874,-0.190438,0.082678,0.040431,0.008082,1.023115,0.023115,1.023115,0.049330
2002-10-31,2001-10-31,875,-0.148702,0.082250,0.032499,-0.003982,1.022884,0.022884,1.022884,0.046200
2002-11-30,2001-11-30,876,-0.161972,0.081987,0.021096,-0.020558,1.022497,0.022497,1.022497,0.041646
2002-12-31,2001-12-31,877,-0.221222,0.081728,0.017319,-0.026423,1.022059,0.022059,1.022059,0.039822
2003-01-31,2002-01-31,878,-0.229311,0.081426,0.017128,-0.027371,1.021609,0.021609,1.021609,0.039295
2003-02-28,2002-02-28,879,-0.225228,0.081205,0.018200,-0.026251,1.021164,0.021164,1.021164,0.039233
2003-03-31,2002-03-31,880,-0.248501,0.081109,0.015180,-0.030602,1.020721,0.020721,1.020721,0.037683
2003-04-30,2002-04-30,881,-0.147117,0.080877,0.016997,-0.028451,1.020286,0.020286,1.020286,0.037901
2003-05-31,2002-05-31,882,-0.084952,0.080625,0.016525,-0.029634,1.019840,0.019840,1.019840,0.037276
2003-06-30,2002-06-30,883,-0.000958,0.080323,0.021122,-0.023672,1.019419,0.019419,1.019419,0.038519
2003-07-31,2002-07-31,884,0.112662,0.079968,0.024717,-0.019263,1.018996,0.018996,1.018996,0.039395
2003-08-31,2002-08-31,885,0.132386,0.079676,0.021370,-0.024707,1.018525,0.018525,1.018525,0.037698
2003-09-30,2002-09-30,886,0.246451,0.079375,0.027481,-0.016391,1.018117,0.018117,1.018117,0.039502
2003-10-31,2002-10-31,887,0.226108,0.079122,0.023269,-0.023022,1.017776,0.017776,1.017776,0.037625
2003-11-30,2002-11-30,888,0.173823,0.078854,0.020359,-0.027827,1.017541,0.017541,1.017541,0.036329
2003-12-31,2002-12-31,889,0.297208,0.078521,0.022762,-0.025047,1.017346,0.017346,1.017346,0.037002
2004-01-31,2003-01-31,890,0.359614,0.078179,0.025936,-0.021106,1.017194,0.017194,1.017194,0.037999
2004-02-29,2003-02-28,891,0.406208,0.077843,0.026875,-0.020433,1.017038,0.017038,1.017038,0.038180
2004-03-31,2003-03-31,892,0.373514,0.077482,0.025974,-0.022601,1.016897,0.016897,1.016897,0.037709
2004-04-30,2003-04-30,893,0.246750,0.077234,0.022293,-0.028579,1.016790,0.016790,1.016790,0.036266
2004-05-31,2003-05-31,894,0.188722,0.077055,0.018837,-0.033992,1.016701,0.016701,1.016701,0.034921
2004-06-30,2003-06-30,895,0.193281,0.076969,0.017686,-0.035614,1.016584,0.016584,1.016584,0.034385
2004-07-31,2003-07-31,896,0.121495,0.077008,0.017351,-0.035596,1.016504,0.016504,1.016504,0.034182
2004-08-31,2003-08-31,897,0.097800,0.077069,0.017610,-0.034572,1.016513,0.016513,1.016513,0.034286
2004-09-30,2003-09-30,898,0.128884,0.077255,0.018893,-0.031687,1.016535,0.016535,1.016535,0.034774
2004-10-31,2003-10-31,899,0.079454,0.077419,0.016698,-0.033990,1.016575,0.016575,1.016575,0.034018
2004-11-30,2003-11-30,900,0.111608,0.077525,0.015300,-0.035248,1.016596,0.016596,1.016596,0.033532
2004-12-31,2003-12-31,901,0.102239,0.077765,0.013855,-0.036107,1.016643,0.016643,1.016643,0.033056
2005-01-31,2004-01-31,902,0.051291,0.078074,0.011701,-0.037788,1.016625,0.016625,1.016625,0.032257
2005-02-28,2004-02-29,903,0.055829,0.078432,0.011623,-0.036287,1.016626,0.016626,1.016626,0.032229
2005-03-31,2004-03-31,904,0.049973,0.078754,0.012709,-0.033247,1.016644,0.016644,1.016644,0.032642
2005-04-30,2004-04-30,905,0.042309,0.078938,0.014345,-0.029890,1.016663,0.016663,1.016663,0.033255
2005-05-31,2004-05-31,906,0.066969,0.079057,0.016024,-0.026685,1.016737,0.016737,1.016737,0.033938
2005-06-30,2004-06-30,907,0.053645,0.079181,0.016484,-0.025178,1.016852,0.016852,1.016852,0.034222
2005-07-31,2004-07-31,908,0.139025,0.079227,0.019567,-0.020327,1.016976,0.016976,1.016976,0.035466
2005-08-31,2004-08-31,909,0.124946,0.079248,0.020643,-0.018379,1.017096,0.017096,1.017096,0.035978
2005-09-30,2004-09-30,910,0.111684,0.079301,0.019959,-0.018763,1.017204,0.017204,1.017204,0.035841
2005-10-31,2004-10-31,911,0.075726,0.079302,0.028175,-0.007102,1.017492,0.017492,1.017492,0.039116
2005-11-30,2004-11-30,912,0.066336,0.079337,0.033553,0.000725,1.017992,0.017992,1.017992,0.041579
2005-12-31,2004-12-31,913,0.029013,0.079361,0.037388,0.006373,1.018627,0.018627,1.018627,0.043622
2006-01-31,2005-01-31,914,0.088901,0.079331,0.041260,0.011889,1.019363,0.019363,1.019363,0.045784
2006-02-28,2005-02-28,915,0.066313,0.079306,0.041710,0.012756,1.020122,0.020122,1.020122,0.046726
2006-03-31,2005-03-31,916,0.103167,0.079274,0.043688,0.015658,1.020869,0.020869,1.020869,0.048213
2006-04-30,2005-04-30,917,0.140960,0.079234,0.047357,0.020795,1.021617,0.021617,1.021617,0.050317
2006-05-31,2005-05-31,918,0.062520,0.079221,0.043973,0.016479,1.022278,0.022278,1.022278,0.049763
2006-06-30,2005-06-30,919,0.053030,0.079194,0.044337,0.017175,1.022913,0.022913,1.022913,0.050548
2006-07-31,2005-07-31,920,0.005927,0.079258,0.043066,0.015892,1.023539,0.023539,1.023539,0.050728
2006-08-31,2005-08-31,921,0.038404,0.079307,0.046870,0.021333,1.024186,0.024186,1.024186,0.052781
2006-09-30,2005-09-30,922,0.052943,0.079341,0.046366,0.020988,1.024810,0.024810,1.024810,0.053238
2006-10-31,2005-10-31,923,0.110845,0.079338,0.040958,0.014013,1.025055,0.025055,1.025055,0.051513
2006-11-30,2005-11-30,924,0.089111,0.079324,0.035355,0.006750,1.025097,0.025097,1.025097,0.049507
2006-12-31,2005-12-31,925,0.101069,0.079270,0.034256,0.005346,1.025023,0.025023,1.025023,0.049030
2007-01-31,2006-01-31,926,0.083354,0.079280,0.031462,0.001833,1.024906,0.024906,1.024906,0.047888
2007-02-28,2006-02-28,927,0.065656,0.079266,0.033939,0.005226,1.024804,0.024804,1.024804,0.048689
2007-03-31,2006-03-31,928,0.057066,0.079292,0.034471,0.006124,1.024721,0.024721,1.024721,0.048799
2007-04-30,2006-04-30,929,0.085669,0.079357,0.035162,0.007292,1.024634,0.024634,1.024634,0.048963
2007-05-31,2006-05-31,930,0.162621,0.079339,0.041026,0.015098,1.024600,0.024600,1.024600,0.051071
2007-06-30,2006-06-30,931,0.144690,0.079312,0.044254,0.019408,1.024597,0.024597,1.024597,0.052247
2007-07-31,2006-07-31,932,0.112072,0.079234,0.043974,0.019016,1.024563,0.024563,1.024563,0.052110
2007-08-31,2006-08-31,933,0.100195,0.079191,0.045874,0.021542,1.024540,0.024540,1.024540,0.052780
2007-09-30,2006-09-30,934,0.113361,0.079163,0.044998,0.020453,1.024545,0.024545,1.024545,0.052466
2007-10-31,2006-10-31,935,0.096451,0.079196,0.043491,0.018679,1.024680,0.024680,1.024680,0.052054
2007-11-30,2006-11-30,936,0.027682,0.079207,0.048075,0.024858,1.024962,0.024962,1.024962,0.054019
2007-12-31,2006-12-31,937,0.010549,0.079230,0.049410,0.026803,1.025298,0.025298,1.025298,0.054853
2008-01-31,2007-01-31,938,-0.064017,0.079234,0.051062,0.029130,1.025709,0.025709,1.025709,0.055880
2008-02-29,2007-02-28,939,-0.073647,0.079220,0.053349,0.032227,1.026074,0.026074,1.026074,0.057093
2008-03-31,2007-03-31,940,-0.088196,0.079197,0.056600,0.036553,1.026464,0.026464,1.026464,0.058685
2008-04-30,2007-04-30,941,-0.080178,0.079203,0.055682,0.035506,1.026865,0.026865,1.026865,0.058762
2008-05-31,2007-05-31,942,-0.092919,0.079291,0.056727,0.037123,1.027255,0.027255,1.027255,0.059547
2008-06-30,2007-06-30,943,-0.147854,0.079359,0.059837,0.041355,1.027608,0.027608,1.027608,0.061051
2008-07-31,2007-07-31,944,-0.121402,0.079394,0.066148,0.049649,1.028023,0.028023,1.028023,0.063793
2008-08-31,2007-08-31,945,-0.117168,0.079415,0.065460,0.048876,1.028380,0.028380,1.028380,0.063910
2008-09-30,2007-09-30,946,-0.218828,0.079451,0.070842,0.055939,1.028836,0.028836,1.028836,0.066357
2008-10-31,2007-10-31,947,-0.359612,0.079468,0.080831,0.068879,1.029430,0.029430,1.029430,0.070640
2008-11-30,2007-11-30,948,-0.387173,0.079415,0.090542,0.081357,1.029939,0.029939,1.029939,0.074737
2008-12-31,2007-12-31,949,-0.375510,0.079343,0.093573,0.085234,1.030433,0.030433,1.030433,0.076366
2009-01-31,2008-01-31,950,-0.385405,0.079194,0.103709,0.098191,1.030885,0.030885,1.030885,0.080565
2009-02-28,2008-02-29,951,-0.427219,0.079035,0.107910,0.103522,1.031323,0.031323,1.031323,0.082569
2009-03-31,2008-03-31,952,-0.374488,0.078862,0.104610,0.099172,1.031646,0.031646,1.031646,0.081694
2009-04-30,2008-04-30,953,-0.345565,0.078697,0.095467,0.087266,1.031901,0.031901,1.031901,0.078597
2009-05-31,2008-05-31,954,-0.327613,0.078519,0.089763,0.079763,1.032060,0.032060,1.032060,0.076663
2009-06-30,2008-06-30,955,-0.261395,0.078285,0.096612,0.088456,1.032150,0.032150,1.032150,0.079279
2009-07-31,2008-07-31,956,-0.201379,0.078079,0.098733,0.091050,1.032207,0.032207,1.032207,0.080119
2009-08-31,2008-08-31,957,-0.187234,0.077877,0.095708,0.086965,1.032252,0.032252,1.032252,0.079052
2009-09-30,2008-09-30,958,-0.066491,0.077571,0.101537,0.094293,1.032157,0.032157,1.032157,0.081099
2009-10-31,2008-10-31,959,0.101256,0.077121,0.115309,0.111826,1.031895,0.031895,1.031895,0.085893
2009-11-30,2008-11-30,960,0.255209,0.076644,0.129380,0.129648,1.031629,0.031629,1.031629,0.090791
2009-12-31,2008-12-31,961,0.264747,0.076179,0.118486,0.114926,1.031317,0.031317,1.031317,0.086454
2010-01-31,2009-01-31,962,0.331753,0.075705,0.125737,0.123700,1.030969,0.030969,1.030969,0.088753
2010-02-28,2009-02-28,963,0.530562,0.075189,0.140368,0.141831,1.030606,0.030606,1.030606,0.093748
2010-03-31,2009-03-31,964,0.496995,0.074728,0.159632,0.165917,1.030413,0.030413,1.030413,0.100622
2010-04-30,2009-04-30,965,0.388487,0.074298,0.143093,0.144073,1.030248,0.030248,1.030248,0.094369
2010-05-31,2009-05-31,966,0.221615,0.073887,0.128552,0.124936,1.030079,0.030079,1.030079,0.088848
2010-06-30,2009-06-30,967,0.153402,0.073545,0.125150,0.120142,1.029925,0.029925,1.029925,0.087435
2010-07-31,2009-07-31,968,0.142825,0.073264,0.106620,0.096033,1.029725,0.029725,1.029725,0.080418
2010-08-31,2009-08-31,969,0.055776,0.072999,0.095260,0.081187,1.029483,0.029483,1.029483,0.075993
2010-09-30,2009-09-30,970,0.108053,0.072857,0.085970,0.069134,1.029253,0.029253,1.029253,0.072343
2010-10-31,2009-10-31,971,0.180208,0.072886,0.094541,0.080090,1.029129,0.029129,1.029129,0.075359
2010-11-30,2009-11-30,972,0.125374,0.073071,0.073269,0.052979,1.028873,0.028873,1.028873,0.067286
2010-12-31,2009-12-31,973,0.167549,0.073265,0.068488,0.046963,1.028638,0.028638,1.028638,0.065288
2011-01-31,2010-01-31,974,0.230735,0.073528,0.071023,0.050370,1.028428,0.028428,1.028428,0.066000
2011-02-28,2010-02-28,975,0.230425,0.073991,0.066677,0.044957,1.028230,0.028230,1.028230,0.064202
2011-03-31,2010-03-31,976,0.162967,0.074419,0.038382,0.007956,1.027722,0.027722,1.027722,0.053304
2011-04-30,2010-04-30,977,0.171721,0.074736,0.034490,0.002743,1.027193,0.027193,1.027193,0.051336
2011-05-31,2010-05-31,978,0.253731,0.074885,0.041572,0.012083,1.026695,0.026695,1.026695,0.053420
2011-06-30,2010-06-30,979,0.304057,0.074964,0.047017,0.019278,1.026222,0.026222,1.026222,0.054927
2011-07-31,2010-07-31,980,0.195077,0.075032,0.046823,0.019050,1.025816,0.025816,1.025816,0.054439
2011-08-31,2010-08-31,981,0.182356,0.075013,0.052736,0.026836,1.025462,0.025462,1.025462,0.056238
2011-09-30,2010-09-30,982,0.005442,0.075046,0.045907,0.017855,1.025138,0.025138,1.025138,0.053407
2011-10-31,2010-10-31,983,0.072151,0.075152,0.034891,0.003387,1.024712,0.024712,1.024712,0.048944
2011-11-30,2010-11-30,984,0.063392,0.075202,0.036677,0.005844,1.024394,0.024394,1.024394,0.049271
2011-12-31,2010-12-31,985,0.004583,0.075295,0.034217,0.002777,1.024110,0.024110,1.024110,0.048081
2012-01-31,2011-01-31,986,0.032558,0.075451,0.033408,0.001970,1.023837,0.023837,1.023837,0.047506
2012-02-29,2011-02-28,987,0.040524,0.075606,0.031652,-0.000052,1.023574,0.023574,1.023574,0.046597
2012-03-31,2011-03-31,988,0.066727,0.075693,0.032996,0.002075,1.023577,0.023577,1.023577,0.047090
2012-04-30,2011-04-30,989,0.029067,0.075789,0.031416,0.000417,1.023619,0.023619,1.023619,0.046556
2012-05-31,2011-05-31,990,-0.019326,0.075967,0.035265,0.005975,1.023684,0.023684,1.023684,0.048027
2012-06-30,2011-06-30,991,0.034908,0.076194,0.041097,0.014115,1.023805,0.023805,1.023805,0.050281
2012-07-31,2011-07-31,992,0.067795,0.076312,0.041364,0.014795,1.023833,0.023833,1.023833,0.050408
2012-08-31,2011-08-31,993,0.162672,0.076418,0.049232,0.025223,1.023878,0.023878,1.023878,0.053326
2012-09-30,2011-09-30,994,0.289464,0.076347,0.059826,0.038873,1.023961,0.023961,1.023961,0.057281
2012-10-31,2011-10-31,995,0.140608,0.076343,0.050673,0.027183,1.024184,0.024184,1.024184,0.054168
2012-11-30,2011-11-30,996,0.153442,0.076330,0.053187,0.030524,1.024402,0.024402,1.024402,0.055311
2012-12-31,2011-12-31,997,0.158373,0.076259,0.052658,0.029839,1.024590,0.024590,1.024590,0.055311
2013-01-31,2012-01-31,998,0.162893,0.076216,0.050902,0.027631,1.024802,0.024802,1.024802,0.054888
2013-02-28,2012-02-29,999,0.128038,0.076181,0.050905,0.027710,1.025059,0.025059,1.025059,0.055154
2013-03-31,2012-03-31,1000,0.137727,0.076171,0.047916,0.023990,1.025278,0.025278,1.025278,0.054286
2013-04-30,2012-04-30,1001,0.165551,0.076125,0.049263,0.025773,1.025506,0.025506,1.025506,0.055013
2013-05-31,2012-05-31,1002,0.275463,0.076031,0.057062,0.035740,1.025718,0.025718,1.025718,0.058084
2013-06-30,2012-06-30,1003,0.213594,0.075990,0.050334,0.027132,1.025807,0.025807,1.025807,0.055714
2013-07-31,2012-07-31,1004,0.269551,0.075982,0.050810,0.027836,1.025936,0.025936,1.025936,0.056022
2013-08-31,2012-08-31,1005,0.207956,0.076067,0.050231,0.027320,1.026036,0.026036,1.026036,0.055913
2013-09-30,2012-09-30,1006,0.220001,0.076277,0.046276,0.022633,1.026062,0.026062,1.026062,0.054492
2013-10-31,2012-10-31,1007,0.292810,0.076340,0.047902,0.024897,1.026088,0.026088,1.026088,0.055114
2013-11-30,2012-11-30,1008,0.321879,0.076416,0.047128,0.024108,1.026088,0.026088,1.026088,0.054831
2013-12-31,2012-12-31,1009,0.342611,0.076496,0.051877,0.030353,1.026159,0.026159,1.026159,0.056642
2014-01-31,2013-01-31,1010,0.232018,0.076581,0.046546,0.023799,1.026190,0.026190,1.026190,0.054722
2014-02-28,2013-02-28,1011,0.272953,0.076631,0.044704,0.021630,1.026163,0.026163,1.026163,0.054020
2014-03-31,2013-03-31,1012,0.228681,0.076691,0.041868,0.018238,1.026149,0.026149,1.026149,0.052968
2014-04-30,2013-04-30,1013,0.207245,0.076777,0.040856,0.017207,1.026132,0.026132,1.026132,0.052581
2014-05-31,2013-05-31,1014,0.198309,0.076971,0.038249,0.014309,1.026078,0.026078,1.026078,0.051570
2014-06-30,2013-06-30,1015,0.243716,0.077104,0.043754,0.021559,1.026122,0.026122,1.026122,0.053631
2014-07-31,2013-07-31,1016,0.155711,0.077291,0.040474,0.017860,1.026161,0.026161,1.026161,0.052470
2014-08-31,2013-08-31,1017,0.236810,0.077418,0.041211,0.019097,1.026169,0.026169,1.026169,0.052749
2014-09-30,2013-09-30,1018,0.170309,0.077557,0.040566,0.018651,1.026233,0.026233,1.026233,0.052578
2014-10-31,2013-10-31,1019,0.151709,0.077765,0.041631,0.020454,1.026355,0.026355,1.026355,0.053093
2014-11-30,2013-11-30,1020,0.145605,0.078002,0.039587,0.018463,1.026479,0.026479,1.026479,0.052472
2014-12-31,2013-12-31,1021,0.114922,0.078258,0.035956,0.014536,1.026501,0.026501,1.026501,0.051165
2015-01-31,2014-01-31,1022,0.119230,0.078407,0.038304,0.017807,1.026535,0.026535,1.026535,0.052059
2015-02-28,2014-02-28,1023,0.133821,0.078595,0.038221,0.018181,1.026631,0.026631,1.026631,0.052127
2015-03-31,2014-03-31,1024,0.116830,0.078740,0.038394,0.018801,1.026729,0.026729,1.026729,0.052291
2015-04-30,2014-04-30,1025,0.125708,0.078863,0.038914,0.019802,1.026827,0.026827,1.026827,0.052582
2015-05-31,2014-05-31,1026,0.117737,0.078979,0.038210,0.019317,1.026944,0.026944,1.026944,0.052444
2015-06-30,2014-06-30,1027,0.073060,0.079137,0.034003,0.014672,1.026957,0.026957,1.026957,0.050916
2015-07-31,2014-07-31,1028,0.112007,0.079211,0.034544,0.015599,1.026949,0.026949,1.026949,0.051106
2015-08-31,2014-08-31,1029,0.004315,0.079362,0.033839,0.015194,1.026991,0.026991,1.026991,0.050891
2015-09-30,2014-09-30,1030,-0.006093,0.079449,0.035940,0.018009,1.027018,0.027018,1.027018,0.051688
2015-10-31,2014-10-31,1031,0.042521,0.079519,0.030526,0.011816,1.026936,0.026936,1.026936,0.049621
2015-11-30,2014-11-30,1032,0.022217,0.079582,0.030371,0.011899,1.026876,0.026876,1.026876,0.049503
2015-12-31,2014-12-31,1033,0.001390,0.079616,0.031041,0.012912,1.026855,0.026855,1.026855,0.049727
2016-01-31,2015-01-31,1034,-0.024015,0.079654,0.034737,0.017501,1.026865,0.026865,1.026865,0.051092
2016-02-29,2015-02-28,1035,-0.080746,0.079705,0.031194,0.013552,1.026837,0.026837,1.026837,0.049765
2016-03-31,2015-03-31,1036,-0.008554,0.079741,0.033933,0.016986,1.026833,0.026833,1.026833,0.050764
2016-04-30,2015-04-30,1037,-0.005697,0.079785,0.034180,0.017493,1.026834,0.026834,1.026834,0.050855
2016-05-31,2015-05-31,1038,-0.002212,0.079821,0.035232,0.018929,1.026852,0.026852,1.026852,0.051258
2016-06-30,2015-06-30,1039,0.012695,0.079814,0.037145,0.021294,1.026918,0.026918,1.026918,0.052027
2016-07-31,2015-07-31,1040,0.035484,0.079845,0.037409,0.021801,1.027017,0.027017,1.027017,0.052225
2016-08-31,2015-08-31,1041,0.106847,0.079773,0.046085,0.031935,1.027141,0.027141,1.027141,0.055531
2016-09-30,2015-09-30,1042,0.144300,0.079692,0.049404,0.035776,1.027267,0.027267,1.027267,0.056876
2016-10-31,2015-10-31,1043,0.042288,0.079657,0.045916,0.031745,1.027492,0.027492,1.027492,0.055830
2016-11-30,2015-11-30,1044,0.085099,0.079602,0.047229,0.033299,1.027712,0.027712,1.027712,0.056536
2016-12-31,2015-12-31,1045,0.127933,0.079528,0.050511,0.037119,1.027938,0.027938,1.027938,0.057973
2017-01-31,2016-01-31,1046,0.217339,0.079430,0.054449,0.041660,1.028113,0.028113,1.028113,0.059596
2017-02-28,2016-02-29,1047,0.259741,0.079279,0.053902,0.040853,1.028278,0.028278,1.028278,0.059565
2017-03-31,2016-03-31,1048,0.182609,0.079196,0.051616,0.038124,1.028453,0.028453,1.028453,0.058907
2017-04-30,2016-04-30,1049,0.185021,0.079116,0.051551,0.038007,1.028623,0.028623,1.028623,0.059059
2017-05-31,2016-05-31,1050,0.177708,0.079040,0.049758,0.035861,1.028756,0.028756,1.028756,0.058538
2017-06-30,2016-06-30,1051,0.188178,0.078977,0.050901,0.037192,1.028889,0.028889,1.028889,0.059095
2017-07-31,2016-07-31,1052,0.164210,0.078936,0.047151,0.032805,1.028996,0.028996,1.028996,0.057828
2017-08-31,2016-08-31,1053,0.160562,0.078963,0.045161,0.030590,1.029021,0.029021,1.029021,0.057124
2017-09-30,2016-09-30,1054,0.185592,0.079024,0.046685,0.032549,1.029054,0.029054,1.029054,0.057716
2017-10-31,2016-10-31,1055,0.236809,0.078989,0.047749,0.033815,1.029048,0.029048,1.029048,0.058102
2017-11-30,2016-11-30,1056,0.216161,0.078995,0.046035,0.031888,1.029045,0.029045,1.029045,0.057469
2017-12-31,2016-12-31,1057,0.207849,0.079041,0.046018,0.032009,1.029037,0.029037,1.029037,0.057455
2018-01-31,2017-01-31,1058,0.249428,0.079170,0.044544,0.030546,1.029038,0.029038,1.029038,0.056914
2018-02-28,2017-02-28,1059,0.164747,0.079339,0.044132,0.030394,1.029072,0.029072,1.029072,0.056798
2018-03-31,2017-03-31,1060,0.136691,0.079435,0.042554,0.028781,1.029053,0.029053,1.029053,0.056199
2018-04-30,2017-04-30,1061,0.127796,0.079533,0.043781,0.030435,1.029053,0.029053,1.029053,0.056650
2018-05-31,2017-05-31,1062,0.144472,0.079625,0.043528,0.030364,1.029069,0.029069,1.029069,0.056573
2018-06-30,2017-06-30,1063,0.141253,0.079726,0.044866,0.032144,1.029098,0.029098,1.029098,0.057095
2018-07-31,2017-07-31,1064,0.155247,0.079804,0.044866,0.032353,1.029153,0.029153,1.029153,0.057151
2018-08-31,2017-08-31,1065,0.192833,0.079879,0.045781,0.033617,1.029242,0.029242,1.029242,0.057579
2018-09-30,2017-09-30,1066,0.165637,0.079977,0.043031,0.030698,1.029295,0.029295,1.029295,0.056623
2018-10-31,2017-10-31,1067,0.055681,0.080123,0.042461,0.030372,1.029372,0.029372,1.029372,0.056493
2018-11-30,2017-11-30,1068,0.041126,0.080249,0.039888,0.027735,1.029418,0.029418,1.029418,0.055595
2018-12-31,2017-12-31,1069,-0.065158,0.080367,0.035636,0.023186,1.029400,0.029400,1.029400,0.054016
2019-01-31,2018-01-31,1070,-0.042722,0.080523,0.032460,0.019972,1.029390,0.029390,1.029390,0.052839
2019-02-28,2018-02-28,1071,0.026561,0.080601,0.034099,0.022075,1.029341,0.029341,1.029341,0.053391
2019-03-31,2018-03-31,1072,0.062547,0.080653,0.037982,0.026663,1.029340,0.029340,1.029340,0.054816
2019-04-30,2018-04-30,1073,0.100599,0.080696,0.038095,0.026959,1.029318,0.029318,1.029318,0.054835
2019-05-31,2018-05-31,1074,-0.000167,0.080755,0.037955,0.026999,1.029309,0.029309,1.029309,0.054774
2019-06-30,2018-06-30,1075,0.062596,0.080810,0.041986,0.031720,1.029333,0.029333,1.029333,0.056279
2019-07-31,2018-07-31,1076,0.041889,0.080879,0.039317,0.028924,1.029335,0.029335,1.029335,0.055301
2019-08-31,2018-08-31,1077,-0.018275,0.080982,0.036091,0.025577,1.029315,0.029315,1.029315,0.054096
2019-09-30,2018-09-30,1078,-0.005170,0.081059,0.034411,0.023938,1.029289,0.029289,1.029289,0.053452
2019-10-31,2018-10-31,1079,0.099328,0.081036,0.040021,0.030249,1.029250,0.029250,1.029250,0.055472
2019-11-30,2018-11-30,1080,0.122025,0.080999,0.045427,0.036308,1.029303,0.029303,1.029303,0.057511
2019-12-31,2018-12-31,1081,0.273689,0.080866,0.054772,0.046608,1.029427,0.029427,1.029427,0.061069
2020-01-31,2019-01-31,1082,0.173922,0.080753,0.049192,0.040252,1.029563,0.029563,1.029563,0.059161
2020-02-29,2019-02-28,1083,0.045870,0.080703,0.048305,0.039264,1.029737,0.029737,1.029737,0.059014
2020-03-31,2019-03-31,1084,-0.101016,0.080687,0.044342,0.034883,1.029830,0.029830,1.029830,0.057654
2020-04-30,2019-04-30,1085,-0.020568,0.080705,0.040417,0.030618,1.029903,0.029903,1.029903,0.056287
2020-05-31,2019-05-31,1086,0.111756,0.080631,0.045455,0.036205,1.029952,0.029952,1.029952,0.058188
2020-06-30,2019-06-30,1087,0.063859,0.080615,0.034141,0.023601,1.029863,0.029863,1.029863,0.053941
2020-07-31,2019-07-31,1088,0.110378,0.080580,0.037273,0.027126,1.029828,0.029828,1.029828,0.055056
2020-08-31,2019-08-31,1089,0.224453,0.080490,0.038952,0.028923,1.029804,0.029804,1.029804,0.055648
2020-09-30,2019-09-30,1090,0.164280,0.080412,0.039298,0.029255,1.029821,0.029821,1.029821,0.055792
2020-10-31,2019-10-31,1091,0.117808,0.080429,0.038683,0.028689,1.029846,0.029846,1.029846,0.055592
2020-11-30,2019-11-30,1092,0.207588,0.080467,0.029209,0.018250,1.029699,0.029699,1.029699,0.051962
2020-12-31,2019-12-31,1093,0.228153,0.080642,0.028927,0.018300,1.029557,0.029557,1.029557,0.051713
2021-01-31,2020-01-31,1094,0.229150,0.080726,0.029865,0.019575,1.029413,0.029413,1.029413,0.051910
2021-02-28,2020-02-29,1095,0.372477,0.080695,0.034166,0.024366,1.029240,0.029240,1.029240,0.053312
2021-03-31,2020-03-31,1096,0.624384,0.080531,0.046397,0.037755,1.029126,0.029126,1.029126,0.057685
2021-04-30,2020-04-30,1097,0.494308,0.080439,0.037984,0.028289,1.029042,0.029042,1.029042,0.054511
2021-05-31,2020-05-31,1098,0.418874,0.080468,0.033697,0.023638,1.028955,0.028955,1.028955,0.052848
2021-06-30,2020-06-30,1099,0.421095,0.080453,0.032787,0.022705,1.028951,0.028951,1.028951,0.052511
2021-07-31,2020-07-31,1100,0.363050,0.080480,0.025625,0.014904,1.028840,0.028840,1.028840,0.049769
2021-08-31,2020-08-31,1101,0.305842,0.080609,0.021309,0.010519,1.028723,0.028723,1.028723,0.048066
2021-09-30,2020-09-30,1102,0.296986,0.080684,0.022698,0.012336,1.028581,0.028581,1.028581,0.048431
2021-10-31,2020-10-31,1103,0.404632,0.080717,0.024536,0.014547,1.028439,0.028439,1.028439,0.048961
2021-11-30,2020-11-30,1104,0.236364,0.080831,0.018818,0.008696,1.028394,0.028394,1.028394,0.046818
2021-12-31,2020-12-31,1105,0.218571,0.080963,0.016841,0.007042,1.028332,0.028332,1.028332,0.046029
