target,r2_os_rolling_2d,r2_os_rolling_2e
1990-12-31,0.145605,0.078444
1991-01-31,0.145048,0.078307
1991-02-28,0.144600,0.078193
1991-03-31,0.144095,0.078074
1991-04-30,0.143603,0.077964
1991-05-31,0.143801,0.078004
1991-06-30,0.143972,0.078077
1991-07-31,0.143977,0.078087
1991-08-31,0.143996,0.077896
1991-09-30,0.144230,0.077655
1991-10-31,0.144735,0.077472
1991-11-30,0.145210,0.077555
1991-12-31,0.145517,0.077532
1992-01-31,0.145542,0.077515
1992-02-29,0.146036,0.077735
1992-03-31,0.147516,0.078387
1992-04-30,0.149307,0.079056
1992-05-31,0.150952,0.079668
1992-06-30,0.152353,0.080293
1992-07-31,0.153390,0.080949
1992-08-31,0.154818,0.081712
1992-09-30,0.155883,0.082292
1992-10-31,0.156338,0.082494
1992-11-30,0.155862,0.082289
1992-12-31,0.155280,0.082020
1993-01-31,0.153566,0.081437
1993-02-28,0.150598,0.080527
1993-03-31,0.144136,0.078737
1993-04-30,0.136267,0.076696
1993-05-31,0.129176,0.074801
1993-06-30,0.122235,0.072832
1993-07-31,0.117406,0.071348
1993-08-31,0.112145,0.069628
1993-09-30,0.107378,0.068032
1993-10-31,0.103974,0.066801
1993-11-30,0.102075,0.066119
1993-12-31,0.100532,0.065534
1994-01-31,0.099200,0.065063
1994-02-28,0.098532,0.064889
1994-03-31,0.099004,0.065132
1994-04-30,0.098900,0.065234
1994-05-31,0.099155,0.065454
1994-06-30,0.100101,0.065861
1994-07-31,0.100665,0.066193
1994-08-31,0.101236,0.066556
1994-09-30,0.102002,0.066989
1994-10-31,0.102838,0.067473
1994-11-30,0.103890,0.068230
1994-12-31,0.105317,0.069016
1995-01-31,0.106984,0.069883
1995-02-28,0.108204,0.070738
1995-03-31,0.108168,0.071001
1995-04-30,0.108537,0.071601
1995-05-31,0.108565,0.071940
1995-06-30,0.107592,0.071734
1995-07-31,0.106205,0.071422
1995-08-31,0.105670,0.071525
1995-09-30,0.104844,0.071529
1995-10-31,0.104807,0.071955
1995-11-30,0.104081,0.072111
1995-12-31,0.103631,0.072173
1996-01-31,0.103946,0.072584
1996-02-29,0.103333,0.072387
1996-03-31,0.103832,0.072939
1996-04-30,0.104554,0.073347
1996-05-31,0.105753,0.074015
1996-06-30,0.107007,0.074642
1996-07-31,0.109180,0.075666
1996-08-31,0.109686,0.075856
1996-09-30,0.108302,0.075318
1996-10-31,0.106232,0.074478
1996-11-30,0.103145,0.073288
1996-12-31,0.100739,0.072323
1997-01-31,0.097455,0.070994
1997-02-28,0.094975,0.069955
1997-03-31,0.092399,0.068886
1997-04-30,0.088567,0.067370
1997-05-31,0.083289,0.065340
1997-06-30,0.078132,0.063243
1997-07-31,0.071187,0.060267
1997-08-31,0.066120,0.058141
1997-09-30,0.061909,0.056518
1997-10-31,0.058759,0.055455
1997-11-30,0.055761,0.054478
1997-12-31,0.052063,0.053161
1998-01-31,0.048693,0.051923
1998-02-28,0.043851,0.049992
1998-03-31,0.037542,0.047554
1998-04-30,0.032144,0.045817
1998-05-31,0.028640,0.045274
1998-06-30,0.025518,0.044567
1998-07-31,0.023882,0.044149
1998-08-31,0.024515,0.044578
1998-09-30,0.025037,0.044901
1998-10-31,0.023982,0.044727
1998-11-30,0.022704,0.044152
1998-12-31,0.020647,0.043264
1999-01-31,0.018070,0.042260
1999-02-28,0.017253,0.042048
1999-03-31,0.016677,0.041823
1999-04-30,0.015615,0.041255
1999-05-31,0.014149,0.040388
1999-06-30,0.012554,0.039427
1999-07-31,0.011349,0.038786
1999-08-31,0.007974,0.037031
1999-09-30,0.005670,0.036081
1999-10-31,0.003423,0.035117
1999-11-30,0.000645,0.034483
1999-12-31,-0.002657,0.033752
2000-01-31,-0.004689,0.033644
2000-02-29,-0.008631,0.033039
2000-03-31,-0.012359,0.032289
2000-04-30,-0.015244,0.032346
2000-05-31,-0.019613,0.032474
2000-06-30,-0.022750,0.032501
2000-07-31,-0.024851,0.032514
2000-08-31,-0.028454,0.031971
2000-09-30,-0.031565,0.031698
2000-10-31,-0.032689,0.032017
2000-11-30,-0.032185,0.033063
2000-12-31,-0.030472,0.034498
2001-01-31,-0.030087,0.035606
2001-02-28,-0.028063,0.037272
2001-03-31,-0.024233,0.039327
2001-04-30,-0.021905,0.040932
2001-05-31,-0.019873,0.042185
2001-06-30,-0.017439,0.043758
2001-07-31,-0.015497,0.045442
2001-08-31,-0.012133,0.047544
2001-09-30,-0.008204,0.049568
2001-10-31,-0.004931,0.051294
2001-11-30,-0.003697,0.052276
2001-12-31,-0.002217,0.053238
2002-01-31,0.000056,0.054305
2002-02-28,0.001705,0.055015
2002-03-31,0.001838,0.055382
2002-04-30,0.003836,0.056095
2002-05-31,0.005778,0.056911
2002-06-30,0.007529,0.057891
2002-07-31,0.010291,0.058922
2002-08-31,0.012537,0.059679
2002-09-30,0.014926,0.060398
2002-10-31,0.017180,0.061110
2002-11-30,0.019486,0.062041
2002-12-31,0.022620,0.063183
2003-01-31,0.025838,0.064301
2003-02-28,0.028900,0.065440
2003-03-31,0.032354,0.066549
2003-04-30,0.034555,0.067390
2003-05-31,0.036014,0.067961
2003-06-30,0.036387,0.068061
2003-07-31,0.035428,0.067650
2003-08-31,0.034163,0.067056
2003-09-30,0.031821,0.065899
2003-10-31,0.029473,0.064917
2003-11-30,0.027538,0.064142
2003-12-31,0.023986,0.062560
2004-01-31,0.019927,0.060735
2004-02-29,0.015439,0.058683
2004-03-31,0.011361,0.057008
2004-04-30,0.008595,0.056317
2004-05-31,0.006404,0.056032
2004-06-30,0.003929,0.055811
2004-07-31,0.002545,0.056114
2004-08-31,0.000968,0.056579
2004-09-30,-0.001232,0.057193
2004-10-31,-0.002132,0.057829
2004-11-30,-0.003434,0.058662
2004-12-31,-0.004942,0.059882
2005-01-31,-0.005046,0.061180
2005-02-28,-0.005017,0.062602
2005-03-31,-0.004564,0.063870
2005-04-30,-0.003521,0.065185
2005-05-31,-0.002637,0.066290
2005-06-30,-0.001161,0.067918
2005-07-31,-0.000304,0.068932
2005-08-31,0.000416,0.070228
2005-09-30,0.001449,0.071167
2005-10-31,0.002733,0.072238
2005-11-30,0.004450,0.073276
2005-12-31,0.006525,0.074256
2006-01-31,0.007657,0.074743
2006-02-28,0.009172,0.075399
2006-03-31,0.011233,0.076445
2006-04-30,0.012870,0.077143
2006-05-31,0.014071,0.077657
2006-06-30,0.015155,0.078011
2006-07-31,0.017093,0.078718
2006-08-31,0.018146,0.079074
2006-09-30,0.018370,0.079070
2006-10-31,0.018441,0.079061
2006-11-30,0.017795,0.078725
2006-12-31,0.017215,0.078423
2007-01-31,0.016653,0.078162
2007-02-28,0.015640,0.077666
2007-03-31,0.014115,0.076962
2007-04-30,0.012803,0.076325
2007-05-31,0.011942,0.075880
2007-06-30,0.010846,0.075289
2007-07-31,0.009497,0.074600
2007-08-31,0.008094,0.073887
2007-09-30,0.006619,0.073128
2007-10-31,0.004876,0.072254
2007-11-30,0.003704,0.071642
2007-12-31,0.001897,0.070803
2008-01-31,0.001455,0.070433
2008-02-29,0.001193,0.070111
2008-03-31,0.001003,0.069818
2008-04-30,0.000595,0.069452
2008-05-31,0.000031,0.069019
2008-06-30,0.000055,0.068745
2008-07-31,0.000138,0.068558
2008-08-31,0.000915,0.068736
2008-09-30,0.002540,0.069417
2008-10-31,0.004075,0.070082
2008-11-30,0.005176,0.070503
2008-12-31,0.006229,0.071566
2009-01-31,0.006807,0.072066
2009-02-28,0.006857,0.072440
2009-03-31,0.007405,0.072886
2009-04-30,0.008971,0.073678
2009-05-31,0.011163,0.074608
2009-06-30,0.012853,0.075366
2009-07-31,0.014756,0.076207
2009-08-31,0.016593,0.076876
2009-09-30,0.017396,0.077101
2009-10-31,0.018463,0.077429
2009-11-30,0.020332,0.077809
2009-12-31,0.021754,0.077951
2010-01-31,0.022519,0.077671
2010-02-28,0.025064,0.077338
2010-03-31,0.028035,0.077299
2010-04-30,0.028670,0.076821
2010-05-31,0.028081,0.076267
2010-06-30,0.027414,0.075763
2010-07-31,0.025814,0.074905
2010-08-31,0.024654,0.074221
2010-09-30,0.023382,0.073495
2010-10-31,0.021935,0.072650
2010-11-30,0.020638,0.071920
2010-12-31,0.019414,0.071216
2011-01-31,0.019726,0.071227
2011-02-28,0.020238,0.071370
2011-03-31,0.020961,0.071862
2011-04-30,0.021728,0.072455
2011-05-31,0.022042,0.072726
2011-06-30,0.021571,0.072436
2011-07-31,0.022467,0.072925
2011-08-31,0.023560,0.073450
2011-09-30,0.025944,0.074697
2011-10-31,0.028228,0.076083
2011-11-30,0.030803,0.077506
2011-12-31,0.033480,0.078703
2012-01-31,0.034591,0.079074
2012-02-29,0.035430,0.079308
2012-03-31,0.035566,0.079231
2012-04-30,0.034986,0.078857
2012-05-31,0.033307,0.078066
2012-06-30,0.030643,0.076931
2012-07-31,0.028017,0.075779
2012-08-31,0.024810,0.074312
2012-09-30,0.020847,0.072314
2012-10-31,0.017077,0.070652
2012-11-30,0.013909,0.069152
2012-12-31,0.010807,0.067660
2013-01-31,0.008822,0.066598
2013-02-28,0.006509,0.065426
2013-03-31,0.004535,0.064398
2013-04-30,0.003890,0.063983
2013-05-31,0.004006,0.064019
2013-06-30,0.004734,0.064739
2013-07-31,0.004663,0.064757
2013-08-31,0.005379,0.065225
2013-09-30,0.006127,0.065904
2013-10-31,0.006735,0.066510
2013-11-30,0.006206,0.066130
2013-12-31,0.005887,0.065767
2014-01-31,0.005840,0.065627
2014-02-28,0.005916,0.065585
2014-03-31,0.006080,0.065587
2014-04-30,0.005867,0.065371
2014-05-31,0.005595,0.065148
2014-06-30,0.005570,0.065010
2014-07-31,0.006302,0.065326
2014-08-31,0.005737,0.064910
2014-09-30,0.006074,0.065022
2014-10-31,0.006344,0.065075
2014-11-30,0.006655,0.065195
2014-12-31,0.006929,0.065289
2015-01-31,0.007426,0.065466
2015-02-28,0.007666,0.065517
2015-03-31,0.007669,0.065440
2015-04-30,0.007992,0.065529
2015-05-31,0.008090,0.065499
2015-06-30,0.007596,0.065188
2015-07-31,0.006787,0.064725
2015-08-31,0.007256,0.064841
2015-09-30,0.007844,0.064989
2015-10-31,0.008338,0.065131
2015-11-30,0.008969,0.065338
2015-12-31,0.009867,0.065668
2016-01-31,0.010609,0.065875
2016-02-29,0.011563,0.066129
2016-03-31,0.011813,0.066129
2016-04-30,0.011930,0.066059
2016-05-31,0.011434,0.065713
2016-06-30,0.011315,0.065562
2016-07-31,0.010718,0.065187
2016-08-31,0.008637,0.064127
2016-09-30,0.005952,0.062796
2016-10-31,0.003819,0.061764
2016-11-30,0.001648,0.060687
2016-12-31,-0.000847,0.059447
2017-01-31,-0.002980,0.058243
2017-02-28,-0.005072,0.057000
2017-03-31,-0.006155,0.056334
2017-04-30,-0.007065,0.055752
2017-05-31,-0.007827,0.055281
2017-06-30,-0.008233,0.055005
2017-07-31,-0.007993,0.055159
2017-08-31,-0.007362,0.055780
2017-09-30,-0.006508,0.056621
2017-10-31,-0.006330,0.056818
2017-11-30,-0.006141,0.057008
2017-12-31,-0.005621,0.057412
2018-01-31,-0.006389,0.056927
2018-02-28,-0.007131,0.056500
2018-03-31,-0.008102,0.055971
2018-04-30,-0.008485,0.055700
2018-05-31,-0.008296,0.055746
2018-06-30,-0.008212,0.055711
2018-07-31,-0.008973,0.055244
2018-08-31,-0.009678,0.054777
2018-09-30,-0.010174,0.054428
2018-10-31,-0.009689,0.054601
2018-11-30,-0.008532,0.055129
2018-12-31,-0.007447,0.055492
2019-01-31,-0.006224,0.055991
2019-02-28,-0.005778,0.056178
2019-03-31,-0.005296,0.056401
2019-04-30,-0.005757,0.056104
2019-05-31,-0.005835,0.055965
2019-06-30,-0.007163,0.055277
2019-07-31,-0.008762,0.054485
2019-08-31,-0.009690,0.053972
2019-09-30,-0.011481,0.053130
2019-10-31,-0.013464,0.052152
2019-11-30,-0.016599,0.050718
2019-12-31,-0.019945,0.048931
2020-01-31,-0.023724,0.047179
2020-02-29,-0.025677,0.046197
2020-03-31,-0.027211,0.045367
2020-04-30,-0.030471,0.043945
2020-05-31,-0.035076,0.041979
2020-06-30,-0.039003,0.040261
2020-07-31,-0.041829,0.038854
2020-08-31,-0.045582,0.036984
2020-09-30,-0.048265,0.035609
2020-10-31,-0.051534,0.034088
2020-11-30,-0.054747,0.032506
2020-12-31,-0.057304,0.031176
2021-01-31,-0.058622,0.030485
2021-02-28,-0.060877,0.029041
2021-03-31,-0.062602,0.026980
2021-04-30,-0.063787,0.026141
2021-05-31,-0.065023,0.025693
2021-06-30,-0.066537,0.025476
2021-07-31,-0.068068,0.024853
2021-08-31,-0.069210,0.024432
2021-09-30,-0.070407,0.023835
2021-10-31,-0.072322,0.022657
2021-11-30,-0.073675,0.021970
2021-12-31,-0.074607,0.021480
