yyyymm,intercept,slope,r2,N
196306,-0.02022080,0.96626386,0.93130103,1657
196307,-0.00033861,1.00406299,0.99340903,1655
196308,0.00061629,1.01490696,0.97065338,1659
196309,-0.00040196,1.00014076,0.99968900,1660
196310,0.00038385,0.99295526,0.98867356,1656
196311,0.00050437,0.99885081,0.99908989,1659
196312,0.00010724,0.99883657,0.99881570,1659
196401,-0.00004952,0.99866317,0.99892526,1655
196402,-0.00006114,0.99724567,0.99890124,1659
196403,-0.00089282,0.99830317,0.99826284,1663
196404,0.00009340,0.99803140,0.99916227,1669
196405,0.00003484,0.99296054,0.99710407,1670
196406,0.00040158,0.99891661,0.99910197,1671
196407,-0.00007156,0.99847159,0.99934602,1669
196408,0.00030494,0.99852023,0.99935216,1674
196409,0.00122344,0.99660068,0.99707718,1676
196410,0.00018913,0.99828969,0.99946272,1682
196411,0.01676475,0.90947881,0.95573259,1689
196412,0.02346462,0.88168159,0.94587869,1694
196501,0.00955840,0.92805898,0.96368749,1697
196502,0.01828469,0.89881119,0.95161335,1693
196503,0.00774365,0.95700962,0.97674359,1698
196504,0.01463389,0.92747052,0.96418320,1706
196505,0.02923348,0.88473566,0.94614006,1711
196506,0.01517566,0.93251568,0.96532998,1719
196507,0.00685207,0.92925196,0.96173458,1719
196508,0.00418976,0.96902252,0.98020892,1726
196509,-0.00008274,0.99823043,0.99793776,1720
196510,0.00034546,0.99990851,0.99958409,1718
196511,0.00016324,0.99956502,0.99964909,1725
196512,0.00003643,0.99972920,0.99993501,1729
196601,0.00005035,0.99503570,0.99493797,1731
196602,0.00136179,0.99109360,0.99347774,1730
196603,0.00090149,0.99293554,0.99503078,1736
196604,0.00057441,0.99272645,0.99509828,1736
196605,0.00131441,0.99400879,0.99422908,1738
196606,-0.00021758,0.99707089,0.99751919,1740
196607,-0.00081686,0.99862253,0.99793644,1743
196608,-0.00043959,0.99847801,0.99829744,1742
196609,-0.00027004,0.99831502,0.99825143,1750
196610,-0.00033941,1.00051717,0.99739391,1754
196611,-0.00007448,1.00042194,0.99861266,1754
196612,-0.00008245,0.99932269,0.99906924,1751
196701,0.00044190,1.00023098,0.99867090,1753
196702,0.00037984,0.99938987,0.99979223,1754
196703,0.00005491,0.99771436,0.99875180,1753
196704,0.00089913,0.99933401,0.99736217,1758
196705,0.00056601,0.99893652,0.99955296,1753
196706,0.00102264,0.99932623,0.99882759,1761
196707,0.00139596,0.99746627,0.99746152,1757
196708,0.00067575,0.99929729,0.99972125,1758
196709,-0.00015032,0.99902261,0.99841716,1751
196710,-0.00036741,0.99879964,0.99949703,1747
196711,-0.00001951,0.99924414,0.99969619,1742
196712,0.00043332,0.99910610,0.99986595,1739
196801,0.00011077,0.99940675,0.99982277,1725
196802,0.00448931,0.98683523,0.99160064,1722
196803,0.00026908,0.99925132,0.99989918,1725
196804,0.00035089,0.99919761,0.99971165,1726
196805,0.00005135,0.99971207,0.99965126,1731
196806,0.00055155,0.99966260,0.99884032,1720
196807,0.00052139,0.99927005,0.99967861,1715
196808,0.00033960,0.99678296,0.99810413,1727
196809,0.00080770,0.99965527,0.99926043,1733
196810,-0.00035020,0.99983589,0.99972668,1731
196811,-0.00043346,0.99986591,0.99976671,1733
196812,0.00030958,0.99928336,0.99978912,1731
196901,0.00125424,0.99873515,0.99910263,1727
196902,0.00024962,0.99909803,0.99958952,1731
196903,-0.00048813,0.99829658,0.99833155,1735
196904,0.00007823,1.00009380,0.99925237,1739
196905,0.00043552,0.99946758,0.99936310,1737
196906,0.00025547,0.99920368,0.99915418,1742
196907,0.00001259,0.99947733,0.99983364,1747
196908,-0.00025933,0.99921622,0.99937344,1751
196909,0.00003137,0.99925949,0.99972086,1755
196910,-0.00213167,0.99215096,0.99672284,1767
196911,0.00043523,1.00030918,0.99944216,1772
196912,-0.00016262,0.99905168,0.99962214,1780
197001,0.00128002,1.00081622,0.99879955,1797
197002,-0.00014367,0.99874353,0.99922476,1812
197003,-0.00094714,0.99547294,0.99433365,1822
197004,-0.00372868,0.98684054,0.99021278,1827
197005,-0.00009935,0.99848783,0.99540243,1834
197006,0.00016166,0.99937219,0.99608466,1841
197007,-0.00172324,0.99605478,0.99627334,1856
197008,-0.00136355,0.99624655,0.99663713,1867
197009,-0.00084824,0.99815653,0.99788765,1872
197010,-0.00035078,0.99795825,0.99784225,1880
197011,-0.00046253,0.99882392,0.99678063,1885
197012,-0.00001767,0.99872377,0.99847418,1885
197101,-0.00076647,0.99934363,0.99848220,1893
197102,0.00000744,0.99857207,0.99932133,1901
197103,0.00014736,0.99893394,0.99962000,1901
197104,0.00076762,0.99599465,0.99502645,1907
197105,0.00026466,0.99878305,0.99920740,1905
197106,-0.00078747,0.99903366,0.99915466,1910
197107,0.00004471,0.99912499,0.99982427,1911
197108,-0.00038401,0.99975959,0.99954228,1919
197109,0.00088308,0.99976292,0.99828001,1928
197110,0.00004514,0.99802135,0.99950341,1940
197111,0.00025087,0.99905735,0.99984141,1941
197112,-0.00013272,0.99963838,0.99968426,1948
197201,0.00009750,0.99942634,0.99985183,1948
197202,-0.00007277,0.99967198,0.99958463,1954
197203,0.00008885,0.99955208,0.99988396,1959
197204,0.00053203,0.99869311,0.99953475,1964
197205,0.00007768,1.00028609,0.99979684,1969
197206,0.00064633,0.99748147,0.99877054,1970
197207,-0.00025455,0.99862994,0.99896578,1976
197208,-0.00018968,0.99914035,0.99931719,1980
197209,0.00053198,0.99979414,0.99916370,1984
197210,0.00022656,1.00221384,0.99758825,1994
197211,-0.00045055,0.99960885,0.99922160,2005
197212,-0.00024364,0.99906791,0.99924008,2015
197301,-0.00020223,0.99777993,0.99920493,2016
197302,0.00015152,0.99873750,0.99960825,2017
197303,-0.00003246,0.99915651,0.99978560,2022
197304,0.00006901,0.99961152,0.99953551,2026
197305,-0.00002570,0.99862176,0.99966867,2020
197306,0.00035301,0.99897283,0.99948436,2030
197307,0.00038701,0.99977142,0.99969412,2041
197308,0.00028069,0.99978818,0.99923652,2045
197309,0.00029659,0.99986447,0.99970555,2045
197310,0.00006538,0.99957521,0.99906127,2057
197311,-0.00236940,0.97751726,0.97462080,3801
197312,-0.00045460,0.99791579,0.99791946,3761
197401,0.00015408,1.00007746,0.99860868,3730
197402,-0.00050778,0.99895729,0.99898340,3721
197403,-0.00036040,0.99811688,0.99877094,3711
197404,-0.00046873,0.99903807,0.99871995,3687
197405,-0.00060701,0.99722147,0.99806695,3664
197406,-0.00105749,0.99301675,0.99592066,3642
197407,-0.00048482,0.99731703,0.99845246,3630
197408,-0.00033658,0.99872324,0.99832980,3608
197409,-0.00156716,0.99492183,0.99640579,3588
197410,-0.00424272,0.98879761,0.99223331,3566
197411,-0.00143470,0.99515497,0.99619944,3531
197412,0.00000275,0.99669866,0.98774209,3507
197501,-0.00176290,0.99413203,0.99408320,3481
197502,-0.00314108,0.98788440,0.98732415,3477
197503,-0.00141714,0.99100404,0.98838711,3472
197504,-0.00042469,0.98587036,0.98398072,3467
197505,0.00022498,0.99313572,0.99087946,3471
197506,-0.00059014,0.99320222,0.99010292,3454
197507,0.00142114,0.99185378,0.99167044,3448
197508,0.00382703,0.98947198,0.98986840,3442
197509,0.00365041,0.99136609,0.98998106,3437
197510,0.00403688,0.98711870,0.98722573,3435
197511,0.00472843,0.98658689,0.98345425,3435
197512,0.00097287,0.99843231,0.99433727,3437
197601,0.00095675,0.99878416,0.99350512,3437
197602,-0.00516984,0.99855818,0.98996856,3439
197603,0.00116110,0.99594995,0.99458818,3446
197604,0.00134006,0.99828077,0.99514703,3444
197605,0.00235661,1.00164888,0.98347887,3447
197606,0.00376054,0.99081066,0.98982068,3452
197607,0.00213774,0.99624935,0.99356940,3459
197608,0.00200344,0.99569501,0.99650052,3454
197609,0.00504815,0.99412444,0.99230153,3457
197610,0.00166807,0.99477953,0.99710750,3458
197611,0.00104974,0.99477678,0.99548585,3461
197612,0.00031091,0.99635810,0.99679305,3469
197701,0.00323449,1.01254714,0.97309760,3462
197702,0.00030311,1.00145773,0.97627123,3463
197703,0.00016127,0.99619613,0.99717523,3465
197704,-0.00017684,1.00160730,0.99324259,3470
197705,-0.00021044,0.99899980,0.99828824,3471
197706,-0.00007212,0.99733830,0.99794181,3489
197707,0.00038913,0.99916685,0.99768429,3484
197708,-0.00225497,0.99591283,0.99358284,3482
197709,-0.00005769,0.99794259,0.99884323,3472
197710,-0.00066439,0.99977666,0.99939401,3461
197711,-0.00038987,1.00013015,0.99904174,3456
197712,-0.00006622,0.99662918,0.99824998,3444
197801,0.00034862,1.00140725,0.99661657,3420
197802,-0.00004811,1.00020746,0.99865537,3412
197803,0.00060445,0.99946369,0.99660976,3410
197804,-0.00021917,1.00033181,0.99828143,3396
197805,-0.00119170,0.99910120,0.99718156,3387
197806,-0.00032091,0.99938181,0.99926998,3362
197807,-0.00068992,0.99959064,0.99917946,3350
197808,-0.00002334,0.99837098,0.99615289,3335
197809,0.00618628,0.98367606,0.98906246,3325
197810,-0.00119722,1.00037393,0.99799815,3316
197811,-0.00026025,0.99701876,0.99789696,3307
197812,-0.00027047,0.99710247,0.99740211,3299
197901,-0.00027701,0.99887703,0.99902898,3279
197902,-0.00030905,0.99929779,0.99933245,3270
197903,-0.00022428,0.99908915,0.99902108,3273
197904,0.00054656,0.99730745,0.99860224,3263
197905,0.00060803,0.99976317,0.99801884,3272
197906,0.00033431,0.99768327,0.99814950,3259
197907,0.00001174,0.99799107,0.99757421,3249
197908,0.00059780,0.99193504,0.97937761,3260
197909,0.00158899,1.00036783,0.99528587,3264
197910,-0.00133231,1.00253085,0.99671903,3264
197911,0.00006573,0.99946774,0.99931072,3267
197912,-0.00045778,0.99874838,0.99935650,3263
198001,0.00032255,0.99863684,0.99735375,3240
198002,0.00022305,0.99654927,0.99784395,3246
198003,-0.00017649,0.99849762,0.99869275,3246
198004,0.00060788,0.99687692,0.99782774,3243
198005,-0.00005912,0.99822700,0.99888444,3250
198006,-0.00029060,0.99500116,0.99576926,3247
198007,0.00178574,0.98487293,0.99252507,3251
198008,0.00080593,0.99406711,0.99810347,3251
198009,0.00036580,1.00032275,0.99882921,3243
198010,0.00833172,0.98163454,0.99742624,3245
198011,0.00109605,0.99390567,0.99613011,3249
198012,0.00021864,0.99724181,0.99653550,3261
198101,0.00184109,0.99211243,0.99750926,3262
198102,0.00339086,0.99503577,0.99292192,3266
198103,0.00232278,0.99282363,0.99580607,3258
198104,0.00066507,0.99905969,0.99438759,3259
198105,0.02311127,0.95488072,0.98709516,3278
198106,0.00013665,0.99922318,0.99890248,3296
198107,0.00025892,0.99773527,0.99766902,3313
198108,0.00019956,0.99855580,0.99844484,3342
198109,-0.00026328,0.99598513,0.99740703,3369
198110,-0.00063756,0.99719660,0.99575070,3381
198111,-0.00069381,0.99881247,0.99419101,3415
198112,-0.00076567,0.99667317,0.99814427,3435
198201,-0.00010826,0.99732143,0.99795277,3451
198202,-0.00113181,0.99547814,0.99599774,3478
198203,-0.00122722,0.99559499,0.99667912,3523
198204,-0.00216581,0.99470211,0.99084134,3554
198205,-0.00232064,0.99202121,0.99230626,3597
198206,-0.00273231,0.99116645,0.99321061,3636
198207,-0.00045881,0.99599269,0.99683051,3645
198208,-0.00033447,0.99506718,0.99667699,3663
198209,-0.00192696,0.99364788,0.99498564,3672
198210,-0.00045493,0.99812962,0.99284396,3680
198211,-0.00081038,0.99807448,0.99736309,3690
198212,-0.00127203,0.99824489,0.99828728,3684
198301,-0.00063377,0.99914434,0.99870626,3670
198302,-0.00089276,0.99953376,0.99898441,3662
198303,0.00131289,0.99511428,0.99714722,3657
198304,0.00339166,0.99093748,0.99587029,3654
198305,0.00158475,0.99448687,0.99519884,3646
198306,0.00257709,0.99523139,0.99564789,3648
198307,0.01425209,0.98332294,0.98507309,3647
198308,0.00400413,0.99643106,0.98707705,3636
198309,0.00070977,1.00022025,0.98704540,3626
198310,-0.00800811,1.01469945,0.96769713,3658
198311,-0.00085578,0.99862751,0.99793453,3689
198312,0.00053199,0.99625457,0.99670540,3690
198401,0.00047124,0.99315652,0.99483306,3688
198402,-0.00058733,0.99917050,0.99847514,3709
198403,-0.00051800,0.99936611,0.99903719,3734
198404,-0.00075599,0.99915205,0.99892599,3761
198405,-0.00054635,0.99752144,0.99819555,3813
198406,-0.00012546,0.99612260,0.99397806,3851
198407,-0.00139495,0.99284036,0.99632157,3907
198408,-0.00200393,0.99283225,0.99481883,3957
198409,0.00004785,0.99361766,0.99477450,3987
198410,-0.00097746,0.99646822,0.99839195,4013
198411,-0.00089184,0.99389394,0.99653323,4063
198412,-0.00047305,0.99700179,0.99826996,4085
198501,-0.00023070,0.99776553,0.99821785,4083
198502,-0.00015411,0.99625689,0.99706298,4106
198503,-0.00055898,0.99765306,0.99755359,4113
198504,0.00027520,1.01936488,0.98958397,4123
198505,0.00006516,0.99060141,0.99582136,4124
198506,0.00042527,1.00018080,0.99867302,4111
198507,-0.00042554,0.99904154,0.99921546,4106
198508,0.00000574,0.99991213,0.99908759,4085
198509,-0.00003092,1.00103243,0.99833439,4082
198510,0.00016534,0.99669498,0.99865153,4080
198511,0.00005515,0.99643855,0.99831170,4062
198512,-0.00074234,0.99835048,0.99792109,4046
198601,-0.00019860,1.00077081,0.99949232,4026
198602,0.00021588,0.99967168,0.99477701,4019
198603,-0.00020622,1.00045321,0.99949505,4009
198604,-0.00024857,0.99942426,0.99925619,4040
198605,-0.00016524,1.00051857,0.99913111,4031
198606,0.00029773,0.99632584,0.99782617,4020
198607,-0.00049597,0.99550022,0.99707576,4011
198608,-0.00006384,0.99893054,0.99859701,4005
198609,-0.00037567,0.99929129,0.99955230,4010
198610,-0.00049001,0.99863348,0.99835695,4009
198611,-0.00005155,0.99938841,0.99931172,3986
198612,-0.00034157,0.99981612,0.99926876,3931
198701,0.00002122,1.00013895,0.99751621,3921
198702,-0.00045833,0.99964803,0.99897896,3951
198703,-0.00008961,0.99798928,0.99847497,3969
198704,-0.00078645,0.99611452,0.99681112,4008
198705,0.00015803,1.00024241,0.99822132,4078
198706,0.00144929,0.98691771,0.99251838,4113
198707,-0.00012227,0.99931917,0.99967925,4134
198708,0.00169250,0.99226333,0.99646184,4137
198709,0.00112246,0.99210727,0.99526758,4156
198710,0.00003174,0.99854472,0.99817966,4177
198711,0.00053178,1.00037383,0.99328698,4192
198712,-0.00045479,0.99788204,0.99423611,4185
198801,-0.00190827,0.99610051,0.99530980,4207
198802,-0.00179706,0.99297911,0.99295349,4217
198803,-0.00141415,0.99485306,0.99450698,4205
198804,-0.00208106,0.99284080,0.99336292,4218
198805,-0.00210937,0.99050496,0.99205487,4232
198806,-0.00284612,0.98951085,0.99171602,4245
198807,0.00029823,0.99969824,0.99776413,4280
198808,-0.00089965,0.99649624,0.99870933,4290
198809,0.01868032,1.07962211,0.95504490,4274
198810,-0.00020785,0.99869754,0.99799562,4255
198811,-0.00054093,1.00024418,0.99872714,4225
198812,-0.00020546,0.99899391,0.99917486,4173
198901,-0.00026663,0.99974362,0.99948228,4164
198902,0.00028420,1.00005717,0.99936781,4147
198903,0.00020662,0.99956662,0.99912678,4128
198904,-0.00022495,1.00025455,0.99892185,4130
198905,-0.00019262,0.99928472,0.99911761,4123
198906,0.00021937,0.99793729,0.99868132,4101
198907,0.00039738,1.00069740,0.99875479,4101
198908,0.00020091,0.99955819,0.99946733,4076
198909,0.00021980,0.99925522,0.99931689,4068
198910,0.00045683,0.99996414,0.99904483,4060
198911,0.00034846,1.00022474,0.99923539,4044
198912,0.00030787,0.99938580,0.99959277,4042
199001,0.00024444,0.99563753,0.99742941,4017
199002,0.00009450,0.99950752,0.99974444,4011
199003,0.00023452,1.00120784,0.99836233,4002
199004,0.00007416,1.00040697,0.99946260,3998
199005,0.00021053,0.99979420,0.99967651,3990
199006,0.00012496,0.99987262,0.99975567,3977
199007,-0.00017313,0.99991781,0.99984889,3964
199008,-0.00051562,0.99584876,0.99918144,3952
199009,0.00028797,0.99966297,0.99917963,3959
199010,-0.00356323,0.98755584,0.99099051,3959
199011,0.00032825,1.00005323,0.99923311,3972
199012,-0.00386902,0.98283389,0.99677561,3971
199101,0.00007050,0.99953125,0.99934083,3964
199102,-0.00147428,0.99164646,0.99542682,3974
199103,-0.00059319,0.99900328,0.99879874,3980
199104,-0.00119159,0.99833905,0.99786822,3972
199105,-0.00058087,0.99972026,0.99868381,3974
199106,0.00089439,0.98793725,0.99474304,3998
199107,-0.00002565,1.00559768,0.99822535,3986
199108,0.00018387,0.99988037,0.99927902,3975
199109,0.00014402,0.99863373,0.99908971,3970
199110,-0.00025065,1.00026791,0.99915312,3957
199111,-0.00026935,0.99967266,0.99958992,3943
199112,-0.00036099,0.99948145,0.99958260,3924
199201,-0.00063795,0.99896654,0.99944766,3914
199202,0.00405879,0.98500491,0.99507788,3911
199203,0.00041727,0.99992857,0.99983881,3916
199204,-0.00032733,0.99997655,0.99953987,3931
199205,0.00074161,1.00077413,0.99952763,3933
199206,-0.00031921,0.99983789,0.99986970,3918
199207,-0.00067045,0.99984011,0.99962162,3911
199208,-0.00001870,0.99886776,0.99976741,3893
199209,-0.00084898,0.99948073,0.99940068,3919
199210,0.00041869,0.99867601,0.99916813,3935
199211,-0.00086441,0.99908345,0.99932562,3963
199212,0.00022950,1.00004408,0.99991317,3990
199301,0.00031246,0.99993725,0.99983778,4006
199302,0.00067372,0.99928509,0.99953446,4059
199303,0.00058588,0.99961616,0.99888810,4084
199304,0.00050747,0.99999992,0.99931183,4107
199305,0.00042995,0.99940353,0.99910626,4141
199306,0.00034977,1.00031439,0.99792552,4147
199307,0.00082018,1.00051351,0.99700151,4157
199308,0.00080209,0.99830961,0.99889881,4160
199309,-0.00017801,0.99930676,0.99948843,4190
199310,0.00016310,1.00056897,0.99879567,4204
199311,-0.00071162,1.00182997,0.99770354,4242
199312,0.00008034,1.00157103,0.99828803,4239
199401,0.00089514,0.99972406,0.99929949,4268
199402,0.00006134,0.99860423,0.99950626,4295
199403,0.00023738,0.99953221,0.99920033,4320
199404,-0.00002326,0.99989184,0.99930416,4347
199405,-0.00007743,0.99832731,0.99895944,4378
199406,-0.00021923,0.99748305,0.99897841,4414
199407,0.00008637,1.00251282,0.99798606,4458
199408,0.00003391,0.99856576,0.99859109,4475
199409,-0.00014496,0.99936188,0.99930729,4501
199410,0.00006528,0.99873447,0.99917344,4570
199411,-0.00070309,0.99688052,0.99818463,4636
199412,-0.00025012,0.99901382,0.99951047,4635
199501,0.00020471,0.99963315,0.99947299,4673
199502,-0.00010752,0.99274199,0.99424081,4715
199503,0.00028346,0.99971886,0.99973569,4729
199504,-0.00014760,0.99889059,0.99891859,4765
199505,0.00027238,0.99673640,0.99878051,4772
199506,-0.00001449,0.99993880,0.99979861,4764
199507,-0.00022302,0.99824553,0.99913698,4771
199508,-0.00005946,0.99922438,0.99952198,4768
199509,0.00028103,0.99974502,0.99929593,4781
199510,0.00035166,0.99983067,0.99917944,4794
199511,-0.00012667,0.99837131,0.99831001,4802
199512,0.00025117,0.99971286,0.99950999,4792
199601,0.00122610,0.99708190,0.99874862,4795
199602,0.00061877,0.99892330,0.99879246,4802
199603,0.00052740,0.99851640,0.99890975,4811
199604,0.00039792,0.99902031,0.99944431,4836
199605,0.00022975,0.99833351,0.99899464,4856
199606,0.00015160,0.99894939,0.99939980,4886
199607,-0.00006951,0.99922639,0.99930714,4913
199608,0.00043710,0.99968451,0.99957476,4903
199609,-0.00000071,0.99762382,0.99845996,4937
199610,-0.00002578,0.99804783,0.99901521,4979
199611,-0.00012056,0.99852208,0.99908158,5029
199612,-0.00014757,0.99946724,0.99970636,5022
199701,-0.00023529,0.99916024,0.99948312,5047
199702,0.00020412,0.99935834,0.99972093,5093
199703,-0.00067468,0.99601900,0.99778600,5111
199704,-0.00060322,0.99788305,0.99872503,5177
199705,-0.00011142,0.99760207,0.99862037,5224
199706,0.00072671,0.99946769,0.99866129,5242
199707,-0.00034752,0.99936020,0.99898302,5263
199708,-0.00007223,0.99654385,0.99879899,5266
199709,0.00046918,0.99874887,0.99910766,5306
199710,0.00002781,0.99980679,0.99971256,5337
199711,-0.00008012,0.99911474,0.99946714,5350
199712,-0.00017399,0.99972821,0.99985993,5310
199801,0.00044567,1.00072506,0.99914556,5303
199802,0.00041356,1.00109292,0.99930420,5296
199803,-0.00000091,1.00062196,0.99874744,5270
199804,0.00033234,0.99851262,0.99828833,5261
199805,-0.00000421,0.99971047,0.99967491,5268
199806,-0.00029278,0.99921418,0.99929984,5258
199807,-0.00017036,0.99890538,0.99953298,5249
199808,-0.00018240,0.99885861,0.99965464,5230
199809,0.00015804,0.99895612,0.99934196,5226
199810,0.00029524,0.99976141,0.99911215,5200
199811,-0.00010195,0.99909911,0.99947494,5187
199812,0.00032958,1.00011980,0.99872240,5135
199901,-0.00027881,0.99945183,0.99976656,5105
199902,0.00006426,0.99994850,0.99995951,5080
199903,0.00031853,1.00002149,0.99964504,5026
199904,0.00042006,0.99999349,0.99981314,5012
199905,-0.00076745,0.99698073,0.99916550,5004
199906,0.00042983,0.99986195,0.99948038,4976
199907,0.00342986,1.00431799,0.99114781,4952
199908,0.00039927,0.99977874,0.99933734,4897
199909,-0.00011987,1.00126398,0.99965854,4831
199910,0.00030060,0.99970331,0.99976981,4792
199911,-0.00060645,0.99765663,0.99850650,4743
199912,0.00008646,0.99954305,0.99991423,4690
200001,0.00079263,0.99885344,0.99951785,4680
200002,-0.00002319,0.99821425,0.99965515,4660
200003,0.00079387,0.99790230,0.99939884,4648
200004,0.00731493,0.98650293,0.99622840,4663
200005,0.00302155,0.98256906,0.99414472,4665
200006,0.00053662,0.99920543,0.99944201,4662
200007,-0.00184168,0.99652957,0.99833265,4662
200008,0.00089686,0.99798617,0.99892803,4650
200009,-0.00155993,0.99847514,0.99884449,4650
200010,-0.00078661,0.99962028,0.99968042,4629
200011,-0.00024026,0.99977387,0.99971719,4611
200012,0.00028171,1.00117088,0.99966313,4556
200101,-0.00006419,1.00000924,0.99977403,4543
200102,0.00062087,0.99880566,0.99921244,4559
200103,-0.00038375,0.99769900,0.99792709,4559
200104,0.00007293,0.99928570,0.99944517,4514
200105,-0.00011393,0.99920046,0.99938332,4478
200106,0.00053929,0.99882887,0.99938176,4478
200107,-0.00155883,0.99965163,0.99867613,4492
200108,-0.00006871,0.99880048,0.99959608,4438
200109,-0.00017688,0.99958092,0.99980776,4433
200110,0.00023651,0.99888294,0.99864201,4414
200111,0.00020459,0.99972112,0.99977583,4365
200112,-0.00002979,0.99989651,0.99998603,4328
200201,0.00033936,0.99979668,0.99974477,4295
200202,0.00035732,1.00044606,0.99970949,4267
200203,0.00041033,0.99953774,0.99856219,4235
200204,0.00021600,0.99989002,0.99977800,4205
200205,0.00013877,0.99994282,0.99966135,4181
200206,0.00021932,0.99988208,0.99978373,4152
200207,0.00124465,1.00358766,0.99303293,4126
200208,0.00031651,1.00056928,0.99967798,4077
200209,0.00014156,1.00006350,0.99953051,4054
200210,0.00013519,0.99981373,0.99952755,4022
200211,-0.00095855,0.99719043,0.99705426,3997
200212,0.00009540,1.00002167,0.99989977,3961
200301,0.00000893,0.99984192,0.99982363,3933
200302,-0.00000500,0.99990156,0.99993985,3907
200303,-0.00031884,0.99872834,0.99957420,3859
200304,0.00008657,1.00001875,0.99981382,3841
200305,0.00010329,0.99920574,0.99901869,3821
200306,0.00020441,0.99994337,0.99979964,3799
200307,0.00011847,0.99999136,0.99993879,3760
200308,0.00001445,0.99935812,0.99984715,3725
200309,-0.00009549,0.99994765,0.99995017,3704
200310,0.00063349,0.99791719,0.99895192,3686
200311,0.00014940,0.99985576,0.99962710,3662
200312,0.00015962,1.00090647,0.99932512,3637
200401,-0.00006533,1.00013690,0.99994838,3619
200402,-0.00038466,1.00041531,0.99988533,3602
200403,-0.00045954,1.00007823,0.99987196,3586
200404,-0.00006374,1.00005630,0.99992946,3566
200405,0.00024641,0.99949179,0.99969022,3554
200406,0.00006671,0.99967719,0.99980226,3539
200407,0.00093233,0.99661567,0.99954596,3521
200408,-0.00000825,0.99842992,0.99922758,3505
200409,0.00186436,0.98726953,0.99114885,3509
200410,0.00019423,1.00099079,0.99950735,3511
200411,-0.00035298,0.99832758,0.99944353,3515
200412,-0.00008171,0.99929375,0.99979943,3502
200501,-0.00006975,0.99903154,0.99940495,3508
200502,-0.00017309,0.99902715,0.99974469,3507
200503,0.00008171,1.00003791,0.99912169,3503
200504,-0.00022084,0.99777625,0.99887641,3502
200505,0.00013686,0.99913449,0.99936807,3498
200506,0.00041659,0.99933002,0.99908566,3503
200507,-0.00035910,0.99838060,0.99929726,3492
200508,0.00023287,0.99958085,0.99984571,3472
200509,-0.00015824,0.99966140,0.99963445,3469
200510,0.00008616,1.00013443,0.99944245,3455
200511,-0.00012125,0.99955299,0.99972591,3453
200512,0.00003202,0.99993871,0.99989330,3435
200601,0.00000905,0.99986186,0.99989803,3430
200602,0.00020326,1.00017084,0.99972842,3413
200603,0.00039949,1.00005817,0.99961441,3404
200604,0.00040385,0.99924856,0.99938348,3401
200605,0.00013383,0.99978208,0.99977907,3403
200606,-0.00021634,0.99824257,0.99900046,3408
200607,0.00017483,0.99108328,0.99718336,3415
200608,0.00003310,0.99947523,0.99965132,3415
200609,0.00019158,0.99937219,0.99974725,3415
200610,0.00009364,1.00011839,0.99970567,3411
200611,-0.00004684,0.99931645,0.99944250,3410
200612,0.00007178,0.99922950,0.99967386,3393
200701,0.00006201,0.99981540,0.99966986,3378
200702,-0.00012718,0.99916037,0.99975530,3378
200703,0.00004326,0.99915112,0.99975237,3371
200704,0.00054996,0.99982034,0.99927762,3359
200705,0.00000448,0.99778812,0.99928285,3360
200706,0.00007230,0.99974216,0.99992367,3337
200707,0.00002064,0.99969609,0.99931704,3330
200708,-0.00016916,0.99869014,0.99938792,3313
200709,-0.00007438,0.99967426,0.99981807,3316
200710,-0.00012782,0.99670476,0.99930878,3307
200711,-0.00009770,0.99977166,0.99990477,3293
200712,0.00007394,0.99963289,0.99984737,3275
200801,-0.00002195,0.99988929,0.99987751,3276
200802,-0.00013443,1.00024345,0.99975266,3281
200803,-0.00008892,0.99947356,0.99987121,3276
200804,-0.00009880,0.99936569,0.99938657,3280
200805,-0.00007048,0.99995046,0.99984528,3273
200806,0.00015418,0.99972313,0.99988441,3275
200807,-0.00009559,0.99996573,0.99977784,3280
200808,-0.00024696,0.99950051,0.99970470,3256
200809,0.00023021,1.00007321,0.99968485,3252
200810,-0.00059772,0.99829979,0.99846470,3248
200811,-0.00053443,0.99917722,0.99950862,3242
200812,-0.00002346,0.99987437,0.99990860,3225
200901,-0.00028356,0.99927120,0.99981618,3219
200902,-0.00021367,0.99945446,0.99983188,3205
200903,-0.00021706,0.99943070,0.99981403,3181
200904,-0.00029055,0.99926935,0.99971522,3164
200905,-0.00038206,0.99913970,0.99976671,3146
200906,-0.00032177,0.99919906,0.99983129,3127
200907,-0.00029691,0.99912982,0.99982151,3117
200908,0.00009213,0.99967938,0.99975726,3100
200909,0.00080900,0.99927170,0.99661511,3093
200910,0.00010223,0.99986313,0.99985064,3080
200911,0.00062605,1.00040610,0.99913255,3054
200912,0.00011779,1.00009252,0.99996718,3031
201001,-0.00000583,0.99998277,0.99996241,3014
201002,0.00024539,0.99978768,0.99993873,2996
201003,0.00535777,0.99203973,0.99416910,2978
201004,0.02363329,0.96072066,0.97362969,2966
201005,0.00996254,0.98162406,0.98686680,2961
201006,-0.00026655,0.99942034,0.99901498,2957
201007,0.00004939,0.99798321,0.99790813,2935
201008,0.00042724,0.99346742,0.99382505,2931
201009,0.00002001,0.98656846,0.98877042,2930
201010,0.00055672,0.99730716,0.99699925,2929
201011,-0.00020661,0.99858800,0.99784890,2916
201012,-0.00015110,0.99880256,0.99828796,2893
201101,-0.00009557,0.99937478,0.99879874,2893
201102,0.00030958,0.99962347,0.99983387,2888
201103,0.00020240,0.99981784,0.99996056,2880
201104,0.00021788,0.99944022,0.99944268,2868
201105,0.00030702,0.99927446,0.99982933,2862
201106,0.00001982,1.00008784,0.99976947,2841
201107,0.00023284,0.99970417,0.99969544,2834
201108,-0.00021878,1.00013105,0.99981317,2827
201109,-0.00020845,0.99970094,0.99990251,2820
201110,-0.00010450,0.99966864,0.99990655,2821
201111,-0.00023159,0.99984055,0.99950696,2812
201112,0.00004961,1.00015723,0.99978115,2799
201201,-0.00008117,0.99968384,0.99982094,2795
201202,0.00003917,0.99929854,0.99963782,2788
201203,-0.00022732,0.99916520,0.99976490,2785
201204,0.00005627,0.99981111,0.99963644,2778
201205,-0.00076783,0.99570938,0.99695803,2778
201206,0.00008262,1.00006805,0.99994428,2780
201207,-0.00068132,0.99540334,0.99570529,2765
201208,0.00008373,0.99987323,0.99993811,2745
201209,-0.00026912,0.99985780,0.99975915,2736
201210,0.00031659,0.99957752,0.99935666,2730
201211,0.00005023,1.00006824,0.99981211,2723
201212,0.00007672,0.99970667,0.99993997,2707
201301,-0.00013155,0.99955750,0.99957315,2710
201302,-0.00022019,0.99957255,0.99975491,2710
201303,-0.00006781,0.99984460,0.99980828,2708
201304,-0.00004508,0.99995735,0.99961128,2703
201305,-0.00011686,0.99973927,0.99996696,2692
201306,-0.00007438,0.99901689,0.99961595,2687
201307,-0.00024140,0.99977481,0.99990775,2677
201308,-0.00013327,0.99987740,0.99996461,2664
201309,-0.00019792,0.99987313,0.99976917,2671
201310,-0.00023732,0.99950500,0.99983765,2657
201311,0.00051924,0.99844052,0.99982981,2645
201312,0.00003789,0.99917382,0.99988817,2639
201401,-0.00002469,0.99910300,0.99987279,2639
201402,0.00003095,0.99932502,0.99991155,2626
201403,-0.00050118,0.99881593,0.99952674,2633
201404,0.00004797,0.99788508,0.99954626,2647
201405,0.00011765,0.99961642,0.99972894,2655
201406,0.00016137,0.99881692,0.99952169,2665
201407,-0.00005983,1.00191742,0.99938698,2666
201408,0.00003228,0.99909766,0.99936878,2676
201409,0.00009842,0.99954912,0.99978881,2681
201410,-0.00035750,0.99885919,0.99897668,2690
201411,-0.00022941,0.99956191,0.99968697,2687
201412,0.00005239,0.99959678,0.99986415,2682
201501,-0.00099213,0.99344656,0.99602585,2695
201502,0.00036586,0.99801209,0.99901953,2711
201503,0.00012593,0.99914539,0.99929890,2718
201504,0.00028329,0.99819743,0.99866505,2723
201505,-0.00031890,0.99007153,0.99501448,2736
201506,0.00018354,0.99961572,0.99928127,2746
201507,-0.00014137,0.99945078,0.99962894,2745
201508,0.00023115,0.99961638,0.99962611,2741
201509,-0.00066097,0.99107755,0.99485777,2750
201510,-0.00033445,0.99864397,0.99867161,2748
201511,-0.00008329,0.99893249,0.99928083,2756
201512,0.00012958,0.99999372,0.99992686,2741
201601,-0.00018221,0.99955368,0.99975737,2734
201602,-0.00020313,0.99968391,0.99957626,2718
201603,-0.00743619,0.96966286,0.97212841,2722
201604,-0.00040208,0.99966705,0.99934763,2717
201605,-0.00007002,0.99920547,0.99965292,2717
201606,-0.00003089,0.99936666,0.99953039,2734
201607,-0.00012021,0.99993471,0.99970882,2727
201608,0.00011295,0.99954392,0.99988603,2717
201609,-0.00031945,0.99962524,0.99954651,2709
201610,-0.00017357,0.99970608,0.99980805,2705
201611,-0.00016243,0.99934875,0.99984813,2690
201612,0.00042674,0.99937445,0.99904712,2674
201701,-0.00019614,0.99984851,0.99984227,2669
201702,0.00001837,0.99985706,0.99986735,2661
201703,0.00015809,0.99986328,0.99974209,2660
201704,-0.00022304,0.99885166,0.99971149,2656
201705,0.00009484,0.99999728,0.99973693,2653
201706,-0.00012264,0.99977720,0.99987211,2658
201707,-0.00023664,0.99930101,0.99942063,2658
201708,0.00000039,0.99977489,0.99993663,2655
201709,0.00050390,1.00023875,0.99936895,2656
201710,0.00031023,0.99890412,0.99955661,2649
201711,0.00009931,0.99997356,0.99993925,2637
201712,0.00013534,0.99970654,0.99975863,2631
201801,-0.00043664,1.00170429,0.99972307,2632
201802,-0.00003090,0.99999592,0.99975013,2633
201803,-0.00010491,0.99986247,0.99986566,2634
201804,-0.00025740,0.99916034,0.99970819,2635
201805,-0.00015556,1.00002342,0.99982031,2640
201806,-0.00012078,0.99903901,0.99949081,2640
201807,-0.00015815,0.99968738,0.99988146,2639
201808,-0.00002712,0.99985797,0.99984120,2637
201809,0.00000706,0.99980119,0.99971882,2647
201810,-0.00033389,0.98664575,0.98871633,2647
201811,-0.00045585,0.99903266,0.99892043,2640
201812,-0.00007205,0.99982167,0.99994611,2636
201901,-0.00016768,0.99962066,0.99986014,2634
201902,0.00011762,1.00004037,0.99993972,2629
201903,0.00004319,0.99978142,0.99987344,2626
201904,-0.00026590,0.99898808,0.99966401,2626
201905,0.00040243,0.99969759,0.99936831,2650
201906,0.00003356,0.99956377,0.99969384,2661
201907,0.00027425,1.00108132,0.99976284,2657
201908,0.00011846,0.99993287,0.99977430,2659
201909,0.00061415,1.00001569,0.99946754,2665
201910,-0.00007899,1.00003766,0.99971949,2657
201911,0.00025691,0.99946053,0.99941599,2649
201912,0.00012710,0.99983161,0.99998251,2633
202001,-0.00005614,1.00006691,0.99979693,2634
202002,0.00011347,0.99996986,0.99995208,2635
202003,-0.00016297,0.99954574,0.99978150,2649
202004,0.00010660,0.99977268,0.99934254,2651
202005,-0.00006196,0.99969015,0.99984168,2659
202006,-0.00010823,0.99969361,0.99990577,2657
202007,0.00005999,0.99993326,0.99997435,2643
202008,0.00073207,1.00033470,0.99975086,2645
202009,-0.00041971,0.99830098,0.99855125,2651
202010,-0.00015453,1.00017728,0.99988104,2646
202011,-0.00051438,0.99690094,0.99686618,2645
202012,0.00046628,1.00089690,0.99938132,2644
202101,0.00025533,0.99878410,0.99945348,2649
202102,-0.00002227,1.00002889,0.99999466,2645
202103,-0.00164487,0.99992444,0.99990106,2645
202104,-0.00015027,1.00000001,0.99999589,2634
202105,-0.00049994,0.99986685,0.99985115,2644
202106,0.00011153,0.99982728,0.99995657,2658
202107,-0.00013341,0.99993384,0.99986238,2667
202108,-0.00058190,1.00093862,0.99971847,2690
202109,0.00054204,0.99986702,0.99954855,2722
202110,-0.00005723,0.99988997,0.99995760,2736
202111,0.00149381,0.99273296,0.99744622,2750
202112,0.00006333,1.00013138,0.99991482,2754
202201,0.00074460,0.99967724,0.99934080,2790
202202,0.00073285,0.99980524,0.99870076,2822
202203,0.00039355,0.99940587,0.99913801,2852
202204,-0.00028808,0.99885220,0.99902490,2880
202205,-0.00021309,1.00007169,0.99948566,2907
202206,0.00001130,0.99878833,0.99929618,2954
202207,-0.00003553,1.00049955,0.99974895,2968
202208,0.00005499,0.99886932,0.99968600,2987
202209,0.00013967,1.00026932,0.99971959,3013
202210,0.00044671,0.99813689,0.99795056,3045
202211,0.00025014,0.99963962,0.99969193,3047
202212,-0.00029546,0.99865475,0.99906225,3036
202301,-0.00077463,0.99681080,0.99741618,3035
202302,-0.00011154,0.99834420,0.99963631,3035
202303,0.00028849,0.99751588,0.99830102,3026
202304,0.00053113,0.99937939,0.99888181,3029
202305,0.00011388,0.99986133,0.99986340,3023
202306,0.00007838,0.99990591,0.99993109,3012
202307,0.00075957,0.99976220,0.99951564,3008
202308,0.00089589,0.99935432,0.99913987,3007
202309,0.00017629,1.00050514,0.99927302,2996
202310,0.00032592,1.00036132,0.99982600,2978
202311,-0.00014478,0.99917484,0.99964659,2956
202312,-0.00021355,0.99621015,0.99911004,2942
202401,-0.00007112,0.99765505,0.99926858,2932
202402,-0.00007020,0.99831526,0.99950537,2916
202403,-0.00013849,0.99823207,0.99951780,2898
202404,0.00011089,0.99970153,0.99975944,2887
202405,-0.00002927,0.99930242,0.99962348,2875
202406,0.00007512,0.99971925,0.99983161,2919
202407,0.00050591,1.00005397,0.99937604,2910
202408,0.00002734,1.00319751,0.99889865,2896
202409,0.00036104,0.99962172,0.99957145,2881
202410,-0.00012293,0.99991108,0.99996875,2865
202411,-0.00032694,0.99974148,0.99989200,2854
202412,-0.00005093,1.00087432,0.99975331,2836
