type,decile,BM,MOM,GP
i,1,0.606911,0.431038,0.443872
i,2,0.619121,0.573741,0.420790
i,3,0.673994,0.586221,0.531016
i,4,0.488148,0.575718,0.615715
i,5,0.625597,0.568409,0.640934
i,6,0.723054,0.665250,0.622240
i,7,0.706203,0.672258,0.648619
i,8,0.740718,0.659406,0.603771
i,9,0.900875,0.754735,0.733008
i,10,0.890113,0.936383,0.794898
ii,1,0.413100,0.834593,0.539085
ii,2,0.639167,0.895455,0.603409
ii,3,0.772347,0.911509,0.741360
ii,4,0.755583,0.922859,0.775713
ii,5,0.920482,0.909775,0.886756
ii,6,0.950449,0.930485,0.889390
ii,7,1.016315,0.910312,0.957077
ii,8,1.006534,0.871452,0.989957
ii,9,1.163410,0.870563,1.020603
ii,10,1.356307,0.805450,1.100975
iii,1,0.603936,-0.025358,0.431870
iii,2,0.679104,0.411873,0.392047
iii,3,0.652445,0.452599,0.566780
iii,4,0.497306,0.594517,0.587508
iii,5,0.613363,0.589765,0.621625
iii,6,0.704651,0.576067,0.581055
iii,7,0.703540,0.625592,0.635721
iii,8,0.693549,0.709319,0.594292
iii,9,0.881922,0.810323,0.813837
iii,10,0.928696,1.225847,0.754703
iv,1,0.627852,0.239663,0.326892
iv,2,0.574532,0.424330,0.402288
iv,3,0.618725,0.530579,0.474279
iv,4,0.491097,0.524100,0.579809
iv,5,0.647981,0.639322,0.660164
iv,6,0.692771,0.525531,0.503435
iv,7,0.805985,0.641619,0.620429
iv,8,0.709898,0.718191,0.605801
iv,9,0.925756,0.743610,0.837955
iv,10,0.930031,0.982234,0.756309
v,1,0.392424,0.416500,0.532512
v,2,0.557324,0.356048,0.372231
v,3,0.703854,0.536250,0.628489
v,4,0.736757,0.687658,0.768355
v,5,0.935107,0.753985,0.836876
v,6,0.899201,0.822728,0.863798
v,7,1.027584,0.970646,0.945423
v,8,1.051419,1.093234,1.005613
v,9,1.150298,1.230223,1.035207
v,10,1.370377,1.371680,1.167301
