spec,method,months,avg_N,first,last,a,t_a,lags_a,b_BM,t_b_BM,lags_b_BM,b_GP,t_b_GP,lags_b_GP,b_Dur,t_b_Dur,lags_b_Dur
i,OLS,739,2695.466847,196306,202412,0.410131,1.546694,4,0.944139,4.199235,14.000000,,,,,,
i,WLS,739,2695.466847,196306,202412,0.571518,2.848456,9,0.193102,0.753651,9.000000,,,,,,
ii,OLS,739,3015.154263,196306,202412,0.441809,1.466561,3,,,,0.753480,4.136442,13.000000,,,
ii,WLS,739,3015.154263,196306,202412,0.330281,1.601275,4,,,,0.494237,2.514977,7.000000,,,
iii,OLS,619,2364.363489,197306,202412,1.609770,7.180713,16,,,,,,,-1.199730,-6.026963,12.000000
iii,WLS,619,2364.363489,197306,202412,1.336854,7.173493,9,,,,,,,-0.912114,-3.006696,14.000000
iv,OLS,739,2626.458728,196306,202412,-0.092705,-0.300252,3,1.074014,4.750379,13.000000,0.849220,4.887652,12.000000,,,
iv,WLS,739,2626.458728,196306,202412,0.008519,0.032576,11,0.634294,2.464365,8.000000,0.751555,4.105228,8.000000,,,
v,OLS,619,2338.615509,197306,202412,1.406907,5.932588,16,0.245725,0.882967,10.000000,,,,-1.055444,-4.057397,13.000000
v,WLS,619,2338.615509,197306,202412,1.303754,3.598505,16,-0.175963,-0.487366,2.000000,,,,-0.814964,-2.279361,7.000000
vi,OLS,619,2310.174475,197306,202412,1.437998,4.992192,8,,,,0.243142,1.348069,10.000000,-1.128575,-5.182819,13.000000
vi,WLS,619,2310.174475,197306,202412,0.788656,2.039887,5,,,,0.563863,1.739276,6.000000,-0.550647,-1.316565,13.000000
vii,OLS,619,2302.161551,197306,202412,0.930437,3.418650,5,0.469887,1.431465,12.000000,0.421729,1.981224,13.000000,-0.794889,-2.680718,13.000000
vii,WLS,619,2302.161551,197306,202412,0.450342,1.188136,9,0.306105,1.118948,15.000000,0.636616,2.318242,3.000000,-0.259913,-0.678969,9.000000
