weights,spec,portfolios,months,N,lags,first,last,a,t_a,b_BM,t_b_BM,b_GP,t_b_GP,b_Dur,t_b_Dur
VW,i,10,739,7390,11,196307,202501,0.510595,2.713447,0.033978,1.611938,,,,
VW,ii,10,739,7390,1,196307,202501,0.412535,1.998557,,,0.035082,2.251340,,
VW,iii,10,619,6190,7,197307,202501,1.184165,6.385701,,,,,-0.063866,-3.122463
VW,iv,20,739,14780,7,196307,202501,-0.223829,-0.605416,0.087784,2.481795,0.088511,2.844479,,
VW,v,20,619,12380,11,197307,202501,1.279552,5.359935,-0.002626,-0.094621,,,-0.082227,-3.300044
VW,vi,20,619,12380,10,197307,202501,1.383481,4.685662,,,-0.007810,-0.339351,-0.097906,-3.378854
VW,vii,30,619,18570,11,197307,202501,1.731168,2.406287,-0.026775,-0.488386,-0.023680,-0.526319,-0.121195,-2.854934
EW,i,10,739,7390,6,196307,202501,0.427980,1.689233,0.085707,4.516201,,,,
EW,ii,10,739,7390,7,196307,202501,0.524863,1.836337,,,0.059194,4.439175,,
EW,iii,10,619,6190,10,197307,202501,1.542477,6.907929,,,,,-0.098857,-6.032465
EW,iv,20,739,14780,8,196307,202501,-0.419604,-1.236368,0.128162,5.503989,0.105812,6.041895,,
EW,v,20,619,12380,11,197307,202501,1.307649,4.649770,0.035344,0.982159,,,-0.093548,-3.111833
EW,vi,20,619,12380,11,197307,202501,1.573604,5.287775,,,0.004801,0.255299,-0.117056,-5.836085
EW,vii,30,619,18570,11,197307,202501,0.879076,1.399932,0.054741,1.127180,0.042800,1.226685,-0.083140,-1.973378
