date,xr_htm2,xr_htm3,xr_htm4,xr_htm5
1952-06-30,-0.00215694,0.00308139,0.00203334,0.00139960
1952-07-31,-0.00078495,0.00468427,0.00282892,0.00223092
1952-08-31,-0.00109900,0.00414843,0.00216699,0.00118190
1952-09-30,0.00080186,0.00490854,0.00317361,0.00262374
1952-10-31,0.00266733,0.00597204,0.00422155,0.00210681
1952-11-30,0.00347194,0.00617839,0.00297773,0.00051913
1952-12-31,0.00396775,0.00629448,0.00264195,0.00048952
1953-01-31,0.00570958,0.00647003,0.00428002,0.00310174
1953-02-28,0.00594427,0.00557088,0.00344600,0.00227470
1953-03-31,0.00637252,0.00774040,0.00546520,0.00360381
1953-04-30,0.00867749,0.00575121,0.00470882,0.00433898
1953-05-31,0.00916696,0.00648926,0.00592196,0.00705281
1953-06-30,0.00853199,0.00632460,0.00545221,0.00557445
1953-07-31,0.00861098,0.00625986,0.00501335,0.00404678
1953-08-31,0.00652673,0.00507850,0.00343910,0.00316190
1953-09-30,0.00623491,0.00581320,0.00189997,-0.00005329
1953-10-31,0.00467480,0.00334473,0.00078832,-0.00079203
1953-11-30,0.00531878,0.00175425,-0.00106230,0.00013945
1953-12-31,0.00436143,0.00171560,-0.00243240,-0.00081870
1954-01-31,0.00213985,0.00065407,-0.00246639,0.00152819
1954-02-28,-0.00082289,-0.00253355,-0.00484815,-0.00161929
1954-03-31,-0.00095115,-0.00280232,-0.00518241,-0.00177897
1954-04-30,-0.00095835,-0.00410773,-0.00659208,-0.00440023
1954-05-31,-0.00227972,-0.00391179,-0.00407266,-0.00236985
1954-06-30,-0.00367312,-0.00378703,-0.00512351,-0.00184820
1954-07-31,-0.00391711,-0.00442418,-0.00687187,-0.00408230
1954-08-31,-0.00549687,-0.00683592,-0.00865048,-0.00714175
1954-09-30,-0.00409185,-0.00504343,-0.00883048,-0.00724763
1954-10-31,-0.00248972,-0.00462732,-0.00703572,-0.00742641
1954-11-30,-0.00456553,-0.00723757,-0.00723418,-0.00778302
1954-12-31,-0.00403557,-0.00680148,-0.00477474,-0.00533519
1955-01-31,-0.00061843,-0.00324774,-0.00060216,-0.00218937
1955-02-28,-0.00178706,-0.00381923,0.00049295,-0.00165888
1955-03-31,-0.00007090,-0.00291622,0.00046391,-0.00153205
1955-04-30,-0.00175124,-0.00387820,-0.00050474,-0.00271078
1955-05-31,-0.00264969,-0.00374579,0.00005090,-0.00218539
1955-06-30,-0.00027242,-0.00222984,0.00178883,-0.00109061
1955-07-31,-0.00045220,-0.00345120,-0.00028926,-0.00224255
1955-08-31,-0.00089578,-0.00393462,-0.00333149,-0.00502062
1955-09-30,-0.00198654,-0.00567367,-0.00456474,-0.00714726
1955-10-31,-0.00261585,-0.00533173,-0.00481309,-0.00677631
1955-11-30,-0.00520299,-0.00383185,-0.00560901,-0.00747461
1955-12-31,-0.00410847,-0.00118636,-0.00294471,-0.00500688
1956-01-31,-0.00196576,0.00111774,-0.00045867,-0.00383281
1956-02-29,-0.00412728,0.00133883,-0.00111256,-0.00389929
1956-03-31,-0.00234462,0.00238312,-0.00008298,0.00058694
1956-04-30,-0.00055857,0.00483804,0.00054374,-0.00074345
1956-05-31,-0.00258552,0.00358720,0.00054229,-0.00141913
1956-06-30,-0.00238030,0.00365969,0.00004215,-0.00047112
1956-07-31,-0.00187942,0.00177824,-0.00062411,0.00055683
1956-08-31,-0.00309184,-0.00030506,-0.00177233,0.00005594
1956-09-30,-0.00371701,-0.00072990,-0.00292459,-0.00061556
1956-10-31,-0.00227259,-0.00074097,-0.00166505,0.00074034
1956-11-30,0.00057402,0.00194866,-0.00233750,0.00037015
1956-12-31,0.00494273,0.00495644,0.00043523,0.00339780
1957-01-31,0.00764036,0.00496369,0.00041005,0.00195907
1957-02-28,0.00862878,0.00542257,0.00129311,0.00191017
1957-03-31,0.00769958,0.00457816,0.00369506,0.00399942
1957-04-30,0.00842544,0.00612207,0.00332385,0.00416754
1957-05-31,0.01061534,0.00766484,0.00506558,0.00608683
1957-06-30,0.01146410,0.00774402,0.00840088,0.00932662
1957-07-31,0.00887118,0.00510133,0.00736163,0.00904228
1957-08-31,0.00315615,0.00066406,0.00322838,0.00314808
1957-09-30,0.00359370,-0.00048753,0.00254466,0.00539616
1957-10-31,0.00528350,0.00314967,0.00600815,0.00475596
1957-11-30,-0.00292504,-0.00715516,-0.00310514,-0.00039662
1957-12-31,-0.00266692,-0.00775303,-0.00433997,-0.00407882
1958-01-31,-0.00335679,-0.00796719,-0.00383083,-0.00329478
1958-02-28,-0.00664864,-0.01040468,-0.00657431,-0.00538871
1958-03-31,-0.00564423,-0.00682984,-0.00488811,-0.00339747
1958-04-30,-0.00849643,-0.01050970,-0.00796992,-0.00558609
1958-05-31,-0.00973572,-0.01029606,-0.00920387,-0.00583483
1958-06-30,-0.00895303,-0.00564402,-0.00333174,-0.00309927
1958-07-31,-0.01056074,-0.00464419,-0.00138786,-0.00164853
1958-08-31,-0.00279241,0.00015520,0.00335593,0.00366891
1958-09-30,-0.00468343,-0.00059870,0.00269598,0.00385709
1958-10-31,-0.00329967,0.00303918,0.00354644,0.00443971
1958-11-30,-0.00791214,-0.00121526,0.00109429,0.00023904
1958-12-31,-0.00755563,0.00147857,0.00331239,0.00443309
1959-01-31,-0.00474825,0.00313424,0.00480439,0.00541145
1959-02-28,-0.00572191,-0.00024919,0.00244078,0.00331047
1959-03-31,0.00114402,0.00451966,0.00589793,0.00693133
1959-04-30,-0.00061060,0.00317931,0.00599964,0.00678177
1959-05-31,0.00030336,0.00502441,0.00716869,0.00821157
1959-06-30,0.00636036,0.00828618,0.01044738,0.01101487
1959-07-31,0.00506271,0.00835067,0.01033154,0.01142614
1959-08-31,0.00746336,0.01017450,0.01250885,0.01219364
1959-09-30,0.00902782,0.01155890,0.01309382,0.01186771
1959-10-31,0.00691807,0.01139190,0.01266250,0.00903458
1959-11-30,0.00820349,0.01136212,0.01372416,0.01046131
1959-12-31,0.01129749,0.01397621,0.01428955,0.01278230
1960-01-31,0.00896689,0.01081148,0.01183392,0.01106650
1960-02-29,0.00622901,0.01060453,0.01168401,0.01032187
1960-03-31,0.00482800,0.00671882,0.00850394,0.00748140
1960-04-30,0.00521508,0.00822683,0.01052900,0.00807243
1960-05-31,0.00666073,0.00810652,0.00994625,0.00984371
1960-06-30,0.00595830,0.00650815,0.00829955,0.00724239
1960-07-31,0.00227727,0.00093637,0.00351450,0.00161295
1960-08-31,-0.00008305,0.00273164,0.00345053,0.00208612
1960-09-30,-0.00196941,0.00394529,0.00464717,0.00209887
1960-10-31,0.00175571,0.00499794,0.00530984,0.00296015
1960-11-30,0.00192837,0.00528532,0.00646282,0.00288665
1960-12-31,-0.00088836,0.00196685,0.00203529,0.00110836
1961-01-31,0.00093485,0.00320337,0.00359738,0.00230317
1961-02-28,0.00046356,0.00278499,0.00202694,0.00043732
1961-03-31,0.00017985,0.00204481,0.00093381,0.00069169
1961-04-30,0.00110249,0.00212493,-0.00068478,-0.00023319
1961-05-31,0.00266136,0.00400174,0.00034214,0.00147511
1961-06-30,0.00215779,0.00433729,0.00371728,0.00230310
1961-07-31,0.00053999,0.00386520,0.00260617,0.00140933
1961-08-31,0.00205657,0.00359979,0.00394036,0.00108183
1961-09-30,0.00125827,0.00391790,0.00247361,0.00010734
1961-10-31,0.00229278,0.00317640,0.00146681,0.00122003
1961-11-30,0.00348614,0.00378279,0.00051392,0.00111324
1961-12-31,0.00330172,0.00386832,0.00227856,0.00077777
1962-01-31,0.00325420,0.00416870,0.00317391,0.00129918
1962-02-28,0.00192484,0.00120886,0.00029310,-0.00132590
1962-03-31,0.00182636,0.00046746,0.00020663,-0.00188978
1962-04-30,0.00215938,0.00067574,0.00078039,-0.00180452
1962-05-31,0.00116171,0.00012895,0.00020128,-0.00229826
1962-06-30,0.00270268,0.00150554,0.00118579,-0.00151481
1962-07-31,0.00036451,0.00026371,0.00002253,-0.00229800
1962-08-31,-0.00189500,-0.00160011,-0.00201237,-0.00563438
1962-09-30,-0.00246030,-0.00191595,-0.00251857,-0.00492285
1962-10-31,-0.00197284,-0.00178311,-0.00296541,-0.00471686
1962-11-30,-0.00153131,-0.00260274,-0.00397198,-0.00599432
1962-12-31,-0.00192004,-0.00230082,-0.00505706,-0.00632979
1963-01-31,-0.00334582,-0.00225508,-0.00469014,-0.00463220
1963-02-28,-0.00333954,-0.00292114,-0.00508551,-0.00478633
1963-03-31,-0.00289403,-0.00257420,-0.00372751,-0.00343180
1963-04-30,-0.00157591,-0.00132603,-0.00337790,-0.00306474
1963-05-31,-0.00203050,-0.00131118,-0.00336582,-0.00273198
1963-06-30,-0.00167888,-0.00088271,-0.00270644,-0.00419603
1963-07-31,-0.00003678,-0.00088249,-0.00309295,-0.00460610
1963-08-31,-0.00096611,-0.00209849,-0.00534329,-0.00662700
1963-09-30,-0.00128000,-0.00284421,-0.00601115,-0.00706791
1963-10-31,-0.00022604,-0.00218361,-0.00455230,-0.00620629
1963-11-30,-0.00193116,-0.00347615,-0.00545298,-0.00758649
1963-12-31,-0.00030711,-0.00315990,-0.00417885,-0.00706437
1964-01-31,-0.00038629,-0.00309672,-0.00389499,-0.00563842
1964-02-29,-0.00090862,-0.00337133,-0.00418866,-0.00612759
1964-03-31,0.00049164,-0.00192892,-0.00129232,-0.00466416
1964-04-30,0.00036623,-0.00231929,-0.00136254,-0.00462240
1964-05-31,-0.00035226,-0.00353112,-0.00209263,-0.00595260
1964-06-30,-0.00095765,-0.00376868,-0.00486108,-0.00751627
1964-07-31,-0.00216124,-0.00452058,-0.00534468,-0.00665583
1964-08-31,-0.00248880,-0.00702455,-0.00765766,-0.00844823
1964-09-30,-0.00312053,-0.00771456,-0.00863572,-0.00958318
1964-10-31,-0.00256865,-0.00648712,-0.00831097,-0.00968678
1964-11-30,-0.00285483,-0.00575258,-0.00855350,-0.01026019
1964-12-31,-0.00512311,-0.00645696,-0.00929836,-0.01143393
1965-01-31,-0.00547026,-0.00570908,-0.00760942,-0.00912851
1965-02-28,-0.00533955,-0.00591857,-0.00804101,-0.01032137
1965-03-31,-0.00487188,-0.00363393,-0.00688635,-0.00929357
1965-04-30,-0.00496821,-0.00318812,-0.00704424,-0.00880543
1965-05-31,-0.00529480,-0.00325567,-0.00743215,-0.00963247
1965-06-30,-0.00583419,-0.00679305,-0.00948591,-0.01317330
1965-07-31,-0.00604523,-0.00705586,-0.00789120,-0.01233318
1965-08-31,-0.00919182,-0.00929947,-0.00968972,-0.01441711
1965-09-30,-0.00882391,-0.00924948,-0.00954552,-0.01448755
1965-10-31,-0.00734627,-0.00865610,-0.00910967,-0.01322083
1965-11-30,-0.00616736,-0.00793855,-0.00900148,-0.01405630
1965-12-31,-0.00134701,-0.00370981,-0.00667759,-0.01227818
1966-01-31,0.00055405,-0.00094079,-0.00350165,-0.00936694
1966-02-28,0.00076723,-0.00105493,-0.00435431,-0.00751982
1966-03-31,0.00182656,-0.00168770,-0.00502849,-0.00798259
1966-04-30,0.00308989,-0.00110489,-0.00412699,-0.00870185
1966-05-31,0.00457991,-0.00045479,-0.00375482,-0.00867744
1966-06-30,-0.00005052,-0.00223028,-0.00700550,-0.01051504
1966-07-31,0.00018376,-0.00034178,-0.00511755,-0.00750730
1966-08-31,0.00232529,0.00235326,-0.00229862,-0.00598432
1966-09-30,-0.00272159,-0.00179771,-0.00766493,-0.01015122
1966-10-31,-0.00308201,-0.00361089,-0.00795814,-0.00935646
1966-11-30,-0.00260956,-0.00338569,-0.00876640,-0.00767841
1966-12-31,-0.00653916,-0.00889204,-0.01543183,-0.01309573
1967-01-31,-0.00521749,-0.00786284,-0.01339234,-0.01082703
1967-02-28,-0.00437740,-0.00837846,-0.01156489,-0.00774956
1967-03-31,-0.00750052,-0.01143442,-0.01328309,-0.00919190
1967-04-30,-0.00601058,-0.00825424,-0.01218513,-0.00944689
1967-05-31,-0.00651937,-0.00930688,-0.01311626,-0.01024481
1967-06-30,-0.00531234,-0.00995147,-0.01131797,-0.00997620
1967-07-31,-0.00357410,-0.00935559,-0.01116593,-0.01065944
1967-08-31,-0.00154415,-0.00822296,-0.01019466,-0.00826689
1967-09-30,-0.00167061,-0.00842883,-0.00931393,-0.00812603
1967-10-31,-0.00011925,-0.00601940,-0.00643557,-0.00299906
1967-11-30,-0.00237567,-0.00857353,-0.00559787,-0.00247415
1967-12-31,-0.00484801,-0.01040739,-0.00602706,-0.00289105
1968-01-31,-0.00444984,-0.01050888,-0.00496654,-0.00188912
1968-02-29,-0.00682113,-0.00742678,-0.00193916,-0.00037725
1968-03-31,-0.00550610,-0.00542166,0.00082579,0.00048293
1968-04-30,-0.00401299,-0.00629679,-0.00150249,-0.00034896
1968-05-31,-0.00456031,-0.00817331,-0.00378793,-0.00241707
1968-06-30,-0.01033889,-0.01186684,-0.01021420,-0.00918249
1968-07-31,-0.00984140,-0.01330954,-0.01218236,-0.00972115
1968-08-31,-0.01288145,-0.01395230,-0.01088205,-0.00886735
1968-09-30,-0.01175591,-0.01309854,-0.01058543,-0.00894436
1968-10-31,-0.00956386,-0.01094075,-0.00713121,-0.00539332
1968-11-30,-0.01209927,-0.00835006,-0.00483041,-0.00276150
1968-12-31,-0.00897636,-0.00377578,0.00353819,0.00488310
1969-01-31,-0.00849151,-0.00127982,0.00188105,0.00314106
1969-02-28,-0.00459423,0.00553663,0.00728584,0.00650120
1969-03-31,-0.00519066,0.00510182,0.00638585,0.00506075
1969-04-30,-0.00712458,0.00039576,0.00260153,0.00305411
1969-05-31,-0.00460401,0.00229968,0.00490026,0.00432092
1969-06-30,-0.00242749,0.00147811,0.00317025,0.00160664
1969-07-31,0.00172691,0.00339104,0.00512609,0.00016220
1969-08-31,0.00064924,0.00583789,0.00679142,0.00234538
1969-09-30,0.00577115,0.01140277,0.01409236,0.01187837
1969-10-31,0.00354811,0.01040152,0.01200277,0.00877859
1969-11-30,0.00914309,0.01515401,0.01591589,0.01233728
1969-12-31,0.01557325,0.02314492,0.02382582,0.01898385
1970-01-31,0.01724370,0.02431697,0.02292254,0.02037004
1970-02-28,0.01587304,0.01925535,0.01713367,0.01379901
1970-03-31,0.01636512,0.01665984,0.01486823,0.00929466
1970-04-30,0.01467738,0.02086310,0.01878421,0.01275705
1970-05-31,0.01480678,0.01835885,0.01595033,0.01092057
1970-06-30,0.00774515,0.01314641,0.01041882,0.00571794
1970-07-31,0.00677925,0.01277101,0.00808840,0.00324854
1970-08-31,0.00919488,0.01258926,0.00830887,0.00135757
1970-09-30,0.00587606,0.00932926,0.00644172,0.00411971
1970-10-31,0.00997139,0.01150984,0.00902537,0.00597452
1970-11-30,0.00373785,0.00528615,0.00153734,-0.00118091
1970-12-31,0.00827546,0.00858485,0.00366143,0.00195196
1971-01-31,0.00407909,0.00360729,0.00228038,0.00139652
1971-02-28,0.00240108,0.00018940,-0.00199978,-0.00151876
1971-03-31,-0.00191202,-0.00657171,-0.01049676,-0.00946243
1971-04-30,0.00653016,0.00432439,-0.00281520,-0.00222858
1971-05-31,0.00620455,0.00343231,-0.00326308,0.00054205
1971-06-30,0.00577176,0.00365710,-0.00234074,-0.00044759
1971-07-31,0.00740332,0.00166492,-0.00233457,-0.00190110
1971-08-31,0.00066316,-0.00617877,-0.01299732,-0.01111568
1971-09-30,-0.00058093,-0.00508205,-0.00793906,-0.00782211
1971-10-31,-0.00097873,-0.00509985,-0.00743713,-0.00514322
1971-11-30,-0.00008128,-0.00535043,-0.00722977,-0.00539321
1971-12-31,-0.00022960,-0.00499521,-0.00680995,-0.00477903
1972-01-31,-0.00312245,-0.00363002,-0.00310657,-0.00029266
1972-02-29,-0.00547613,-0.00620808,-0.00427188,-0.00238452
1972-03-31,-0.00381899,-0.00824895,-0.00626152,-0.00406601
1972-04-30,-0.00466225,-0.01027005,-0.00929001,-0.00661885
1972-05-31,-0.00793231,-0.01170330,-0.00855101,-0.00743326
1972-06-30,-0.00909537,-0.01343925,-0.01099707,-0.00921399
1972-07-31,-0.01439563,-0.01626537,-0.01389520,-0.01114394
1972-08-31,-0.01208332,-0.01815187,-0.01480152,-0.01161514
1972-09-30,-0.00810023,-0.01063022,-0.01099957,-0.00783023
1972-10-31,-0.00539902,-0.00780337,-0.00494877,-0.00264319
1972-11-30,-0.00719702,-0.00908416,-0.00633045,-0.00304134
1972-12-31,-0.00381727,-0.00486026,-0.00294688,0.00110514
1973-01-31,-0.00287144,-0.00088004,0.00202587,0.00241922
1973-02-28,-0.00182629,0.00143226,0.00268403,0.00412994
1973-03-31,-0.00673735,-0.00354947,-0.00161204,0.00126840
1973-04-30,-0.00979951,-0.00663854,-0.00421086,-0.00107649
1973-05-31,-0.00838448,-0.00435716,-0.00403762,-0.00105059
1973-06-30,-0.01038906,-0.00689801,-0.00549643,-0.00226227
1973-07-31,-0.00628870,-0.00329642,0.00203593,0.00304781
1973-08-31,-0.01258180,-0.01111130,-0.00609454,-0.00393391
1973-09-30,-0.00760903,-0.01017950,-0.00573969,-0.00481748
1973-10-31,-0.00616359,-0.00308286,0.00085462,0.00010302
1973-11-30,-0.00723528,-0.00478940,0.00032323,0.00030383
1973-12-31,-0.00290970,-0.00024461,0.00447113,0.00347920
1974-01-31,0.00174052,0.00515634,0.00687750,0.00483439
1974-02-28,0.00351102,0.00367957,0.00664570,0.00479306
1974-03-31,0.00498024,0.00757675,0.01019349,0.00799068
1974-04-30,0.00449264,0.00890372,0.01237682,0.01046602
1974-05-31,0.00762432,0.00887751,0.01168376,0.00801039
1974-06-30,0.00574319,0.00860546,0.01305527,0.00919434
1974-07-31,0.00421886,0.00969215,0.01252901,0.00918259
1974-08-31,0.00160506,0.00766045,0.00993572,0.00859364
1974-09-30,0.00299798,0.00715115,0.00900652,0.00563527
1974-10-31,0.00755027,0.01233664,0.01183937,0.00634660
1974-11-30,0.00213540,0.00968082,0.00896082,0.00333457
1974-12-31,0.00698128,0.01198022,0.00967424,0.00176054
1975-01-31,0.00793184,0.01046934,0.00904394,0.00335827
1975-02-28,0.00250817,0.00680282,0.00464317,0.00069936
1975-03-31,0.00557337,0.01059727,0.00966727,0.00418453
1975-04-30,0.00991011,0.01577961,0.01398166,0.00766324
1975-05-31,0.00423537,0.00934330,0.00721469,0.00267291
1975-06-30,0.00505129,0.01049824,0.00545606,0.00385185
1975-07-31,0.00883256,0.01244382,0.00833509,0.00452278
1975-08-31,0.01016234,0.01240163,0.00899411,0.00419874
1975-09-30,0.01287564,0.01343124,0.01101274,0.00324368
1975-10-31,0.01055217,0.00930142,0.00310539,-0.00451214
1975-11-30,0.01379539,0.01251352,0.00409582,-0.00044339
1975-12-31,0.01174912,0.01026636,0.00193854,-0.00365104
1976-01-31,0.00722160,0.00766966,0.00175822,-0.00471813
1976-02-29,0.00876416,0.00790703,0.00071452,-0.01109894
1976-03-31,0.00889034,0.00717781,0.00140453,-0.01158267
1976-04-30,0.00808137,0.00584336,-0.00100725,-0.00461877
1976-05-31,0.01003428,0.00665827,0.00110758,-0.00013426
1976-06-30,0.00883976,0.00369126,0.00047376,-0.00022016
1976-07-31,0.00549781,0.00167122,-0.00217529,-0.00396799
1976-08-31,0.00421630,-0.00096350,-0.00555071,-0.01016294
1976-09-30,0.00114961,-0.00322815,-0.01016109,-0.01472113
1976-10-31,-0.00138044,-0.00930810,-0.01886660,-0.02452734
1976-11-30,-0.00417843,-0.01384380,-0.02085738,-0.02992703
1976-12-31,-0.00470780,-0.01449820,-0.02265727,-0.02800864
1977-01-31,-0.00234967,-0.00920479,-0.01650224,-0.02513061
1977-02-28,-0.00286486,-0.01000657,-0.02232538,-0.02995627
1977-03-31,-0.00319362,-0.00935694,-0.02329282,-0.02772415
1977-04-30,-0.00361113,-0.01113206,-0.01396944,-0.02415391
1977-05-31,-0.00580727,-0.01244806,-0.01142713,-0.02179701
1977-06-30,-0.00866462,-0.01360652,-0.01222885,-0.02186946
1977-07-31,-0.00663969,-0.01251202,-0.01240647,-0.02418866
1977-08-31,-0.00710911,-0.01446132,-0.01958685,-0.03120876
1977-09-30,-0.00761739,-0.01611995,-0.02253719,-0.03241757
1977-10-31,-0.01037600,-0.02236460,-0.02917384,-0.03470567
1977-11-30,-0.01106324,-0.01959386,-0.03006209,-0.03054486
1977-12-31,-0.01294242,-0.02030035,-0.02658865,-0.03023413
1978-01-31,-0.01011228,-0.01906976,-0.02685468,-0.03189718
1978-02-28,-0.01008484,-0.02639076,-0.03347609,-0.03716156
1978-03-31,-0.00752924,-0.02615470,-0.02985468,-0.03436392
1978-04-30,-0.00872072,-0.01284189,-0.02422088,-0.02862187
1978-05-31,-0.00693660,-0.00607988,-0.01860362,-0.02242767
1978-06-30,-0.00331906,-0.00184006,-0.01398309,-0.02131377
1978-07-31,-0.00418228,-0.00495783,-0.01996877,-0.02301118
1978-08-31,-0.00819343,-0.01475402,-0.02803413,-0.02787483
1978-09-30,-0.01042424,-0.01868914,-0.02986744,-0.02737012
1978-10-31,-0.01560969,-0.02315481,-0.02857901,-0.02611160
1978-11-30,-0.01068816,-0.02537061,-0.02570739,-0.02296863
1978-12-31,-0.00924985,-0.01814047,-0.02403721,-0.01883861
1979-01-31,-0.01204554,-0.02444181,-0.03074103,-0.02467167
1979-02-28,-0.02270834,-0.03361108,-0.03581295,-0.02752309
1979-03-31,-0.02495695,-0.02974848,-0.03355646,-0.02743680
1979-04-30,-0.00397014,-0.02134162,-0.02611790,-0.02036306
1979-05-31,0.00187085,-0.01828388,-0.02253480,-0.01999067
1979-06-30,-0.00024990,-0.01694712,-0.02524650,-0.02324819
1979-07-31,-0.00102686,-0.02175182,-0.02494144,-0.02382135
1979-08-31,-0.00895321,-0.02750472,-0.02681365,-0.02549482
1979-09-30,-0.01262976,-0.02768225,-0.02494955,-0.02188701
1979-10-31,-0.00935214,-0.01637499,-0.01172774,-0.00882934
1979-11-30,-0.01511250,-0.01770375,-0.01288610,-0.00968024
1979-12-31,-0.01027238,-0.01717698,-0.01093252,-0.00960987
1980-01-31,-0.01055290,-0.01883770,-0.01020402,-0.00697915
1980-02-29,-0.00469798,-0.00708482,0.00040530,0.00105386
1980-03-31,0.00216585,-0.00611622,-0.00235309,0.00067518
1980-04-30,-0.01714155,-0.02285888,-0.01506962,-0.01188333
1980-05-31,-0.02417876,-0.02514852,-0.01736260,-0.01581072
1980-06-30,-0.02076104,-0.02677412,-0.01977741,-0.01862594
1980-07-31,-0.02355300,-0.02172554,-0.01736324,-0.01404960
1980-08-31,-0.02009832,-0.01281101,-0.00807229,-0.00650302
1980-09-30,-0.01662654,-0.00772766,-0.00121324,-0.00086304
1980-10-31,-0.00669568,0.00272872,0.00629532,0.00998933
1980-11-30,0.00473445,0.01223586,0.01358674,0.01680645
1980-12-31,-0.00411653,0.00531247,0.00889792,0.01160040
1981-01-31,-0.00874219,0.00313760,0.00791942,0.01304325
1981-02-28,-0.00631940,0.01031905,0.01374395,0.01669770
1981-03-31,-0.00449859,0.00764585,0.01107058,0.01569940
1981-04-30,0.00311467,0.01453259,0.01876701,0.02260926
1981-05-31,0.00214749,0.01242919,0.01175834,0.01673289
1981-06-30,0.00046941,0.01019964,0.01350984,0.01676754
1981-07-31,0.01166826,0.01599495,0.01756013,0.02246726
1981-08-31,0.01867338,0.02751814,0.02332798,0.02974800
1981-09-30,0.02456333,0.03342442,0.03750632,0.03682545
1981-10-31,0.02126426,0.02818723,0.03206115,0.03720514
1981-11-30,0.01306790,0.02297951,0.02170307,0.02509183
1981-12-31,0.02264045,0.02763392,0.03145637,0.03512222
1982-01-31,0.02073894,0.02790524,0.03247954,0.03575084
1982-02-28,0.02349531,0.02575411,0.02809923,0.03238977
1982-03-31,0.02182725,0.02448238,0.02838750,0.03239072
1982-04-30,0.02248897,0.02256232,0.02595557,0.03175701
1982-05-31,0.01806868,0.01696559,0.02364294,0.03059059
1982-06-30,0.02132279,0.02178004,0.02773404,0.03735451
1982-07-31,0.01398456,0.01481923,0.02016974,0.03176941
1982-08-31,0.00770665,0.00948465,0.01911597,0.02757314
1982-09-30,0.00934479,0.00782792,0.01275563,0.02248907
1982-10-31,0.00440024,0.00788830,0.00986407,0.01715990
1982-11-30,0.00245617,0.00661194,0.01458256,0.01932540
1982-12-31,0.00114181,0.00668528,0.01332649,0.01927279
1983-01-31,0.00214865,0.00906061,0.01223013,0.02158132
1983-02-28,-0.00044587,0.00163378,0.00980296,0.01623979
1983-03-31,-0.00188586,0.00222924,0.00863029,0.01783462
1983-04-30,-0.00411705,0.00133734,0.00958615,0.01573466
1983-05-31,-0.00691212,0.00298597,0.01231425,0.01782097
1983-06-30,-0.00558129,0.00469888,0.01440405,0.02116900
1983-07-31,-0.00164626,0.00897607,0.02163436,0.02666638
1983-08-31,-0.00157609,0.01011376,0.02398478,0.02918858
1983-09-30,-0.00066571,0.00990844,0.01962113,0.02554632
1983-10-31,0.00464377,0.01487814,0.02562521,0.02998408
1983-11-30,0.00754454,0.01577812,0.02699011,0.02957793
1983-12-31,0.01017431,0.01805642,0.02815612,0.03145398
1984-01-31,0.01048880,0.01776813,0.02724618,0.03153484
1984-02-29,0.00853115,0.01831365,0.02823799,0.03278100
1984-03-31,0.01073482,0.02337498,0.03273402,0.03671093
1984-04-30,0.01601244,0.02791231,0.03468101,0.03898821
1984-05-31,0.02402616,0.03643862,0.04215891,0.04610535
1984-06-30,0.02688590,0.04024078,0.04537930,0.04786923
1984-07-31,0.02150185,0.03350672,0.03818589,0.03984866
1984-08-31,0.02065148,0.03502324,0.03903099,0.03936028
1984-09-30,0.01993734,0.03301073,0.03562606,0.03654155
1984-10-31,0.01713555,0.02979771,0.03350565,0.03335048
1984-11-30,0.01508889,0.02727656,0.03247542,0.03107856
1984-12-31,0.01413344,0.02638005,0.02940534,0.02962648
1985-01-31,0.01353711,0.02462593,0.03024866,0.02754864
1985-02-28,0.01719221,0.02854127,0.03532047,0.03210353
1985-03-31,0.01862959,0.02878496,0.03466076,0.03038441
1985-04-30,0.01896877,0.02569188,0.03107041,0.02835226
1985-05-31,0.01206443,0.01746222,0.02123611,0.01883597
1985-06-30,0.01424848,0.02100077,0.02338361,0.02213822
1985-07-31,0.01542090,0.02199663,0.02496155,0.02360690
1985-08-31,0.01947066,0.02137862,0.02299809,0.02119517
1985-09-30,0.01659050,0.01784087,0.02058226,0.02013629
1985-10-31,0.01701558,0.02024774,0.02124199,0.02167497
1985-11-30,0.01478623,0.01684492,0.01665397,0.01754332
1985-12-31,0.01010737,0.01147550,0.00945728,0.01055452
1986-01-31,0.01016391,0.01380952,0.01110016,0.01126307
1986-02-28,0.00812622,0.00999275,0.00522331,0.00522900
1986-03-31,0.00319686,0.00446638,-0.00063249,-0.00151538
1986-04-30,0.00033023,0.00307138,-0.00089455,-0.00184957
1986-05-31,0.00321795,0.00410966,0.00419600,0.00376330
1986-06-30,0.00143261,0.00189147,0.00216371,0.00135154
1986-07-31,-0.00091938,0.00033304,0.00013167,0.00122012
1986-08-31,-0.00376846,-0.00603637,-0.00663686,-0.00642296
1986-09-30,-0.00491890,-0.00467254,-0.00342465,-0.00215502
1986-10-31,-0.00025806,-0.00216357,-0.00202774,-0.00034987
1986-11-30,-0.00181483,-0.00624567,-0.00520862,-0.00436255
1986-12-31,-0.00332138,-0.00830800,-0.00790548,-0.00427042
1987-01-31,-0.00106787,-0.00668048,-0.00682435,-0.00459653
1987-02-28,-0.00013681,-0.00797065,-0.00787480,-0.00512381
1987-03-31,-0.00060005,-0.00785445,-0.00813804,-0.00366431
1987-04-30,0.00256658,-0.00076397,-0.00107919,0.00279069
1987-05-31,0.00212475,0.00011279,0.00095060,0.00498962
1987-06-30,0.00170031,0.00140486,0.00211075,0.00619419
1987-07-31,0.00061887,0.00332049,0.00425720,0.00816698
1987-08-31,0.00089393,0.00266936,0.00452754,0.00980094
1987-09-30,0.00473476,0.00657042,0.00991443,0.01548896
1987-10-31,0.00302008,0.00529937,0.00804473,0.01280256
1987-11-30,-0.00107098,0.00274299,0.00634128,0.01334245
1987-12-31,-0.00396263,-0.00069881,0.00384899,0.01224560
1988-01-31,-0.00611880,-0.00480261,0.00010410,0.00712009
1988-02-29,-0.00900681,-0.00706016,-0.00192523,0.00539129
1988-03-31,-0.00880081,-0.00643913,0.00012666,0.00782907
1988-04-30,-0.00412059,-0.00314552,0.00383261,0.01125429
1988-05-31,-0.00148550,0.00082746,0.00760337,0.01527360
1988-06-30,0.00048190,0.00164867,0.00660830,0.01422767
1988-07-31,0.00472963,0.00609117,0.01091471,0.01878688
1988-08-31,0.00319884,0.00572980,0.01243117,0.02035366
1988-09-30,0.00118754,0.00381553,0.01025112,0.01900737
1988-10-31,0.00233666,0.00370229,0.01042248,0.01731698
1988-11-30,0.00531963,0.00761050,0.01553162,0.02145667
1988-12-31,0.00562095,0.01044329,0.01917285,0.02547868
1989-01-31,0.00393169,0.00934474,0.01778759,0.02398128
1989-02-28,0.00560574,0.01187964,0.02040497,0.02651659
1989-03-31,0.00518439,0.01266913,0.01977168,0.02658497
1989-04-30,0.00260560,0.01013671,0.01798297,0.02441317
1989-05-31,0.00149506,0.00833558,0.01628022,0.02190971
1989-06-30,-0.00117755,0.00422109,0.01174051,0.01839974
1989-07-31,-0.00253659,0.00291591,0.01122333,0.01646239
1989-08-31,0.00343276,0.00984770,0.01846839,0.02353134
1989-09-30,0.00320767,0.01125336,0.02038941,0.02523040
1989-10-31,0.00069630,0.00926480,0.01682398,0.02147053
1989-11-30,0.00079317,0.00974169,0.01654103,0.02088352
1989-12-31,0.00370413,0.01418724,0.02043154,0.02392893
1990-01-31,0.00703505,0.01713822,0.02444500,0.02870527
1990-02-28,0.00900247,0.01835798,0.02624751,0.02923681
1990-03-31,0.01069701,0.01988013,0.02711319,0.02923952
1990-04-30,0.01290803,0.02307925,0.03096299,0.03187594
1990-05-31,0.01041437,0.02011921,0.02711365,0.02783886
1990-06-30,0.00852331,0.01907110,0.02601720,0.02648805
1990-07-31,0.00769960,0.01940910,0.02571757,0.02630210
1990-08-31,0.01181460,0.02396816,0.03117927,0.03147979
1990-09-30,0.01292646,0.02535848,0.03203038,0.03127822
1990-10-31,0.01219044,0.02263914,0.02928389,0.02839166
1990-11-30,0.01228846,0.02078076,0.02677875,0.02413029
1990-12-31,0.01428542,0.02265069,0.02720414,0.02410490
1991-01-31,0.01367581,0.02239094,0.02799054,0.02449779
1991-02-28,0.01374964,0.02294178,0.02723159,0.02491845
1991-03-31,0.01399750,0.02324582,0.02679224,0.02542881
1991-04-30,0.01320772,0.02314986,0.02553511,0.02387865
1991-05-31,0.01420058,0.02202358,0.02440058,0.02433023
1991-06-30,0.01575863,0.02526439,0.02689189,0.02722071
1991-07-31,0.01728546,0.02558359,0.02720634,0.02717966
1991-08-31,0.01676345,0.02383995,0.02479982,0.02451697
1991-09-30,0.01611396,0.02256381,0.02178090,0.02074488
1991-10-31,0.01176346,0.01906068,0.01856505,0.01848179
1991-11-30,0.00953900,0.01599459,0.01484430,0.01600715
1991-12-31,0.00785380,0.01299062,0.01091834,0.01128028
1992-01-31,0.01099140,0.01891851,0.01654833,0.01745499
1992-02-29,0.01322017,0.01807149,0.01749157,0.01896528
1992-03-31,0.01512136,0.01996210,0.01942723,0.01963345
1992-04-30,0.01493920,0.01759825,0.01793334,0.01927705
1992-05-31,0.01169873,0.01336051,0.01501304,0.01676965
1992-06-30,0.00975891,0.01073667,0.01294513,0.01396841
1992-07-31,0.00798356,0.00840356,0.01025536,0.01029717
1992-08-31,0.00688497,0.00633701,0.00835667,0.00847864
1992-09-30,0.00516868,0.00279873,0.00460752,0.00598337
1992-10-31,0.00890922,0.00675200,0.00958339,0.01148899
1992-11-30,0.00923103,0.00610549,0.00992508,0.01168621
1992-12-31,0.00822947,0.00394284,0.00771321,0.01009272
1993-01-31,0.00702326,0.00211802,0.00563165,0.00815187
1993-02-28,0.00220486,-0.00139204,0.00224061,0.00406428
1993-03-31,0.00002219,-0.00217865,0.00062686,0.00143972
1993-04-30,-0.00344189,-0.00459181,-0.00156281,-0.00008824
1993-05-31,-0.00268721,-0.00200506,-0.00001427,0.00173421
1993-06-30,-0.00457131,-0.00406510,-0.00267064,-0.00086350
1993-07-31,-0.00283046,-0.00246544,-0.00214667,0.00052170
1993-08-31,-0.00548787,-0.00558544,-0.00542959,-0.00372739
1993-09-30,-0.00739818,-0.00727764,-0.00563546,-0.00423470
1993-10-31,-0.00771850,-0.00670903,-0.00489912,-0.00318986
1993-11-30,-0.01004095,-0.00688847,-0.00359232,-0.00163661
1993-12-31,-0.01118586,-0.00775984,-0.00361893,-0.00124297
1994-01-31,-0.00995262,-0.00579274,-0.00390385,-0.00133031
1994-02-28,-0.00534748,-0.00148364,0.00064739,0.00285217
1994-03-31,-0.00231477,0.00236775,0.00419436,0.00670883
1994-04-30,0.00070394,0.00504980,0.00742628,0.00956200
1994-05-31,0.00404722,0.00718259,0.00887229,0.01093750
1994-06-30,0.00559840,0.00799279,0.01108377,0.01321002
1994-07-31,0.00438654,0.00598746,0.00875341,0.01070050
1994-08-31,0.00508781,0.00684114,0.00875672,0.01154375
1994-09-30,0.00686942,0.00998187,0.01270075,0.01644985
1994-10-31,0.00895271,0.01271509,0.01568431,0.01946464
1994-11-30,0.01108094,0.01568681,0.01754236,0.02015866
1994-12-31,0.01298773,0.01667004,0.01803278,0.02031475
1995-01-31,0.01230060,0.01508313,0.01707653,0.01945375
1995-02-28,0.00869211,0.01053608,0.01226124,0.01417738
1995-03-31,0.00738660,0.00873354,0.01100515,0.01353203
1995-04-30,0.00558435,0.00727302,0.00954043,0.01176368
1995-05-31,0.00085174,0.00146883,0.00310186,0.00475177
1995-06-30,0.00100400,0.00189731,0.00345633,0.00403611
1995-07-31,0.00061737,0.00299708,0.00460459,0.00512233
1995-08-31,0.00026705,0.00146012,0.00410961,0.00432401
1995-09-30,0.00057738,0.00191839,0.00529379,0.00514721
1995-10-31,0.00049243,0.00216212,0.00544825,0.00465743
1995-11-30,-0.00067466,-0.00019820,0.00249010,0.00137040
1995-12-31,-0.00180871,-0.00128709,0.00183263,0.00044027
1996-01-31,-0.00305669,-0.00156507,0.00132655,-0.00042363
1996-02-29,-0.00003343,0.00133107,0.00378480,0.00249355
1996-03-31,0.00022384,0.00287546,0.00646860,0.00491009
1996-04-30,0.00252911,0.00539418,0.00883769,0.00709364
1996-05-31,0.00398794,0.00717324,0.01008448,0.00900014
1996-06-30,0.00360075,0.00668860,0.00842310,0.00700095
1996-07-31,0.00404514,0.00681688,0.00859801,0.00755959
1996-08-31,0.00442631,0.00895725,0.01024803,0.00949103
1996-09-30,0.00368590,0.00892813,0.00987655,0.00859974
1996-10-31,0.00278503,0.00750200,0.00762907,0.00601708
1996-11-30,0.00089088,0.00466288,0.00382472,0.00325555
1996-12-31,0.00333515,0.00826971,0.00736620,0.00770565
1997-01-31,0.00479465,0.00914683,0.00723530,0.00941773
1997-02-28,0.00517025,0.00852543,0.00740085,0.01001764
1997-03-31,0.00677730,0.01158770,0.01026161,0.01325845
1997-04-30,0.00587147,0.01006986,0.00821599,0.01157127
1997-05-31,0.00517520,0.00847942,0.00751644,0.01120015
1997-06-30,0.00486495,0.00706755,0.00609230,0.00973037
1997-07-31,0.00182281,0.00303275,0.00138274,0.00594532
1997-08-31,0.00482683,0.00595211,0.00511166,0.00952039
1997-09-30,0.00610644,0.00605134,0.00465310,0.01017743
1997-10-31,0.00681673,0.00531709,0.00298306,0.00920494
1997-11-30,0.00630577,0.00454727,0.00369561,0.00963127
1997-12-31,0.00618531,0.00359996,0.00338084,0.00944996
1998-01-31,0.00427194,0.00022014,0.00239340,0.00734956
1998-02-28,0.00351704,0.00056032,0.00358792,0.00889575
1998-03-31,0.00484110,0.00137475,0.00465667,0.00878346
1998-04-30,0.00460110,0.00055553,0.00443692,0.00964947
1998-05-31,0.00295664,-0.00003997,0.00452990,0.00914701
1998-06-30,0.00134413,-0.00149007,0.00272488,0.00807036
1998-07-31,0.00059227,-0.00218805,0.00346102,0.00979353
1998-08-31,-0.00405744,-0.00603566,-0.00073703,0.00511423
1998-09-30,-0.00664857,-0.00980246,-0.00332588,0.00329634
1998-10-31,-0.00753961,-0.01009095,-0.00141433,0.00592559
1998-11-30,-0.00690415,-0.00840104,0.00077214,0.00594153
1998-12-31,-0.00615032,-0.00622299,0.00203893,0.00768622
1999-01-31,-0.00745179,-0.00490015,0.00208232,0.00740884
1999-02-28,-0.00371762,0.00092701,0.00859901,0.01398621
1999-03-31,-0.00517334,0.00031860,0.00672181,0.01332088
1999-04-30,-0.00540611,0.00072078,0.00819320,0.01495435
1999-05-31,-0.00247813,0.00494303,0.01238714,0.01880047
1999-06-30,-0.00313972,0.00398459,0.01237586,0.01995404
1999-07-31,-0.00254843,0.00611762,0.01550923,0.02221835
1999-08-31,-0.00137444,0.00778412,0.01689635,0.02286429
1999-09-30,-0.00222537,0.00920730,0.01855274,0.02470922
1999-10-31,-0.00136925,0.01207563,0.02153605,0.02688210
1999-11-30,0.00119690,0.01379028,0.02209945,0.02713586
1999-12-31,0.00456250,0.01683980,0.02544896,0.03097549
2000-01-31,0.01033446,0.02090230,0.02827170,0.03388921
2000-02-29,0.01117916,0.02161543,0.02873452,0.03402803
2000-03-31,0.01101773,0.01864933,0.02578098,0.03039135
2000-04-30,0.01257032,0.02141764,0.02886336,0.03219749
2000-05-31,0.01486489,0.02314157,0.03016077,0.03251831
2000-06-30,0.01087982,0.02039129,0.02780927,0.02981516
2000-07-31,0.01233009,0.02279816,0.02866809,0.03043362
2000-08-31,0.01295691,0.02194019,0.02727508,0.02927863
2000-09-30,0.01474934,0.02397455,0.02913226,0.03012166
2000-10-31,0.01678567,0.02563241,0.02978343,0.03006031
2000-11-30,0.01553660,0.02322487,0.02681160,0.02604247
2000-12-31,0.01261606,0.02120958,0.02487151,0.02376159
2001-01-31,0.01064241,0.01908756,0.02375227,0.02292591
2001-02-28,0.01043883,0.01888496,0.02330873,0.02178546
2001-03-31,0.00740770,0.01686648,0.02187085,0.02042978
2001-04-30,0.01097826,0.02093376,0.02483917,0.02370039
2001-05-31,0.01148155,0.02142219,0.02520735,0.02408736
2001-06-30,0.01284840,0.02302016,0.02612080,0.02504269
2001-07-31,0.01149659,0.02025626,0.02306746,0.02135042
2001-08-31,0.01044738,0.01880674,0.02178363,0.02023741
2001-09-30,0.00833493,0.01713578,0.01921059,0.01759136
2001-10-31,0.00708505,0.01419082,0.01635850,0.01427643
2001-11-30,0.01040068,0.01802135,0.01951013,0.01650158
2001-12-31,0.01401428,0.02255594,0.02349419,0.02051369
2002-01-31,0.01336550,0.02155430,0.02244599,0.02000299
2002-02-28,0.01294480,0.02045240,0.02062014,0.01802066
2002-03-31,0.01720647,0.02589701,0.02544980,0.02283643
2002-04-30,0.01481572,0.02131058,0.02135674,0.01875681
2002-05-31,0.01433736,0.01934223,0.01910459,0.01633350
2002-06-30,0.01360763,0.01750866,0.01693542,0.01372859
2002-07-31,0.00734090,0.01158151,0.01052600,0.00836921
2002-08-31,0.00591465,0.00871071,0.00796738,0.00550809
2002-09-30,0.00432282,0.00478768,0.00219708,-0.00033216
2002-10-31,0.00370914,0.00523925,0.00258742,0.00094093
2002-11-30,0.00557927,0.00737599,0.00531673,0.00363862
2002-12-31,0.00359108,0.00301226,0.00074958,-0.00081318
2003-01-31,0.00430400,0.00380456,0.00182989,0.00056948
2003-02-28,0.00317930,0.00059338,-0.00190357,-0.00281614
2003-03-31,0.00335996,0.00075728,-0.00166607,-0.00220981
2003-04-30,0.00097056,-0.00053213,-0.00255446,-0.00264731
2003-05-31,-0.00158988,-0.00479263,-0.00814650,-0.00880181
2003-06-30,-0.00221922,-0.00466792,-0.00790574,-0.00800724
2003-07-31,0.00093945,-0.00033997,-0.00140523,-0.00006820
2003-08-31,0.00345557,0.00229224,0.00127088,0.00264565
2003-09-30,-0.00139886,-0.00427158,-0.00561916,-0.00335681
2003-10-31,0.00099987,-0.00167143,-0.00267565,-0.00021735
2003-11-30,0.00011902,-0.00227936,-0.00293458,0.00110807
2003-12-31,-0.00145189,-0.00396530,-0.00459594,-0.00043754
2004-01-31,-0.00255801,-0.00525089,-0.00603738,0.00035606
2004-02-29,-0.00539960,-0.00848793,-0.00853712,-0.00131628
2004-03-31,-0.00685433,-0.01079696,-0.01063631,-0.00301450
2004-04-30,-0.00172048,-0.00363171,-0.00334950,0.00325598
2004-05-31,-0.00054165,-0.00267152,-0.00243059,0.00363247
2004-06-30,-0.00074035,-0.00388111,-0.00385387,0.00209101
2004-07-31,-0.00275117,-0.00512110,-0.00459152,0.00152413
2004-08-31,-0.00430385,-0.00768331,-0.00653207,-0.00058356
2004-09-30,-0.00493810,-0.00792218,-0.00599111,0.00009750
2004-10-31,-0.00698025,-0.00959967,-0.00749603,-0.00051752
2004-11-30,-0.00503999,-0.00665086,-0.00234595,0.00533798
2004-12-31,-0.00499531,-0.00760023,-0.00366955,0.00465936
2005-01-31,-0.00465889,-0.00715965,-0.00076537,0.00662816
2005-02-28,-0.00372791,-0.00487108,0.00267162,0.00946259
2005-03-31,-0.00340222,-0.00410906,0.00410540,0.01101790
2005-04-30,-0.00474254,-0.00627648,0.00042829,0.00762288
2005-05-31,-0.00628726,-0.00825584,-0.00241023,0.00484926
2005-06-30,-0.00712942,-0.00889302,-0.00324821,0.00364169
2005-07-31,-0.00462736,-0.00493963,0.00124347,0.00809697
2005-08-31,-0.00516634,-0.00524019,0.00016475,0.00693584
2005-09-30,-0.00325163,-0.00179042,0.00453412,0.01085654
2005-10-31,-0.00235207,-0.00017861,0.00727624,0.01357800
2005-11-30,-0.00229745,0.00228305,0.01039314,0.01630744
2005-12-31,-0.00307343,0.00114995,0.01035956,0.01553296
2006-01-31,-0.00283435,0.00549581,0.01371182,0.01865285
2006-02-28,-0.00132929,0.00839586,0.01550654,0.02018958
2006-03-31,-0.00059863,0.01022482,0.01788485,0.02257875
2006-04-30,-0.00077920,0.00891352,0.01748175,0.02273031
2006-05-31,-0.00035243,0.00833672,0.01715111,0.02278703
2006-06-30,0.00007045,0.00849006,0.01699711,0.02285730
2006-07-31,0.00006118,0.00812147,0.01643535,0.02227745
2006-08-31,0.00059571,0.00793548,0.01614555,0.02148700
2006-09-30,0.00156653,0.00941833,0.01691375,0.02176224
2006-10-31,0.00179009,0.01066456,0.01777366,0.02246757
2006-11-30,0.00558254,0.01459478,0.02067395,0.02446830
2006-12-31,0.00601896,0.01726190,0.02282690,0.02664224
2007-01-31,0.01271610,0.02153153,0.02665016,0.03008150
2007-02-28,0.01277711,0.02005142,0.02481432,0.02794483
2007-03-31,0.01332930,0.02119843,0.02571739,0.02870937
2007-04-30,0.01099019,0.01967586,0.02456353,0.02796644
2007-05-31,0.01192222,0.02152252,0.02689395,0.03050650
2007-06-30,0.01101002,0.02119028,0.02724514,0.03107933
2007-07-31,0.00941099,0.01904138,0.02490984,0.02846742
2007-08-31,0.00817911,0.01774242,0.02344954,0.02693425
2007-09-30,0.00973217,0.01878182,0.02425473,0.02793916
2007-10-31,0.01137366,0.01928158,0.02461452,0.02810546
2007-11-30,0.00974687,0.01585514,0.02080653,0.02376959
2007-12-31,0.01165142,0.01601203,0.02113471,0.02444649
2008-01-31,0.00746489,0.01190894,0.01696310,0.02049856
2008-02-29,0.00378786,0.00885724,0.01406608,0.01787232
2008-03-31,0.00542975,0.00893940,0.01489231,0.01825056
2008-04-30,0.01028973,0.01495095,0.02040562,0.02330682
2008-05-31,0.01226165,0.01860803,0.02392548,0.02675278
2008-06-30,0.01127752,0.01802653,0.02292688,0.02557631
2008-07-31,0.01110709,0.01772332,0.02200841,0.02514970
2008-08-31,0.01049787,0.01658059,0.02109698,0.02416771
2008-09-30,0.00830352,0.01424912,0.01963124,0.02372619
2008-10-31,0.00414494,0.01103058,0.01552539,0.02305092
2008-11-30,0.00424037,0.00773892,0.00817361,0.01541708
2008-12-31,0.00080896,0.00572960,0.00666759,0.01238411
2009-01-31,0.00502015,0.00921176,0.01138987,0.01577059
2009-02-28,0.00387226,0.00896356,0.01240506,0.01615962
2009-03-31,0.00241719,0.00700928,0.00943197,0.01323590
2009-04-30,0.00440827,0.00991092,0.01363876,0.01723457
2009-05-31,0.00494162,0.01038199,0.01537033,0.02072744
2009-06-30,0.00692504,0.01253108,0.01836104,0.02275615
2009-07-31,0.00743243,0.01241267,0.01768325,0.02260903
2009-08-31,0.00640600,0.01175757,0.01695220,0.02153789
2009-09-30,0.00592368,0.01110801,0.01588496,0.02077097
2009-10-31,0.00550285,0.01066158,0.01621446,0.02077832
2009-11-30,0.00335882,0.00819050,0.01306206,0.01772425
2009-12-31,0.00702186,0.01302308,0.01866006,0.02406359
2010-01-31,0.00475018,0.01062979,0.01592583,0.02121604
2010-02-28,0.00470903,0.01052477,0.01577080,0.02080053
2010-03-31,0.00621491,0.01249339,0.01846387,0.02318491
2010-04-30,0.00620595,0.01197608,0.01768973,0.02215603
2010-05-31,0.00476149,0.00972540,0.01535467,0.01905389
2010-06-30,0.00321972,0.00706121,0.01219940,0.01586183
2010-07-31,0.00272785,0.00572031,0.01006859,0.01409084
2010-08-31,0.00268832,0.00484043,0.00829355,0.01161900
2010-09-30,0.00175170,0.00419807,0.00757700,0.01088221
2010-10-31,0.00099903,0.00295129,0.00645228,0.00989921
2010-11-30,0.00196607,0.00479414,0.00859931,0.01260154
2010-12-31,0.00315340,0.00765990,0.01313482,0.01790959
2011-01-31,0.00305459,0.00763809,0.01257467,0.01780560
2011-02-28,0.00413597,0.00932153,0.01458618,0.01939873
2011-03-31,0.00574805,0.01100722,0.01620682,0.02069922
2011-04-30,0.00388486,0.00852834,0.01339195,0.01812723
2011-05-31,0.00267847,0.00626240,0.01072997,0.01531899
2011-06-30,0.00240303,0.00633237,0.01116676,0.01553351
2011-07-31,0.00146906,0.00370903,0.00749743,0.01147963
2011-08-31,0.00035410,0.00173098,0.00464515,0.00763993
2011-09-30,0.00072823,0.00257982,0.00504345,0.00759821
2011-10-31,0.00061036,0.00236922,0.00505512,0.00760929
2011-11-30,0.00072537,0.00232010,0.00491364,0.00682247
2011-12-31,0.00059360,0.00214719,0.00383691,0.00558324
2012-01-31,0.00075014,0.00174572,0.00349038,0.00506753
2012-02-29,0.00123248,0.00291102,0.00459354,0.00605623
2012-03-31,0.00186620,0.00397037,0.00611357,0.00804822
2012-04-30,0.00126480,0.00273678,0.00457870,0.00592357
2012-05-31,0.00122018,0.00237575,0.00362829,0.00398185
2012-06-30,0.00127647,0.00270539,0.00382658,0.00468879
2012-07-31,0.00057926,0.00134231,0.00225976,0.00310026
2012-08-31,0.00058905,0.00140305,0.00198841,0.00280988
2012-09-30,0.00076146,0.00172783,0.00255194,0.00327974
2012-10-31,0.00117159,0.00220082,0.00313275,0.00401175
2012-11-30,0.00074096,0.00165246,0.00151833,0.00193088
2012-12-31,0.00070092,0.00160180,0.00207613,0.00285068
2013-01-31,0.00149579,0.00288876,0.00418323,0.00532198
2013-02-28,0.00106757,0.00184932,0.00269811,0.00356086
2013-03-31,0.00118579,0.00192054,0.00285814,0.00343685
2013-04-30,0.00115199,0.00177227,0.00231819,0.00262300
2013-05-31,0.00191340,0.00350339,0.00467512,0.00545962
2013-06-30,0.00227378,0.00485375,0.00786995,0.00925620
2013-07-31,0.00168674,0.00398671,0.00708081,0.00892395
2013-08-31,0.00273090,0.00578765,0.00936611,0.01124320
2013-09-30,0.00192600,0.00431637,0.00723721,0.00854365
2013-10-31,0.00173908,0.00365038,0.00638719,0.00749146
2013-11-30,0.00120780,0.00230238,0.00518184,0.00653295
2013-12-31,0.00177069,0.00422521,0.00816130,0.00991207
2014-01-31,0.00202696,0.00452757,0.00731875,0.00802935
2014-02-28,0.00143239,0.00382489,0.00671032,0.00733141
2014-03-31,0.00227726,0.00574285,0.00864189,0.00916462
2014-04-30,0.00246439,0.00575545,0.00833792,0.00840610
2014-05-31,0.00189103,0.00454391,0.00649147,0.00647965
2014-06-30,0.00226764,0.00568248,0.00751944,0.00731063
2014-07-31,0.00275508,0.00665156,0.00907027,0.00810388
2014-08-31,0.00233731,0.00562449,0.00770686,0.00659224
2014-09-30,0.00325535,0.00695388,0.00880376,0.00744716
2014-10-31,0.00207190,0.00532611,0.00674740,0.00533262
2014-11-30,0.00035090,0.00302962,0.00401884,0.00275364
2014-12-31,0.00198481,0.00495963,0.00571045,0.00413796
2015-01-31,0.00111638,0.00264874,0.00172295,-0.00015429
2015-02-28,0.00199645,0.00443223,0.00383211,0.00242511
2015-03-31,0.00143711,0.00279651,0.00202187,0.00115260
2015-04-30,0.00193284,0.00296765,0.00197957,0.00146303
2015-05-31,0.00132114,0.00234867,0.00170718,0.00181241
2015-06-30,0.00218655,0.00320143,0.00277145,0.00384431
2015-07-31,0.00189043,0.00255552,0.00162083,0.00215244
2015-08-31,0.00199570,0.00305278,0.00189018,0.00257396
2015-09-30,0.00106954,0.00113053,-0.00057033,0.00021212
2015-10-31,0.00167562,0.00150185,0.00021669,0.00174345
2015-11-30,0.00139788,0.00143005,0.00015542,0.00175151
2015-12-31,0.00276724,0.00214554,0.00121806,0.00274041
2016-01-31,0.00120007,-0.00083665,-0.00228517,-0.00085468
2016-02-29,0.00017394,-0.00280071,-0.00383655,-0.00167914
2016-03-31,-0.00064730,-0.00356275,-0.00432915,-0.00017806
2016-04-30,-0.00038017,-0.00349359,-0.00390294,0.00039379
2016-05-31,-0.00062115,-0.00345399,-0.00320565,0.00088575
2016-06-30,-0.00294269,-0.00660327,-0.00610911,-0.00226173
2016-07-31,-0.00267677,-0.00658471,-0.00637938,-0.00243042
2016-08-31,-0.00137882,-0.00509812,-0.00404937,-0.00035277
2016-09-30,-0.00219590,-0.00634456,-0.00525040,-0.00127116
2016-10-31,-0.00225570,-0.00609456,-0.00379829,0.00037448
2016-11-30,-0.00145099,-0.00325960,0.00026402,0.00493831
2016-12-31,-0.00113302,-0.00283233,0.00061542,0.00563201
2017-01-31,-0.00132633,-0.00254637,0.00088144,0.00572197
2017-02-28,-0.00208676,-0.00282994,0.00173385,0.00634293
2017-03-31,-0.00288532,-0.00305327,0.00370126,0.00787250
2017-04-30,-0.00396319,-0.00435071,0.00229126,0.00638506
2017-05-31,-0.00442918,-0.00432252,0.00174840,0.00575966
2017-06-30,-0.00414233,-0.00283983,0.00322653,0.00730278
2017-07-31,-0.00487387,-0.00387185,0.00246514,0.00655427
2017-08-31,-0.00517896,-0.00389155,0.00192987,0.00566222
2017-09-30,-0.00490696,-0.00273629,0.00345502,0.00746529
2017-10-31,-0.00474650,-0.00147440,0.00437404,0.00823866
2017-11-30,-0.00374874,-0.00062761,0.00527710,0.00875093
2017-12-31,-0.00303446,-0.00004937,0.00594426,0.00905681
2018-01-31,-0.00071179,0.00339093,0.00926791,0.01150124
2018-02-28,-0.00034259,0.00539165,0.01124023,0.01282869
2018-03-31,0.00038884,0.00829089,0.01290446,0.01257784
2018-04-30,0.00174731,0.01030356,0.01497740,0.01377933
2018-05-31,0.00179692,0.00985045,0.01440393,0.01299382
2018-06-30,0.00372513,0.01113046,0.01533560,0.01226908
2018-07-31,0.00412095,0.01197471,0.01605556,0.01293134
2018-08-31,0.00469918,0.01193856,0.01573809,0.01123848
2018-09-30,0.00582899,0.01330857,0.01730390,0.01173092
2018-10-31,0.00733918,0.01441739,0.01791682,0.01117082
2018-11-30,0.00619525,0.01291302,0.01615886,0.00938789
2018-12-31,0.00365686,0.01001640,0.01289908,0.00636283
2019-01-31,0.00449834,0.01047774,0.01192251,0.00526499
2019-02-28,0.00720228,0.01258446,0.01318740,0.00569114
2019-03-31,0.00964247,0.01309133,0.01124181,0.00448284
2019-04-30,0.00984465,0.01351076,0.01059007,0.00389368
2019-05-31,0.00722632,0.01046000,0.00739072,-0.00024790
2019-06-30,0.00682254,0.00966019,0.00462590,-0.00297439
2019-07-31,0.00778284,0.01065195,0.00533252,-0.00245187
2019-08-31,0.00538936,0.00745771,0.00043990,-0.00737126
2019-09-30,0.00665478,0.00883085,0.00037424,-0.00716697
2019-10-31,0.00712143,0.00904272,-0.00083082,-0.00802322
2019-11-30,0.00766700,0.00951966,-0.00018122,-0.00658822
2019-12-31,0.00732996,0.00911750,0.00000114,-0.00560719
2020-01-31,0.00550443,0.00514023,-0.00425523,-0.00979631
2020-02-29,0.00374007,0.00206139,-0.00832987,-0.01439032
2020-03-31,0.00132280,-0.00335700,-0.01250699,-0.01846097
2020-04-30,0.00092420,-0.00519832,-0.01417282,-0.02028759
2020-05-31,0.00045097,-0.00573798,-0.01581752,-0.02151186
2020-06-30,0.00025520,-0.00856911,-0.01864766,-0.02351383
2020-07-31,0.00016006,-0.00905439,-0.01886510,-0.02342951
2020-08-31,0.00019995,-0.01057155,-0.01990878,-0.02338363
2020-09-30,0.00021439,-0.01248767,-0.02159745,-0.02383676
2020-10-31,0.00017206,-0.01417756,-0.02219561,-0.02443091
2020-11-30,-0.00034152,-0.01457763,-0.02174523,-0.02410409
2020-12-31,-0.00119680,-0.01522091,-0.02141524,-0.02355941
2021-01-31,-0.00320279,-0.01628485,-0.02200022,
2021-02-28,-0.00394272,-0.01712724,-0.02201199,
2021-03-31,-0.00715434,-0.01713599,-0.02095714,
2021-04-30,-0.00919077,-0.01923197,-0.02357573,
2021-05-31,-0.00937607,-0.02075801,-0.02474605,
2021-06-30,-0.01213764,-0.02248920,-0.02574613,
2021-07-31,-0.01304632,-0.02362846,-0.02620056,
2021-08-31,-0.01533540,-0.02480406,-0.02607776,
2021-09-30,-0.01779880,-0.02618810,-0.02525549,
2021-10-31,-0.01855065,-0.02553252,-0.02491917,
2021-11-30,-0.01834987,-0.02387980,-0.02390442,
2021-12-31,-0.01737294,-0.02206544,-0.02236617,
2022-01-31,-0.01502894,-0.01921304,,
2022-02-28,-0.01534103,-0.01980057,,
2022-03-31,-0.00767554,-0.01169865,,
2022-04-30,-0.00700898,-0.01082252,,
2022-05-31,-0.01054354,-0.01345580,,
2022-06-30,-0.01123706,-0.01369940,,
2022-07-31,-0.01213875,-0.01449782,,
2022-08-31,-0.00909222,-0.00847294,,
2022-09-30,-0.00479418,-0.00229451,,
2022-10-31,-0.00550947,-0.00347371,,
2022-11-30,-0.00551610,-0.00616438,,
2022-12-31,-0.00298097,-0.00339501,,
2023-01-31,-0.00489646,,,
2023-02-28,-0.00250604,,,
2023-03-31,-0.00755510,,,
2023-04-30,-0.00953575,,,
2023-05-31,-0.00738465,,,
2023-06-30,-0.00349561,,,
2023-07-31,-0.00150479,,,
2023-08-31,-0.00027514,,,
2023-09-30,0.00294773,,,
2023-10-31,0.00222240,,,
2023-11-30,0.00017749,,,
2023-12-31,-0.00213795,,,
2024-01-31,,,,
2024-02-29,,,,
2024-03-31,,,,
2024-04-30,,,,
2024-05-31,,,,
2024-06-30,,,,
2024-07-31,,,,
2024-08-31,,,,
2024-09-30,,,,
2024-10-31,,,,
2024-11-30,,,,
2024-12-31,,,,
