date,xr_avg_t+1,cp
1952-06-30,-0.00944624,-0.01133165
1952-07-31,-0.00527544,-0.01279886
1952-08-31,-0.00430516,-0.01266821
1952-09-30,0.00115829,-0.01477908
1952-10-31,0.00703350,-0.00821778
1952-11-30,0.00708364,-0.01151041
1952-12-31,0.00892358,-0.01252610
1953-01-31,0.01677042,-0.01066751
1953-02-28,0.02059943,-0.01134364
1953-03-31,0.02672125,-0.00580467
1953-04-30,0.02893675,-0.01301262
1953-05-31,0.03233477,-0.01545957
1953-06-30,0.03123005,-0.01471633
1953-07-31,0.03122076,-0.01083749
1953-08-31,0.03098957,-0.00911201
1953-09-30,0.02396968,-0.00926400
1953-10-31,0.01639530,-0.00546131
1953-11-30,0.01803221,-0.00893924
1953-12-31,0.01190529,-0.00916425
1954-01-31,0.00435151,-0.00996879
1954-02-28,-0.00591886,-0.00362488
1954-03-31,-0.00822473,-0.00157557
1954-04-30,-0.01136333,0.00425037
1954-05-31,-0.00702539,0.01721146
1954-06-30,-0.01209083,0.01211189
1954-07-31,-0.01414768,0.01027425
1954-08-31,-0.01872270,0.00740019
1954-09-30,-0.01390524,0.00239136
1954-10-31,-0.01091428,0.00579557
1954-11-30,-0.01358950,0.00874964
1954-12-31,-0.01267390,0.00911035
1955-01-31,-0.00548064,0.00576984
1955-02-28,-0.00316653,0.00748626
1955-03-31,-0.00420582,0.00181660
1955-04-30,-0.01157046,-0.00148533
1955-05-31,-0.00875496,-0.00085369
1955-06-30,-0.00297978,0.00098420
1955-07-31,-0.00567681,-0.00300285
1955-08-31,-0.00945907,-0.00459640
1955-09-30,-0.01341682,-0.00041852
1955-10-31,-0.01523313,-0.00073111
1955-11-30,-0.01983866,-0.00931570
1955-12-31,-0.01877124,-0.01275338
1956-01-31,-0.01334726,-0.00498980
1956-02-29,-0.01672061,-0.00527158
1956-03-31,-0.00971273,-0.01084531
1956-04-30,-0.00916445,-0.01534780
1956-05-31,-0.01595586,-0.00775603
1956-06-30,-0.01893308,-0.00480203
1956-07-31,-0.01515732,-0.00488048
1956-08-31,-0.00878162,-0.00002031
1956-09-30,-0.01007583,0.00021608
1956-10-31,-0.01344380,-0.00249158
1956-11-30,0.00980772,-0.00914354
1956-12-31,0.02235937,-0.00893385
1957-01-31,0.02188645,-0.00726035
1957-02-28,0.02976427,-0.00492971
1957-03-31,0.02881035,-0.00178636
1957-04-30,0.03743796,-0.00021172
1957-05-31,0.04552419,-0.00049293
1957-06-30,0.04364050,0.00257694
1957-07-31,0.03707744,-0.00082616
1957-08-31,0.00716346,0.00129937
1957-09-30,0.01081583,-0.00777392
1957-10-31,0.01278112,0.00593957
1957-11-30,-0.00665658,-0.00341051
1957-12-31,-0.01723024,0.00103544
1958-01-31,-0.02038403,0.00868129
1958-02-28,-0.02383095,0.00987046
1958-03-31,-0.02693912,0.00582083
1958-04-30,-0.03516185,0.00560770
1958-05-31,-0.04017600,0.00229815
1958-06-30,-0.03575756,0.01999879
1958-07-31,-0.03133794,0.02082160
1958-08-31,-0.01720914,0.00988447
1958-09-30,-0.02155030,0.00642296
1958-10-31,-0.01493984,0.00484627
1958-11-30,-0.02982191,0.01103522
1958-12-31,-0.02423559,0.01281670
1959-01-31,-0.01288073,0.01451638
1959-02-28,-0.01922089,0.00664555
1959-03-31,0.00256679,-0.00088750
1959-04-30,-0.00275063,0.00212229
1959-05-31,0.00199664,0.00193510
1959-06-30,0.01745098,0.00215983
1959-07-31,0.02805318,0.00147004
1959-08-31,0.03365572,0.00262313
1959-09-30,0.03449011,-0.00146383
1959-10-31,0.02602253,0.01210346
1959-11-30,0.02803313,0.00607084
1959-12-31,0.04333209,-0.00242766
1960-01-31,0.03179177,-0.00229179
1960-02-29,0.03130679,0.00192022
1960-03-31,0.02275146,0.00282557
1960-04-30,0.02793703,0.00929809
1960-05-31,0.02698702,-0.00048465
1960-06-30,0.01716366,0.00717885
1960-07-31,0.00159653,0.01187932
1960-08-31,0.00039689,0.01250448
1960-09-30,0.00320385,0.02254414
1960-10-31,0.00864085,0.01576272
1960-11-30,0.00990522,0.02059563
1960-12-31,-0.00237897,0.01066440
1961-01-31,0.00141876,0.01089480
1961-02-28,0.00273195,0.00584025
1961-03-31,0.00195154,0.00134301
1961-04-30,-0.00119822,-0.00907835
1961-05-31,0.00563916,-0.01082753
1961-06-30,0.00726174,0.00770131
1961-07-31,0.00713416,0.00956623
1961-08-31,0.01318075,0.01620784
1961-09-30,0.01136103,0.01175243
1961-10-31,0.01180970,0.00172094
1961-11-30,0.01317533,-0.00336700
1961-12-31,0.01554558,0.00378438
1962-01-31,0.01760586,0.00593368
1962-02-28,0.00945092,0.00327452
1962-03-31,0.00621335,0.00636970
1962-04-30,0.00527162,0.00587909
1962-05-31,0.00337047,0.00615826
1962-06-30,0.00598068,0.00344328
1962-07-31,0.00130328,0.00049918
1962-08-31,-0.00380272,0.00301872
1962-09-30,-0.00255494,0.00247823
1962-10-31,-0.00488221,0.00002443
1962-11-30,-0.00515692,0.00070327
1962-12-31,-0.00895260,-0.00005269
1963-01-31,-0.00743393,0.00307852
1963-02-28,-0.00775758,0.00324961
1963-03-31,-0.00890174,0.00806767
1963-04-30,-0.00607242,0.00601292
1963-05-31,-0.00386233,0.00682567
1963-06-30,-0.00128654,0.00806779
1963-07-31,0.00028490,0.00146532
1963-08-31,-0.00151350,0.00061975
1963-09-30,-0.00163729,0.00011044
1963-10-31,0.00039973,0.00099832
1963-11-30,-0.00421343,-0.00202776
1963-12-31,0.00116983,-0.00037988
1964-01-31,0.00116766,-0.00331058
1964-02-29,0.00031876,-0.00375820
1964-03-31,0.00372436,0.00075555
1964-04-30,0.00322255,0.00042656
1964-05-31,0.00016346,0.00043951
1964-06-30,-0.00006395,0.00128534
1964-07-31,-0.00192981,0.00313615
1964-08-31,-0.00347053,0.00195188
1964-09-30,-0.00706630,0.00072821
1964-10-31,-0.00729422,-0.00100542
1964-11-30,-0.00908152,-0.00403419
1964-12-31,-0.02086159,-0.00501744
1965-01-31,-0.02210678,-0.00638839
1965-02-28,-0.02328954,-0.00916148
1965-03-31,-0.01828372,-0.00823558
1965-04-30,-0.01951551,-0.00744123
1965-05-31,-0.02275594,-0.00756208
1965-06-30,-0.02526094,-0.00399751
1965-07-31,-0.02634018,-0.00093949
1965-08-31,-0.03991058,-0.00216853
1965-09-30,-0.02863002,-0.00351966
1965-10-31,-0.02359360,-0.00105010
1965-11-30,-0.02299900,0.00034104
1965-12-31,-0.00011073,0.00108291
1966-01-31,0.00625932,0.00081260
1966-02-28,0.00587576,0.00102057
1966-03-31,0.01024996,-0.00129898
1966-04-30,0.00709308,-0.00270666
1966-05-31,0.01070334,-0.00041798
1966-06-30,-0.00040953,0.00099679
1966-07-31,0.00530355,-0.00009281
1966-08-31,0.01028251,0.00330707
1966-09-30,-0.00659218,-0.00475117
1966-10-31,-0.01289315,-0.00493649
1966-11-30,-0.00899260,-0.00112522
1966-12-31,-0.02548350,-0.00605151
1967-01-31,-0.02035887,0.00182369
1967-02-28,-0.01880457,-0.00014432
1967-03-31,-0.03110553,0.00171219
1967-04-30,-0.02495814,0.00707001
1967-05-31,-0.02396406,0.00567486
1967-06-30,-0.00962423,0.00315868
1967-07-31,-0.00620875,-0.00189243
1967-08-31,0.00031944,-0.00213031
1967-09-30,-0.00034110,0.00160148
1967-10-31,0.00536014,-0.00260233
1967-11-30,0.00083405,-0.00449874
1967-12-31,-0.01608859,-0.00076159
1968-01-31,-0.01410995,0.00207771
1968-02-29,-0.02053258,0.00348684
1968-03-31,-0.01300674,0.00773047
1968-04-30,-0.00800383,0.00824117
1968-05-31,-0.01954241,0.00218479
1968-06-30,-0.03882697,0.00004030
1968-07-31,-0.04776948,-0.00696863
1968-08-31,-0.05036565,-0.00553575
1968-09-30,-0.06299775,-0.00921312
1968-10-31,-0.04843832,-0.01245371
1968-11-30,-0.05244741,-0.01120748
1968-12-31,-0.04664909,-0.00182984
1969-01-31,-0.04918036,-0.01514136
1969-02-28,-0.02224400,-0.00969038
1969-03-31,-0.02160285,-0.00392866
1969-04-30,-0.03861653,-0.01098779
1969-05-31,-0.02739871,-0.00630482
1969-06-30,-0.01907783,-0.00936492
1969-07-31,-0.01232071,-0.01033722
1969-08-31,-0.00792208,-0.00745528
1969-09-30,0.02400127,0.00420928
1969-10-31,0.00990776,0.00428472
1969-11-30,0.03990366,0.00104264
1969-12-31,0.05846315,0.01234819
1970-01-31,0.06821927,0.00748856
1970-02-28,0.05741766,0.00823123
1970-03-31,0.06354555,0.01433873
1970-04-30,0.05402337,0.01280669
1970-05-31,0.04836014,0.00601705
1970-06-30,0.02801068,0.01220261
1970-07-31,0.02250118,0.01739136
1970-08-31,0.04134503,0.01733700
1970-09-30,0.03356739,0.01249593
1970-10-31,0.04186298,0.01273858
1970-11-30,0.01717798,0.01446700
1970-12-31,0.02734889,0.01223912
1971-01-31,0.01616135,0.02893530
1971-02-28,0.00911036,0.02453387
1971-03-31,-0.01385188,0.01715764
1971-04-30,0.02023112,0.01680213
1971-05-31,0.02438563,0.00673993
1971-06-30,0.02835267,0.00777152
1971-07-31,0.03353144,0.01606736
1971-08-31,0.00326266,0.00607134
1971-09-30,0.00120364,0.00697228
1971-10-31,-0.00467959,0.01074325
1971-11-30,-0.00128267,0.00961031
1971-12-31,-0.00814423,0.00908435
1972-01-31,-0.00768626,0.01781060
1972-02-29,-0.01749174,0.01689494
1972-03-31,-0.01179741,0.01129939
1972-04-30,-0.01350773,0.01533976
1972-05-31,-0.01908848,0.01574053
1972-06-30,-0.02127720,0.01215611
1972-07-31,-0.04364123,0.01909814
1972-08-31,-0.02825709,0.01663174
1972-09-30,-0.01563131,0.00642385
1972-10-31,-0.01226549,0.01148854
1972-11-30,-0.01365730,0.01336268
1972-12-31,-0.00995210,0.00496114
1973-01-31,-0.00866085,0.00785267
1973-02-28,-0.00315338,0.00519589
1973-03-31,-0.02442349,-0.00487451
1973-04-30,-0.03673605,-0.00252957
1973-05-31,-0.03496502,-0.00707660
1973-06-30,-0.04107328,-0.01093467
1973-07-31,-0.02167852,0.00018169
1973-08-31,-0.04211989,-0.01582550
1973-09-30,-0.03906955,-0.01290539
1973-10-31,-0.02927752,-0.00169896
1973-11-30,-0.02379580,-0.00688688
1973-12-31,-0.01496823,-0.00296395
1974-01-31,-0.00320387,0.00253999
1974-02-28,0.00615284,0.00018868
1974-03-31,0.00795262,-0.00353587
1974-04-30,0.00361203,-0.00199542
1974-05-31,0.01582719,0.00314423
1974-06-30,0.01801851,0.00434718
1974-07-31,0.01130155,0.00532392
1974-08-31,0.00384913,-0.01301451
1974-09-30,-0.00461102,0.00184899
1974-10-31,0.01744268,0.00594285
1974-11-30,0.00107869,0.00249443
1974-12-31,0.00883786,0.00483065
1975-01-31,0.01393843,0.01499973
1975-02-28,0.00084671,0.00820064
1975-03-31,0.01439952,0.01970172
1975-04-30,0.03293452,0.02254050
1975-05-31,0.00856257,0.02037310
1975-06-30,0.01300810,0.00444475
1975-07-31,0.02591067,0.00887436
1975-08-31,0.03279011,0.01045518
1975-09-30,0.04358598,0.01947878
1975-10-31,0.03625526,0.01413781
1975-11-30,0.05315386,0.00635851
1975-12-31,0.04683388,0.01654944
1976-01-31,0.02980427,0.02823951
1976-02-29,0.02841593,0.01918065
1976-03-31,0.02866205,0.02031194
1976-04-30,0.02576655,0.01372038
1976-05-31,0.03461740,0.01467857
1976-06-30,0.03415293,0.01820792
1976-07-31,0.02197737,0.02002578
1976-08-31,0.01711854,0.01879116
1976-09-30,0.00802705,0.01373948
1976-10-31,-0.00606177,0.01493288
1976-11-30,-0.02044913,0.01456080
1976-12-31,-0.02261050,0.00969525
1977-01-31,-0.00978079,0.02281951
1977-02-28,-0.01039648,0.02601139
1977-03-31,-0.01332719,0.02405427
1977-04-30,-0.01610377,0.02494471
1977-05-31,-0.02428124,0.01903249
1977-06-30,-0.03708021,0.01560217
1977-07-31,-0.02956788,0.01369506
1977-08-31,-0.02980199,0.01025080
1977-09-30,-0.02986140,0.00691967
1977-10-31,-0.04076742,0.00883215
1977-11-30,-0.03839075,0.00756370
1977-12-31,-0.04381031,0.00944439
1978-01-31,-0.03098945,0.01051939
1978-02-28,-0.03238810,0.01128239
1978-03-31,-0.02784392,0.01219133
1978-04-30,-0.02988080,0.01024983
1978-05-31,-0.01935414,0.00576946
1978-06-30,-0.00558308,0.00586429
1978-07-31,-0.01277352,0.00350460
1978-08-31,-0.02612110,0.00220459
1978-09-30,-0.03128295,-0.00012275
1978-10-31,-0.05770441,0.00382792
1978-11-30,-0.04507006,-0.01101921
1978-12-31,-0.03686431,-0.01126911
1979-01-31,-0.05632600,-0.01573549
1979-02-28,-0.09952199,-0.01082483
1979-03-31,-0.09678497,-0.00746264
1979-04-30,-0.02877844,-0.00804443
1979-05-31,-0.01198724,-0.00582494
1979-06-30,-0.01690352,0.00122313
1979-07-31,-0.02611151,-0.00349946
1979-08-31,-0.05605762,-0.00734575
1979-09-30,-0.06406263,-0.01267978
1979-10-31,-0.04471574,-0.01480373
1979-11-30,-0.07095131,-0.02043294
1979-12-31,-0.05178779,-0.01054398
1980-01-31,-0.04423421,-0.00747295
1980-02-29,-0.02426353,-0.01026109
1980-03-31,-0.01956903,-0.03979123
1980-04-30,-0.08686251,-0.00777882
1980-05-31,-0.09023076,0.01690761
1980-06-30,-0.09491521,0.01713013
1980-07-31,-0.09838637,0.01130342
1980-08-31,-0.08916176,0.00981239
1980-09-30,-0.09125736,0.01110942
1980-10-31,-0.04635303,-0.00770386
1980-11-30,0.00066727,-0.01177214
1980-12-31,-0.03817752,0.00129692
1981-01-31,-0.04157235,-0.00426670
1981-02-28,-0.01996679,0.00563989
1981-03-31,-0.02348299,0.01519030
1981-04-30,0.00536357,0.00912443
1981-05-31,-0.00233138,0.00510062
1981-06-30,-0.01237677,0.02614839
1981-07-31,0.02519809,0.00136048
1981-08-31,0.06040550,-0.00248231
1981-09-30,0.09758914,0.04570777
1981-10-31,0.09235971,0.02875153
1981-11-30,0.05606684,0.03327657
1981-12-31,0.08849346,0.02958450
1982-01-31,0.08836657,0.02773949
1982-02-28,0.08884432,0.01555841
1982-03-31,0.08879201,0.02759504
1982-04-30,0.08528743,0.01365810
1982-05-31,0.07254205,0.01845143
1982-06-30,0.08628604,0.00449539
1982-07-31,0.05044493,0.00764463
1982-08-31,0.03376715,0.04046500
1982-09-30,0.02469070,0.01456857
1982-10-31,0.00032460,0.01827193
1982-11-30,0.00233038,0.04275439
1982-12-31,-0.00378324,0.03698883
1983-01-31,0.00125990,0.01965265
1983-02-28,-0.01513370,0.03394930
1983-03-31,-0.02398010,0.01011582
1983-04-30,-0.03542250,0.02026901
1983-05-31,-0.04812708,0.02468021
1983-06-30,-0.04740402,0.01827814
1983-07-31,-0.01319059,0.03309942
1983-08-31,-0.00835639,0.02991377
1983-09-30,-0.01170027,0.01740860
1983-10-31,0.01216409,0.03382279
1983-11-30,0.01909111,0.03596417
1983-12-31,0.02984596,0.03133487
1984-01-31,0.02974856,0.02928143
1984-02-29,0.02189251,0.03072873
1984-03-31,0.03595706,0.03123218
1984-04-30,0.05253302,0.02743879
1984-05-31,0.09876765,0.02766506
1984-06-30,0.10258095,0.02984064
1984-07-31,0.07470822,0.02047561
1984-08-31,0.07605713,0.02152893
1984-09-30,0.07377156,0.02707824
1984-10-31,0.06117422,0.02568370
1984-11-30,0.06264471,0.03670056
1984-12-31,0.07017261,0.03261764
1985-01-31,0.06338320,0.04034101
1985-02-28,0.08867097,0.04071166
1985-03-31,0.09922906,0.04280661
1985-04-30,0.09368993,0.04310690
1985-05-31,0.05502274,0.04137600
1985-06-30,0.06963258,0.04302771
1985-07-31,0.07875634,0.04935692
1985-08-31,0.08830970,0.04090582
1985-09-30,0.07681703,0.03803690
1985-10-31,0.07580874,0.03122940
1985-11-30,0.06941021,0.02758504
1985-12-31,0.05210790,0.02114665
1986-01-31,0.05298673,0.02158359
1986-02-28,0.03723842,0.01213885
1986-03-31,0.01675041,0.01460274
1986-04-30,-0.00036899,0.01727397
1986-05-31,0.01149377,0.02866643
1986-06-30,0.00197349,0.02464838
1986-07-31,-0.00561008,0.01922893
1986-08-31,-0.02805359,0.02037930
1986-09-30,-0.02929189,0.02697774
1986-10-31,-0.01774609,0.01812806
1986-11-30,-0.02411651,0.01714499
1986-12-31,-0.02247875,0.00713022
1987-01-31,-0.01155705,0.01558230
1987-02-28,-0.00860219,0.01273766
1987-03-31,-0.00980619,0.01115715
1987-04-30,0.00370632,0.02004687
1987-05-31,0.00085338,0.01762535
1987-06-30,0.00367153,0.01776391
1987-07-31,-0.00058218,0.01926474
1987-08-31,0.00089976,0.01957823
1987-09-30,0.02286428,0.02531842
1987-10-31,0.01516498,0.03086334
1987-11-30,0.00064178,0.02664569
1987-12-31,-0.01316524,0.01755370
1988-01-31,-0.02441914,0.01740436
1988-02-29,-0.03710223,0.01511092
1988-03-31,-0.03118248,0.01785659
1988-04-30,-0.01340726,0.02065282
1988-05-31,0.00329378,0.01940376
1988-06-30,0.01155278,0.01384887
1988-07-31,0.02918953,0.01349553
1988-08-31,0.01619947,0.01349749
1988-09-30,0.00703249,0.00936714
1988-10-31,0.01189303,0.00841862
1988-11-30,0.02647628,0.01006544
1988-12-31,0.02874011,0.00789688
1989-01-31,0.01592241,0.00695840
1989-02-28,0.02074609,0.00796749
1989-03-31,0.01772514,0.00209125
1989-04-30,0.00267833,0.00462835
1989-05-31,0.00325632,0.00498287
1989-06-30,-0.00726495,-0.00103170
1989-07-31,-0.01140423,0.00322329
1989-08-31,0.00192203,0.00436091
1989-09-30,0.00445878,0.00423565
1989-10-31,-0.00139958,0.00625546
1989-11-30,0.00183973,0.00593887
1989-12-31,0.01150034,0.00572505
1990-01-31,0.02507612,0.00764498
1990-02-28,0.02975050,0.00963963
1990-03-31,0.03269584,0.00860474
1990-04-30,0.04507000,0.01253462
1990-05-31,0.03419025,0.01059136
1990-06-30,0.02397275,0.00959775
1990-07-31,0.02196506,0.00915699
1990-08-31,0.04335093,0.01695449
1990-09-30,0.04984952,0.01595946
1990-10-31,0.04910574,0.01508317
1990-11-30,0.04706167,0.01349949
1990-12-31,0.05687779,0.01224480
1991-01-31,0.04601097,0.01906506
1991-02-28,0.04480554,0.02009826
1991-03-31,0.04105188,0.02094367
1991-04-30,0.04074805,0.02608929
1991-05-31,0.04754856,0.02436901
1991-06-30,0.06186830,0.02807967
1991-07-31,0.06846152,0.02776255
1991-08-31,0.06515581,0.02697404
1991-09-30,0.06340092,0.02693884
1991-10-31,0.04274253,0.02797239
1991-11-30,0.03249897,0.03082251
1991-12-31,0.02390348,0.03395836
1992-01-31,0.04731986,0.03792914
1992-02-29,0.05906285,0.03513663
1992-03-31,0.06749732,0.04017083
1992-04-30,0.06942555,0.03837909
1992-05-31,0.05470652,0.03308414
1992-06-30,0.05134272,0.03476625
1992-07-31,0.03883225,0.03508826
1992-08-31,0.03951283,0.03507601
1992-09-30,0.03156291,0.03133485
1992-10-31,0.04725338,0.03439848
1992-11-30,0.04750663,0.03691673
1992-12-31,0.04243271,0.03281122
1993-01-31,0.03414635,0.02540416
1993-02-28,0.01051844,0.02590021
1993-03-31,-0.00400917,0.02736096
1993-04-30,-0.01840352,0.02640215
1993-05-31,-0.01697675,0.02199478
1993-06-30,-0.02896205,0.01745691
1993-07-31,-0.02019613,0.01584381
1993-08-31,-0.03345332,0.01350280
1993-09-30,-0.04370802,0.01678983
1993-10-31,-0.04747445,0.01579898
1993-11-30,-0.05067285,0.01906550
1993-12-31,-0.05361463,0.01966558
1994-01-31,-0.04942678,0.01578149
1994-02-28,-0.02408321,0.01912154
1994-03-31,-0.00804979,0.02437180
1994-04-30,0.00573074,0.02450987
1994-05-31,0.02532538,0.02068048
1994-06-30,0.03100878,0.02233095
1994-07-31,0.02165180,0.01921758
1994-08-31,0.02552294,0.01686019
1994-09-30,0.03716290,0.01926847
1994-10-31,0.04671173,0.01936106
1994-11-30,0.05804215,0.01539364
1994-12-31,0.06245966,0.01216648
1995-01-31,0.06023196,0.01263460
1995-02-28,0.03746470,0.01012918
1995-03-31,0.02942652,0.01051099
1995-04-30,0.01834408,0.01071700
1995-05-31,-0.00688932,0.00502058
1995-06-30,-0.00481348,0.00708882
1995-07-31,-0.00216923,0.01048048
1995-08-31,-0.00843588,0.00750245
1995-09-30,-0.00496032,0.00666586
1995-10-31,-0.00151024,0.00582008
1995-11-30,-0.00405020,0.00408796
1995-12-31,-0.01472276,0.00454130
1996-01-31,-0.01839788,0.00506986
1996-02-29,-0.00849673,0.00808179
1996-03-31,-0.00746630,0.01111944
1996-04-30,0.00431080,0.01302146
1996-05-31,0.01224494,0.01389384
1996-06-30,0.01016568,0.01188099
1996-07-31,0.02061401,0.01064054
1996-08-31,0.01905376,0.01357764
1996-09-30,0.01692045,0.01200373
1996-10-31,0.01179020,0.00975015
1996-11-30,0.00157780,0.00522911
1996-12-31,0.01569464,0.00971588
1997-01-31,0.02357044,0.00780252
1997-02-28,0.02313542,0.00933277
1997-03-31,0.03080582,0.01249908
1997-04-30,0.02601409,0.01022513
1997-05-31,0.02448554,0.01061548
1997-06-30,0.02370901,0.01144086
1997-07-31,0.00988423,0.00380635
1997-08-31,0.03118214,0.00857502
1997-09-30,0.03896862,0.00731589
1997-10-31,0.03463776,0.00504521
1997-11-30,0.03127875,0.00584148
1997-12-31,0.02668939,0.00294859
1998-01-31,0.01920011,0.00373312
1998-02-28,0.00945091,0.00383035
1998-03-31,0.01471351,0.00444054
1998-04-30,0.01318523,0.00386901
1998-05-31,0.00255666,0.00479272
1998-06-30,-0.00142711,0.00362664
1998-07-31,-0.00446521,0.00163987
1998-08-31,-0.02294694,-0.00068645
1998-09-30,-0.03422712,-0.00627701
1998-10-31,-0.03525351,-0.00241885
1998-11-30,-0.03459440,0.00293284
1998-12-31,-0.03645576,0.00325737
1999-01-31,-0.04517329,0.00106833
1999-02-28,-0.02561744,0.00768888
1999-03-31,-0.02425165,0.00603025
1999-04-30,-0.02648808,0.00512815
1999-05-31,-0.01659345,0.00918287
1999-06-30,-0.00980565,0.00386360
1999-07-31,-0.00533559,0.00764633
1999-08-31,0.00041892,0.00886837
1999-09-30,0.00074421,0.00728653
1999-10-31,0.00611019,0.00893889
1999-11-30,0.01496187,0.00531911
1999-12-31,0.03199270,0.00513504
2000-01-31,0.04808802,0.00233078
2000-02-29,0.05037884,0.00286422
2000-03-31,0.04504146,-0.00260205
2000-04-30,0.04543000,0.00018078
2000-05-31,0.04858250,0.00295792
2000-06-30,0.03600147,-0.00118025
2000-07-31,0.04596583,-0.00102440
2000-08-31,0.04569459,-0.00378082
2000-09-30,0.05591004,-0.00444853
2000-10-31,0.06443182,-0.00376851
2000-11-30,0.04632515,-0.00344821
2000-12-31,0.02937043,-0.00395090
2001-01-31,0.02675206,0.00341040
2001-02-28,0.02749185,0.00360889
2001-03-31,0.01028599,0.00573168
2001-04-30,0.03090656,0.01309306
2001-05-31,0.03634403,0.01754393
2001-06-30,0.04424276,0.01738476
2001-07-31,0.04781340,0.01690361
2001-08-31,0.04895140,0.01586968
2001-09-30,0.05026984,0.01916381
2001-10-31,0.04001824,0.02063130
2001-11-30,0.04521511,0.02942054
2001-12-31,0.06825608,0.03396111
2002-01-31,0.06346289,0.02974974
2002-02-28,0.06482655,0.02773401
2002-03-31,0.08143946,0.02983766
2002-04-30,0.07066183,0.02989834
2002-05-31,0.07373273,0.02473977
2002-06-30,0.06654775,0.02592923
2002-07-31,0.03453458,0.02290259
2002-08-31,0.01962500,0.01691955
2002-09-30,0.01705632,0.01029622
2002-10-31,0.01297688,0.01418061
2002-11-30,0.02277122,0.02156410
2002-12-31,0.01208369,0.01495132
2003-01-31,0.01880171,0.01847759
2003-02-28,0.01421380,0.01333441
2003-03-31,0.01998080,0.01645337
2003-04-30,0.00115611,0.01678278
2003-05-31,-0.01883312,0.00608695
2003-06-30,-0.01539046,0.01053024
2003-07-31,0.00853221,0.02253286
2003-08-31,0.02247138,0.02456199
2003-09-30,0.00068351,0.01639271
2003-10-31,0.01448495,0.02026127
2003-11-30,0.00665458,0.01925662
2003-12-31,0.00302459,0.01960741
2004-01-31,-0.00234493,0.01887882
2004-02-29,-0.01640256,0.01715551
2004-03-31,-0.02525182,0.01450626
2004-04-30,0.00378679,0.02316314
2004-05-31,0.01158128,0.02358180
2004-06-30,0.00896158,0.01805643
2004-07-31,-0.00312785,0.01575552
2004-08-31,-0.00882736,0.01113673
2004-09-30,-0.01584540,0.00935303
2004-10-31,-0.02479905,0.00756559
2004-11-30,-0.01413832,0.00817529
2004-12-31,-0.01572849,0.00560086
2005-01-31,-0.01659585,0.00288963
2005-02-28,-0.01215621,0.00425774
2005-03-31,-0.01215927,0.00464037
2005-04-30,-0.02089903,0.00027551
2005-05-31,-0.02891160,-0.00196690
2005-06-30,-0.03233046,-0.00294646
2005-07-31,-0.01721076,0.00055459
2005-08-31,-0.02007378,-0.00421594
2005-09-30,-0.00962459,-0.00232396
2005-10-31,-0.00372837,-0.00117991
2005-11-30,-0.00307031,-0.00371689
2005-12-31,-0.00968129,-0.00446842
2006-01-31,-0.00942429,-0.00338820
2006-02-28,0.00013432,-0.00337375
2006-03-31,0.00519672,-0.00240928
2006-04-30,0.00737466,-0.00169667
2006-05-31,0.00271428,-0.00323544
2006-06-30,0.00332865,-0.00522612
2006-07-31,0.00650748,-0.00663405
2006-08-31,0.00840786,-0.00701044
2006-09-30,0.00875638,-0.00784230
2006-10-31,0.00998904,-0.00848417
2006-11-30,0.02742535,-0.01004723
2006-12-31,0.03311617,-0.00772155
2007-01-31,0.05713148,-0.00781814
2007-02-28,0.05856954,-0.00863607
2007-03-31,0.05985584,-0.00653414
2007-04-30,0.04300987,-0.00833188
2007-05-31,0.04311774,-0.00524528
2007-06-30,0.04540650,-0.00243504
2007-07-31,0.03862620,-0.00461144
2007-08-31,0.03573238,-0.00333366
2007-09-30,0.04366129,-0.00050865
2007-10-31,0.05402356,-0.00192777
2007-11-30,0.05118532,-0.00003973
2007-12-31,0.05815829,-0.00184573
2008-01-31,0.03444169,0.00262229
2008-02-29,0.02387947,0.00435631
2008-03-31,0.03122740,0.00848335
2008-04-30,0.04262114,0.01067077
2008-05-31,0.05182567,0.01323286
2008-06-30,0.04283404,0.01058175
2008-07-31,0.04158261,0.00811562
2008-08-31,0.04001762,0.00672154
2008-09-30,0.03694977,0.00921734
2008-10-31,0.02772238,-0.00038163
2008-11-30,0.01448499,-0.01914202
2008-12-31,-0.00508891,-0.00867461
2009-01-31,0.01424875,-0.00012169
2009-02-28,0.01524450,0.00614802
2009-03-31,0.00150104,0.00019521
2009-04-30,0.01504452,0.01125313
2009-05-31,0.02650747,0.01213013
2009-06-30,0.04056189,0.01994903
2009-07-31,0.04324751,0.01587224
2009-08-31,0.04262770,0.01667752
2009-09-30,0.04154012,0.01374521
2009-10-31,0.04376972,0.01721654
2009-11-30,0.02986171,0.01215730
2009-12-31,0.04156134,0.01816498
2010-01-31,0.03296277,0.01608114
2010-02-28,0.02837425,0.01623257
2010-03-31,0.03258624,0.02117010
2010-04-30,0.03573917,0.01971656
2010-05-31,0.03208082,0.01814193
2010-06-30,0.02181490,0.01228398
2010-07-31,0.02232257,0.00502364
2010-08-31,0.02167136,0.00150934
2010-09-30,0.01786172,0.00013260
2010-10-31,0.01440205,-0.00135317
2010-11-30,0.02191347,0.00178673
2010-12-31,0.03709933,0.01195590
2011-01-31,0.03691280,0.00859970
2011-02-28,0.04050068,0.01369829
2011-03-31,0.04318585,0.01597338
2011-04-30,0.03712599,0.01074754
2011-05-31,0.02989455,0.00550843
2011-06-30,0.03004058,0.00815864
2011-07-31,0.02180715,-0.00124093
2011-08-31,0.01233513,-0.00590557
2011-09-30,0.01261166,-0.00502604
2011-10-31,0.01127967,-0.00475752
2011-11-30,0.01241634,-0.00456582
2011-12-31,0.00909522,-0.00677393
2012-01-31,0.00441146,-0.00829692
2012-02-29,0.01034445,-0.00577849
2012-03-31,0.01519328,-0.00221058
2012-04-30,0.01044476,-0.00498366
2012-05-31,0.00273815,-0.00626630
2012-06-30,-0.00029230,-0.00554925
2012-07-31,-0.00348277,-0.00859518
2012-08-31,-0.00822472,-0.00972407
2012-09-30,-0.00310927,-0.00822582
2012-10-31,0.00038933,-0.00705534
2012-11-30,-0.00197078,-0.00880476
2012-12-31,-0.00502426,-0.00646252
2013-01-31,0.00202226,-0.00374458
2013-02-28,-0.00122522,-0.00596675
2013-03-31,-0.00490017,-0.00557023
2013-04-30,-0.00638456,-0.00743620
2013-05-31,0.00423897,-0.00138653
2013-06-30,0.01130228,0.00583236
2013-07-31,0.00663266,0.00481208
2013-08-31,0.01603240,0.01143451
2013-09-30,0.00647020,0.00668628
2013-10-31,0.00758091,0.00512190
2013-11-30,0.00921221,0.00497807
2013-12-31,0.01418306,0.01164116
2014-01-31,0.01749691,0.00865254
2014-02-28,0.01130494,0.00875438
2014-03-31,0.02070563,0.01372854
2014-04-30,0.01922261,0.01331025
2014-05-31,0.01481522,0.01066272
2014-06-30,0.01578762,0.01199296
2014-07-31,0.02108365,0.01769068
2014-08-31,0.01615656,0.01506653
2014-09-30,0.02414347,0.01712239
2014-10-31,0.01626282,0.01427742
2014-11-30,0.00798167,0.01111443
2014-12-31,0.01138419,0.01405333
2015-01-31,0.00638746,0.00560634
2015-02-28,0.01703602,0.01090073
2015-03-31,0.01360343,0.00705355
2015-04-30,0.01371373,0.00759123
2015-05-31,0.01250148,0.00790988
2015-06-30,0.02360410,0.00941110
2015-07-31,0.01982952,0.00752570
2015-08-31,0.01695744,0.00798397
2015-09-30,0.01218426,0.00476872
2015-10-31,0.01385725,0.00673675
2015-11-30,0.00702246,0.00499169
2015-12-31,0.00971169,0.00630407
2016-01-31,-0.00168948,0.00118668
2016-02-29,-0.00651705,-0.00072431
2016-03-31,-0.00751608,-0.00216970
2016-04-30,-0.00326761,-0.00014355
2016-05-31,-0.00129145,0.00028650
2016-06-30,-0.01438556,-0.00358336
2016-07-31,-0.01281864,-0.00414781
2016-08-31,-0.00542505,-0.00173075
2016-09-30,-0.01164505,-0.00316554
2016-10-31,-0.00992394,-0.00109016
2016-11-30,0.00033469,0.00807056
2016-12-31,0.00057466,0.00697386
2017-01-31,-0.00599425,0.00677235
2017-02-28,-0.00861600,0.00675765
2017-03-31,-0.00950778,0.00555316
2017-04-30,-0.01855077,0.00243546
2017-05-31,-0.01919874,-0.00046915
2017-06-30,-0.01739205,0.00014302
2017-07-31,-0.02177991,-0.00017772
2017-08-31,-0.02354211,-0.00276131
2017-09-30,-0.02191888,-0.00047376
2017-10-31,-0.02120614,-0.00183403
2017-11-30,-0.01507056,-0.00172085
2017-12-31,-0.00652880,-0.00218007
2018-01-31,0.00380178,0.00113107
2018-02-28,0.00492165,0.00171105
2018-03-31,0.00915781,-0.00130936
2018-04-30,0.01515741,0.00073462
2018-05-31,0.02008363,-0.00041241
2018-06-30,0.02560005,-0.00132118
2018-07-31,0.02604835,-0.00209194
2018-08-31,0.03236184,-0.00294088
2018-09-30,0.03453870,-0.00240083
2018-10-31,0.03685104,-0.00318656
2018-11-30,0.02988410,-0.00546046
2018-12-31,0.01968911,-0.00884043
2019-01-31,0.02625907,-0.00923580
2019-02-28,0.03825459,-0.00827443
2019-03-31,0.04584843,-0.01011462
2019-04-30,0.04812203,-0.00962836
2019-05-31,0.03843453,-0.01229108
2019-06-30,0.03651122,-0.01186610
2019-07-31,0.03972393,-0.01168731
2019-08-31,0.02725126,-0.01499360
2019-09-30,0.03222207,-0.01310588
2019-10-31,0.03222566,-0.01047803
2019-11-30,0.03540596,-0.00976001
2019-12-31,0.03692458,-0.00735600
2020-01-31,0.02592202,-0.01234252
2020-02-29,0.01392708,-0.01181194
2020-03-31,-0.00005323,-0.01007377
2020-04-30,-0.00037385,-0.00980025
2020-05-31,-0.00178276,-0.01162002
2020-06-30,-0.00565733,-0.01324532
2020-07-31,-0.00441769,-0.01191827
2020-08-31,-0.00461849,-0.01167378
2020-09-30,-0.00685600,-0.01188855
2020-10-31,-0.00993751,-0.01011414
2020-11-30,-0.01199012,-0.01014145
2020-12-31,-0.01527688,-0.01034104
2021-01-31,-0.02403089,-0.00968994
2021-02-28,-0.02232051,-0.00451042
2021-03-31,-0.03809238,-0.00107136
2021-04-30,-0.04945943,-0.00263503
2021-05-31,-0.04717934,-0.00351137
2021-06-30,-0.05168082,-0.00106889
2021-07-31,-0.05167398,-0.00242339
2021-08-31,-0.06578492,-0.00129025
2021-09-30,-0.07846845,0.00166716
2021-10-31,-0.07578470,0.00508948
2021-11-30,-0.06757886,0.00489924
2021-12-31,-0.06828646,0.00256255
2022-01-31,-0.05243602,0.00292642
2022-02-28,-0.06221349,0.00154511
2022-03-31,-0.02523441,0.00422641
2022-04-30,-0.01379763,0.00487636
2022-05-31,-0.02698589,0.00371919
2022-06-30,-0.03518398,-0.00340641
2022-07-31,-0.04540863,-0.01162613
2022-08-31,-0.02815631,-0.00368679
2022-09-30,-0.01509953,-0.00353924
2022-10-31,-0.01864441,-0.00733165
2022-11-30,-0.02113392,-0.01720938
2022-12-31,-0.00450024,-0.01486754
2023-01-31,-0.01513530,-0.02007118
2023-02-28,-0.00952373,-0.01796478
2023-03-31,-0.02626369,-0.01671342
2023-04-30,-0.04112079,-0.02139963
2023-05-31,-0.02977471,-0.02169970
2023-06-30,-0.01523429,-0.02079010
2023-07-31,-0.00323922,-0.02111613
2023-08-31,0.00475581,-0.01879170
2023-09-30,0.01915665,-0.01408038
2023-10-31,0.01287656,-0.00966649
2023-11-30,-0.00037626,-0.01467603
2023-12-31,-0.01588733,-0.01629995
